Workbook

Sheet FL5_MP POR_POR Link
O1: R
B2: Pjt | C2: Year | D2: 2022Y | I2: 2023
C3: Month | D3: Aug. | E3: Sep. | F3: Oct. | G3: Nov. | H3: Dec. | I3: Jan. | J3: Feb. | K3: Mar. | L3: Apr. | M3: May | N3: Jun. | P3: Jul. | Q3: Aug.
B4: =TK4_PVT_BM!E3 -> #REF! | C4: Plan (20221016 udpate) | D4: PROTO 1.0 | F4: PROTO 1.1 | H4: EVT1.0 | J4: EVT 1.1 | L4: DVT | N4: PVT | P4: MP (IOQ3)
D5: SMT Qty | E5: FATP Qty | F5: SMT Qty | G5: FATP Qty | H5: SMT Qty | I5: FATP Qty | J5: SMT Qty | K5: FATP Qty | L5: SMT Qty | M5: FATP Qty | N5: SMT Qty | O5: FATP Qty | P5: SMT Qty | Q5: FATP Qty
D6: 2,900 => 2,488 | E6: 2,150 => 1,292 | F6: 2,100 => 1,656 | G6: 1,600 => 1,173 | H6: 5650 => 4,828 | I6: 4850 => 3,700 | J6: 5300 => 4,830 | K6: 4600 => 4,000 | L6: 11500 => 8,416 | M6: 10784 => 7,275 | N6: 2100 | O6: 2000
D7: SMT | E7: Date | F7: SMT | G7: Date | H7: SMT | I7: Date | J7: SMT | K7: Date | L7: SMT | M7: Date | N7: SMT | O7: Date | P7: SMT | Q7: Date
D8: MIH | E8: =if(isblank(E9),"",_xlfn.WORKDAY.INTL(E9,-7,11)) -> 44778 | F8: MIH | G8: 44826 | H8: MIH | I8: =if(isblank(I9),"",_xlfn.WORKDAY.INTL(I9,-7,11)) -> 44912 | J8: MIH | K8: 44974 | L8: MIH | M8: 45016 | N8: MIH | O8: =if(isblank(O9),"",_xlfn.WORKDAY.INTL(O9,-7,11)) | P8: MIH | Q8: =if(isblank(Q9),"",_xlfn.WORKDAY.INTL(Q9,-7,11))
D9: FBU | E9: 44786 | F9: FBU | G9: 09/30 => 10/13 | H9: FBU | I9: 44921 | J9: FBU | K9: 44982 | L9: FBU | M9: 04/08 => 04/17 | N9: FBU | P9: FBU
D10: SOP | E10: 44797 | F10: SOP | G10: 10/12 => No | H10: SOP | I10: No | J10: SOP | K10: 03/01 => No | L10: SOP | M10: 04/19 => No | N10: SOP | P10: SOP
D11: MINI | E11: 44802 | F11: MINI | G11: 44851 | H11: MINI | I11: 44564 | J11: MINI | K11: 44991 | L11: MINI | M11: 04/24 => 05/02 | N11: MINI | O11: 44731 | P11: MINI | Q11: 44759
D12: MAIN | E12: 44809 | F12: MAIN | G12: 44858 | H12: MAIN | I12: 44935 | J12: MAIN | K12: 44993 | L12: MAIN | M12: 05/01 => 05/08 | N12: MAIN | P12: MAIN
D13: FATP | E13: Date | F13: FATP | G13: Date | H13: FATP | I13: Date | J13: FATP | K13: Date | L13: FATP | M13: Date | N13: FATP | O13: Date | P13: FATP | Q13: Date
D14: MIH | E14: =if(isblank(E15),"",_xlfn.WORKDAY.INTL(E15,-7,11)) -> 44779 | F14: MIH | G14: 44832 | H14: MIH | I14: =if(isblank(I15),"",_xlfn.WORKDAY.INTL(I15,-7,11)) -> 44908 | J14: MIH | K14: 44610 | L14: MIH | M14: 44658 | N14: MIH | O14: =if(isblank(O15),"",_xlfn.WORKDAY.INTL(O15,-7,11)) | P14: MIH | Q14: =if(isblank(Q15),"",_xlfn.WORKDAY.INTL(Q15,-7,11)) -> 44779
D15: FBU | E15: 44788 | F15: FBU | G15: 10/06 => 10/10 | H15: FBU | I15: 44916 | J15: FBU | K15: 44618 | L15: FBU | M15: 04/15 => 04/17 | N15: FBU | P15: FBU | Q15: 44788
D16: SOP | E16: 08/26 => no | F16: SOP | G16: 10/13 => no | H16: SOP | I16: No | J16: SOP | K16: 03/04 => No | L16: SOP | M16: 04/21 => No | N16: SOP | P16: SOP
D17: MINI | E17: 08/30 =>09/01 | F17: MINI | G17: 44851 | H17: MINI | I17: 44566 | J17: MINI | K17: 44628 | L17: MINI | M17: 04/25 => 05/02 | N17: MINI | P17: MINI
D18: MAIN | E18: 09/07 => 09/13 | F18: MAIN | G18: 10/26 => 10/21 | H18: MAIN | I18: 44937 | J18: MAIN | K18: 45000 | L18: MAIN | M18: 05/03 => 05/08 | N18: MAIN | P18: MAIN | Q18: 44804
D19: Distro (Pack) | E19: 44825 | F19: Distro (Pack) | G19: 44874 | H19: Distro (Pack) | I19: 44598 | J19: Distro (Pack) | K19: 44649 | L19: Distro (Pack) | M19: 44698 | N19: Distro (Pack) | P19: Distro (Pack) | Q19: 44806
B21: Build Key Docs | F21: Owner | I21: Shipment & Material Request | M21: Owner | P21: Packing Related Management | T21: Owner
B22: [EXT] FL5 FIH PRQ/CR Tracker List | F22: G_OPM/Frank Bao | I22: [EXT] FL5 SZ MP Ship-to-File | M22: G_OPM/Eva Zhang | P22: [EXT] FL5 MPS | T22: G_BPM/ravigodavarkar@google.com
B23: [EXT] FL5 SKU Matrix | F23: G_PLM/Diana Coker | I23: [EXT] FL5 SZ MP Device Request Table | M23: G_OPM/Eva Zhang | P23: [EXT] FL5 IOQ Tracker | T23: FIH_PC/蘇信軍
B24: [INT] FL5 PVT/MP Build Plan & Build Configs | F24: FIH_EPM/Dobby Lin | I24: [EXT] P24 PVT FATP CTB | M24: FIH_MPM/黃建
B25: [EXT] FL5 LH MP WIP Tracker -DOE | F25: FIH_OPM/Rita Qiu Vicky Chen | I25: [EXT] [P24] TK4/CM4/KM4 (PVT/Ramp) FBU/LBU/PKG Demand | M25: G_MPM/Sunny Xiao
I26: [EXT] P24 KM4/CM4/TK4 MIH | M26: FIH_MPM/alvincs hsu | P26: [EXT] FL5 SZ MP Retail/Carton/Pallet Labels Approval Tracking List | T26: G_Sustpm/John Zhu
B27: [EXT] FL5 Master Equipment List | F27: G_OPM/Frank Bao | P27: [EXT] FL5 VN MP Retail/Carton/Pallet Labels Approval Tracking List | T27: G_Sustpm/Leon Tsai
B28: [INT] FL5 PVT/MP EC Tracker | F28: FIH_EPM/Dobby Lin | I28: [EXT] FL5 Key Allocation Tracker (TAC Range) | M28: G_TE/Jay Wang
B29: [EXT] FL5_PVT/MP_EAN & UPC & cSKU List | F29: G_PLM/Diana Coker / vermaradhika@google.com | P29: [EXT] SZ FL5 - Retail PKG FAI&PFOL + SW FAI +Carrier FAI Tracker | T29: G_OPM/Lehman Lee
B30: [EXT] FL5 LH Line Qual Ramp Master Chart Share with FIH | F30: G_SysTPM/Amy Ma | I30: [EXT] FL5 master data | M30: G/@hcliw@google.com | P30: [EXT] SZ BZ5 - Retail PKG FAI&PFOL + SW FAI +Carrier FAI Tracker | T30: G_OPM/Emma Pai
I31: [EXT] BZ5 master data | M31: G/@hcliw@google.com | P31: [EXT] SZ MT5 - Retail PKG FAI&PFOL + SW FAI +Carrier FAI Tracker | T31: G_OPM/Sean Ao
I32: [EXT] MT5 master data | M32: G/@hcliw@google.com
P34: [EXT] BZ5 SZ MP Retail/Carton/Pallet Labels Approval Tracking List
P35: [EXT] BZ5 VN MP Retail/Carton/Pallet Labels Approval Tracking List | T35: G_Sustpm/Leon Tsai
P37: [EXT] MT5 SZ MP Retail/Carton/Pallet Labels Approval Tracking List
B38: Yield Dashboard & MIL | F38: Owner | P38: [EXT] MT5 VN MP Retail/Carton/Pallet Labels Approval Tracking List | T38: G_Sustpm/Leon Tsai
B39: [EXT] TK4 DOE Request | F39: G_SysTPM/kanchin@ | P39: [EXT] FIH VN & LH_DL Working Hours | T39: FIH_EPM/HeroKLChen@ & KevinKALu@
B40: [EXT] CM4 DOE Request | F40: G_SysTPM/kanchin@ | P40: [INT] P23 NPI build est 220412(Submitted) | T40: FIH_BPM/HarmokoRoni@
P41: [EXT] zNext 訓練教材 【2022/05/31 G officially train FIH】 | T41: G_PLM/dabylin@
P42: [INT] Foxconn zNext access apply list | T42: FIH_EPM/blancoychuang@
P43: [INT] IDM1(F7)辦公區無線上網申請表-TPE | T43: FIH_EPM/blancoychuang@
P44: [INT] G Project list | T44: FIH_EPM/blancoychuang@
P46: [INT] 如何申請 Project Code | T46: FIH_EPM/HeroKLChen@
P47: [INT] Neptune,Bugnizer Accounts | T47: FIH_TestTPM/PerryPYLin@
P48: [INT] P23 通訊手機 | T48: FIH_OPM/Carol.Deng@
P49: Google Share Doc_Security Setup | T49: FIH_EPM/arieltien@
P50: [INT] iFuse system操作SOP | T50: FIH_PD Lead/hornerwu@
B58: ME TPM/PD | F58: Owner | P58: Refered Doc. | T58: Owner
B59: [EXT] TK4 DVT Assembly Story | F59: G_METPM/williamhuang@ | P59: [INT] NPI BOM change & WO process flow | T59: FIH_OPM/Carol.Deng@
B60: [EXT] SB3 EVT1.1 Mech TPM FBU Tracker | F60: FIH_METPM/siyao.dai@ | P60: P23/P24物料轉運流程 | T60: FIH_OPM/Carol.Deng@
B61: [EXT] SB3 EVT1.0 METPM Build Report Detail Slides | F61: FIH_METPM/cora.wang@ | P61: [INT] PM Lessons Learnt_Skywalker Programs | T61: FIH_EPM/arieltien@
B62: [INT] TK4/CM4/KM4 Adhesive (Glue) Consumables Usage Tracker | F62: FIH_METPM/shihhsientang@
B63: [EXT] EVT METPM Tracker | F63: G_METPM/asgharali@
B64: [EXT] SB3 Proto1.1 Mech TPM FBU Tracker | F64: FIH_METPM/siyao.dai@
B65: [EXT] SB3 P1.0 DOE1 (PM09) Dimple location record | F65: FIH_PQM/Lavender
B66: [EXT] SB3 Proto1.1 Criteria by alignment fixture&machine | F66: FIH_METPM/siyao.dai@
B67: [INT] The dimension of TK4 unit and MLB | F67: FIH_PD/趙和平
B68: [EXT] TK4 Cosmetic Protective Plan | F68: FIH_PD/趙和平
B69: [EXT] Requests for TK4 FIH PD | F69: G_PD/jonesw@
B70: [EXT] TK4 EVT1.1 ME TPM Build Report detail slides | F70: FIH_METPM/Chris.hj.huang@
B71: [EXT] TK4/CM4/KM4 Adhesive (Glue) Consumables Usage Tracker | F71: FIH_METPM/shihhsientang@
B75: Ops (OPM) | F75: Owner | P75: Archive Doc. | T75: Owner
B76: [EXT] P24 Layout/Line Setup Plan | F76: G_OPM/garywen@ | P76: [EXT] Pixel hardware config naming | T76: G_EPS/kathrynpierce@
B77: [EXT] P22/P23 Factory Functional Room Layout Change Request Form | F77: G_OPM/frankbao@ | P77: [INT] CM4/KM4/TK4_Team Roster | T77: FIH_OPM/Jessica.lm.Qiu@
B78: [EXT] P23 Operation Playbook | F78: G_OPM/frankbao@ | P78: [INT] P24 SQE Team Roster | T78: FIH_SQE/john.zx.lian@
B79: [EXT] SB3 xVT DL Resource Tracker (算OT費用) | F79: FIH_BPM/HarmokoRoni@ | P79: [INT] (NRE HC)HK3SB3 FIH RFQ reply_V1.0 220705(Submitted) | T79: FIH_BPM/HarmokoRoni@
B80: [EXT] P23 Operation Playbook | F80: G_OPM/frankbao@ | P80: [INT] P23 NPI NRE (HK3 SB3)-with cost | T80: FIH_BPM/HarmokoRoni@
B81: [INT] TK4 EVT1.0 SOP | F81: FIH_IE/Rong-Hua.Qiu@丘榮華 | P81: [FIH Backup] REV 1 of P23 RFP HK3 SB3 (external) 220616 | T81: FIH_BPM/HarmokoRoni@
B82: [INT] TK4 EVT1.0 Process | F82: FIH_IE/Rong-Hua.Qiu@丘榮華 | P82: [INT] P23 NPI build est 220412 | T82: FIH_BPM/HarmokoRoni@
B83: [INT] FIH Operator retention rate | F83: FIH_OPM/Ken.ml.Ou@ | P83: [INT] P23 NPI NRE (HK3 SB3) | T83: FIH_BPM/HarmokoRoni@
P84: (NRE HC)HK3SB3 FIH RFQ reply_V1.0 220919_NRE(Submitted) -- working sheet | T84: FIH_BPM/HarmokoRoni@
P85: [EXT] P22 Build Guidelines | T85: G_SysTPM/tristanling@
P86: [EXT] P23 - FIH/Skywalker Team list | T86: G_EPM/ahmz@ (Ahmad Mumtaz)
P87: [INT] HK3 SB3 DFM Request MLB qty | T87: FIH_OPM/Anna.CC.Zhu@
P88: [INT] P23 LH NPI MVA updates HK3SB3NPI2208051100 (Submitted) | T88: FIH_BPM/HarmokoRoni@
P89: [EXT] SB3 P1.0 Build Readiness Report | T89: G_EPM/lunchin@
P90: [INT]FIH SB3 Team Member List | T90: FIH_OPM/Carol.Deng@
P91: [Inetrnal][HK3] FIH Team Roster | T91: FIH_OPM/Vicky.y.Chen@
P92: [EXT] P24 Pixel Build Readiness Checklist | T92: FIH_EPM/NicolasYLPang@
P93: [INT] SB3 Proto Build Plan & Build Configs | T93: FIH_EPM/arieltien@
P94: [EXT] Skywalker Management Visit on 20221107 | T94: FIH_BPM/HarmokoRoni@
P95: [EXT] Pixel Phone NPI Build Schedule shared with FIH | T95: G_MPM/deliaj@(Delia Juyue)

Sheet FL5_POR_包裝對照表 Release Note
B1: DRI: Hero Chen (EPM)/Canny Zhou (LH OPM) / Jenna Thanh Tam (VN OPM)
B3: Version | C3: Date | D3: Change Description | E3: Author | F3: Remark
B4: V29 | C4: 45951 | D4: 更新MAC WIFI 號段（R欄位） | E4: OPM: Canny zhou | F4: 龍華地區
B5: V28 | C5: 45915 | D5: 9/15 Cut in SW Sepr EMR apply for all SKU (117 SKU) : BD3A.250721.001.E1 | E5: OPM: Jenna
B6: V27 | C6: 45915 | D6: 9/15號 導入軟體:BD3A.250721.001.E1 | E6: OPM: Canny zhou | F6: 龍華地區
B7: V26 | C7: 45908 | D7: Adding new IMEI (TAC range) 300K for FL5 VN NA Start range: 35 676628 340000x End range: 35 676628 639999x Old range: Start range: 35 676628 040000x End range: 35 676628 999999x | E7: OPM: Jenna
B8: V25 | C8: 45903 | D8: Cut in CA BOB AW rev C (8 SKU) | E8: OPM: Jenna | F8: ECO
B9: V24 | C9: 45902 | D9: 更新WIFI MAC 號段（Q&R欄位） | E9: OPM: Canny zhou | F9: 龍華地區
B10: V23 | C10: 45901 | D10: MP -CA料號 更新AQ欄位BOB圖檔 RvC，9/1號白班開始導入C版BOB圖檔 | E10: OPM: Canny zhou | F10: 龍華地區
B11: V22 | C11: 45898 | D11: 更新 ROW出貨地 IMEI | E11: OPM: Canny zhou | F11: 龍華地區
B12: V21 | C12: 45843 | D12: 更新 JP 出貨地 IMEI | E12: OPM: Canny zhou | F12: 龍華地區
B13: V17 | C13: 45877 | D13: 更新WIFI MAC 號段（Q&R欄位）及ROW地址 IMEI | E13: OPM: Canny zhou | F13: 龍華地區
B14: V20 | C14: 45861 | D14: FL5 VN MAC range adding 500K New: Start range: B0:D5:FB:C6:60:70 End range: B0:D5:FB:CE:01:8F Old range: Start range: 64:9D:38:32:91:82 End range: 64:9D:38:37:25:61 | E14: OPM: Jenna
B15: V19 | C15: 45859 | D15: 7/21 cut in FRC_VZW regression in packing and zombie line ( 18sku) :BD1A.250702.001.A3 | E15: OPM: Jenna
B16: V18 | C16: 45857 | D16: 7/21號 導入FRC_VZW regression 軟體:BD1A.250702.001.A3 | E16: OPM: Canny zhou | F16: 龍華地區
B17: V17 | C17: 45856 | D17: 更新WIFI MAC 號段（Q&R欄位） | E17: OPM: Canny zhou | F17: 龍華地區
B18: V16 | C18: 45855 | D18: 7/17號 導入 VZW FRC packing line 軟體:BD1A.250702.001 & ROW IMEI | E18: OPM: Canny zhou | F18: 龍華地區
B19: V15 | C19: 45848 | D19: 7/10 VN cut in 117x SKU with FRC SW in packing line :BD1A.250702.001 + 12x SKU in Zombie line | E19: OPM: Jenna | F19: 龍華地區
B20: V14 | C20: 45847 | D20: 7/10號 導入non VZW FRC packing line 軟體:BD1A.250702.001 | E20: OPM: Canny zhou | F20: 龍華地區
B21: V13 | C21: 45846 | D21: 導入non VZW FRC Zombie 軟體:BD1A.250702.001 | E21: OPM: Canny zhou | F21: 龍華地區
B22: V12 | C22: 45843 | D22: 更新 JP 出貨地 IMEI | E22: OPM: Canny zhou | F22: 龍華地區
B23: V10 | C23: 45838 | D23: MP IN/JP料號 更新AQ欄位 retail 圖檔 RvB，6/30號白班開始導入B 版retai 圖檔 | E23: OPM: Canny zhou | F23: 龍華地區
B24: V09 | C24: 45835 | D24: 更新 ROW 出貨地 IMEI &所有料號WIFI 範圍 | E24: OPM: Canny zhou | F24: 龍華地區
B25: V08 | C25: 45831 | D25: Cut in SW RC for 80sku (retai + CLRN) for FL5 VN. BD1A.250527.003.A5 Android 16 | E25: OPM: Jenna
B26: V07 | C26: 45832 | D26: 更新部分DEMO 及精品機大箱標籤（BA欄位） | E26: OPM: Canny zhou | F26: 龍華地區
B27: V06 | C27: 45826 | D27: 更新WIFI MAC 號段（Q&R欄位） | E27: OPM: Canny zhou | F27: 龍華地區
B28: V05 | C28: 45824 | D28: MP GB料號 更新AQ欄位 retail 圖檔 RvB，6/16號導入B 版retai 圖檔 | E28: OPM: Canny zhou | F28: 龍華地區
B29: V04 | C29: 45820 | D29: (1) Update Description內容 (AC column) for all Sales SKUs (2) Update External Color Name (J column) for all Sales SKUs | E29: EPM:Hero Chen | F29: both for VN and LH.
B30: V03 | C30: 45814 | D30: 導入RC 軟體版本：BD1A.250527.003.A5 | E30: OPM: Canny zhou | F30: 龍華地區
B31: V02 | C31: 45801 | D31: Initial | E31: OPM: Canny zhou
B32: V01 | C32: 45797 | D32: Initial | E32: EPM:Hero Chen

Sheet FL5_POR_包裝對照表 (Mapping Table)
B1: DRI: Hero Chen (EPM)/Miya Huang (OPM)
B2: DRI: Hero Chen (EPM)/Canny Zhou (LH OPM) / Jenna Thanh Tam (VN OPM)
C3: Update Date | D3: 45820 | F3: Stage
D4: {="("&xlookup(D3,'FL5_POR_包裝對照表 Release Note'!C:C,'FL5_POR_包裝對照表 Release Note'!B:B,"",0,1)&")"} -> (V04) | E4: GFL (FL5) | F4: MP | G4: TTL 生產 SKU QTY: | H4: =SUM(D7:D9)+SUM(F7:F9)+sum(H7:H8) -> 185
C6: Cat. | D6: Config Q'ty | E6: Cat. | F6: Config Q'ty | G6: Cat. | H6: Config Q'ty
C7: Pristine | D7: =countifs($C$12:$D$204,C7)-countifs(C12:C204,$C$7,D12:D204,"Cancel") -> 47 | E7: Press- N (MKG) | F7: =countifs($C$12:$D$204,E7)-countifs(C12:C204,$E$7,D12:D204,"Cancel") -> 16 | G7: Refurb | H7: =countifs($C$12:$D$204,G7)-countifs(C12:C204,$G$7,D12:D204,"Cancel") -> 47 | BM7: 多條件 xlookup =arrayformula(xlookup(BE&E,'IMaster!E7:E&'Master!G7:G,'Master'!AG7:AG,"No demand",0,1)))
C8: IQ (VzW only) | D8: =countifs($C$12:$D$204,C8)-countifs(C12:C204,$C$8,D12:D204,"Cancel") -> 8 | E8: DEMO | F8: =countifs($C$12:$D$204,E8)-countifs(C12:C204,$E$8,D12:D204,"Cancel") -> 14 | G8: Corp ENG NCUs | H8: =countifs($C$12:$D$204,G8) -> 0
C9: CLNR/FRU | D9: =countifs($C$12:$D$204,C9)-countifs(C12:C204,$C$9,D12:D204,"Cancel") -> 33 | E9: NFU | F9: =countifs($C$12:$D$204,E9)-countifs(C12:C204,$E$9,D12:D204,"Cancel") -> 20 | G9: Cancel | H9: =countifs($D$12:$D$204,G9) -> 8 | N9: foxconn-sz | Q9: 04:00:6E:C4:01:C2 | R9: 04:00:6E:C8:95:A1 | S9: foxconn-vn | V9: 64:9D:38:32:91:82 B0:D5:FB:C6:60:70 | W9: 64:9D:38:37:25:61 B0:D5:FB:CE:01:8F | X9: MP1.0 | Z9: Android 16 | AA9: Android 16 | AE9: ATT/TMO/VZN | AG9: ATT/TMO/VZN | AH9: ATT/TMO/VZW | AO9: x | AQ9: SZ Label approve_M | AR9: SZ Label approve_N | AW9: ATT | BD9: SZ Label approve_L | BE9: SZ Label approve_N | BF9: ATT | BM9: CMFIHCN | BN9: CMFIHVN | BO9: CMFIHIN | BP9: SZ Label approve_L | BQ9: SZ Label approve_M
H10: E | K10: N | L10: D | M10: C | N10: z | O10: AH | P10: AI | S10: z | T10: AH | U10: AI | V10: AI | X10: [DRI: SW Ming] | Y10: [zNext] | Z10: DRI: OPM | AA10: DRI: OPM | AD10: [OPM: Canny Zhou] | AE10: [OPM: Canny Zhou] | AF10: [OPM: Jenna Thanh Tam] | AG10: [OPM: Jenna Thanh Tam] | AH10: J | AI10: Dobby_O | AK10: Dobby_Q | AL10: Dobby_M | AM10: Dobby_N | AN10: Dobby_K | AO10: [zNext] | AP10: [zNext] | AQ10: [Formula] | AR10: [Formula] | AU10: [Formula] | AV10: [Formula] | AW10: [PIC: PLM] | AX10: [Pappu_C] | AY10: [Pappu_D] | BA10: [Formula] | BB10: Others_G | BC10: Others_H | BD10: [Formula] | BE10: [Formula] | BF10: [PIC: PLM] | BG10: [IE: 黃曉冉] | BH10: [IE: Mark Wu] | BI10: [PE: 白家鳴] | BK10: [BPM: Ike Hsieh] | BL10: [務務: 李怡夢] | BM10: [SKW BPM] | BN10: [SKW BPM] | BO10: [SKW BPM] | BP10: [Formula] | BQ10: [Formula]
B11: # | C11: Purpose | D11: Packout Type | E11: Sales SKU | F11: SKU Name | G11: P-SKU | H11: RF Type | I11: Color Key | J11: External Color Name | K11: Color ID (SFC/iFUSE) | L11: Model# 產品型號# | M11: TAC Region 出貨地 | N11: LH TAC Range | O11: LH TAC(IMEI) Start Range | P11: LH TAC(IMEI) End Range | Q11: LH WiFi/BT MAC Start Range | R11: LH WiFi/BT MAC End Range | S11: VN TAC Range | T11: VN TAC(IMEI) Start Range | U11: VN TAC(IMEI) End Range | V11: VN WiFi/BT MAC Start Range | W11: VN WiFi/BT MAC End Range | X11: HW Ver. 硬體版本 | Y11: G655 Software | Z11: LH Android Ver. 安卓版本 | AA11: VN Android Ver. 安卓版本 | AB11: Description _20250407 (From zNEXT) (關務備案內容) | AC11: Description_20250612 (From zNEXT) (關務備案內容) | AD11: LH Zombie 出貨軟體 | AE11: LH SW Version 出貨 image 版本 | AF11: VN Zombie 出貨軟體 | AG11: VN SW Version 出貨 image 版本 | AH11: WCC [WiFi Country Code] | AI11: MLB | AJ11: ANT4 (Mic3) | AK11: CLB (Mic1) | AL11: CG | AM11: BG | AN11: GB (XCVR GPN) | AO11: G954 PKG Assy | AP11: G962 Country Kit (Accessry) | AQ11: LH BOB artowrk GPN（MP 使用帶字母版本） | AR11: LH Retail artwok GPN（MP使用字母版本） | AS11: UFS | AT11: eSIM | AU11: Regulatory Engrave 手機中框垃圾桶 | AV11: COO 镭雕 (IN 鐳雕) 手機中框 Made in COO | AW11: cSKU (Carrier SKU) | AX11: UPC Code-12 | AY11: EAN Code-13 | AZ11: Stage | BA11: Unite/Carton 紙箱包裝數量 | BB11: Master Carton Label 卡通標籤 | BC11: Pallet Label 棧板標籤 | BD11: VN BOB artowrk GPN | BE11: VN Retail artwok GPN | BF11: G670 SIM Card in device Sim卡裝手機 | BG11: LH SFC Routing SFC 路由名稱 | BH11: VN SFC Routing SFC 路由名稱 | BI11: 建BOM 並維護SAP日期 | BJ11: 中文 品名 | BK11: 提交核價日期 | BL11: LH 報關預備案 Status | BM11: LH The 1st ex-LH Date (IOQ3+NCU) 第一次出貨目標日 | BN11: VN The 1st ex-LH Date (IOQ3+NCU) 第一次出貨目標日 | BO11: IN The 1st ex-LH Date (IOQ3+NCU) 第一次出貨目標日 | BP11: LH MRP 模板 GPN | BQ11: VN MRP 模板 GPN | BR11: Remark | BS11: Demo mode
B12: 1 | C12: Pristine | D12: Retail Pack | E12: GA09425-US | F12: VZW, US | G12: UVZ | H12: {=xlookup(F12,z_Others!$B$21:$B$45,z_Others!$E$21:$E$45,"",0,1)} -> mmWave | I12: CLR1 | J12: {=if(isblank(E12),"",xlookup(I12,z_Others!$M$17:$M$20,z_Others!$O$17:$O$20,"",0,1))} -> Obsidian | K12: {=xlookup(I12,z_Others!$M$17:$M$20,z_Others!$N$17:$N$20,"",0,1)} -> BLK | L12: {=xlookup(F12,z_Others!$B$21:$B$45,z_Others!$D$21:$D$45,"",0,1)} -> GLBW0 | M12: {=xlookup(F12,z_Others!$B$21:$B$45,z_Others!$C$21:$C$45,"",0,1)} -> VZW | N12: {=if(isblank(E12),"",xlookup($N$9&M12,z_Others!$X$5:$X$17&z_Others!$W$5:$W$17,z_Others!$Z$5:$Z$17,"",0,1))} -> 35560678 | O12: {=if(isblank(E12),"",xlookup($N$9&M12,z_Others!$X$5:$X$17&z_Others!$W$5:$W$17,z_Others!$AH$5:$AH$17,"",0,1))} -> 35 560678 020000x | P12: {=if(isblank(E12),"",xlookup($N$9&M12,z_Others!$X$5:$X$17&z_Others!$W$5:$W$17,z_Others!$AI$5:$AI$17,"",0,1))} -> 35 560678 999999x | Q12: 04:00:6E:C4:01:C2 64:9D:38:C7:BC:9E 64:9D:38:DE:9F:FE 64:9D:38:EC:5B:9E B0:D5:FB:A3:48:10 34:39:16:36:EE:80 B0:D5:FB:DD:43:D0 34:39:16:5D:00:FC 30:E0:44:6D:2C:72 | R12: 04:00:6E:C8:95:A1 64:9D:38:CC:50:7D 64:9D:38:E3:33:DD 64:9D:38:F0:EF:7D B0:D5:FB:AA:E9:2F 34:39:16:3C:A3:6F B0:D5:FB:DF:2F:FF 34:39:16:64:A2:1B 30:E0:44:74:CD:91 | S12: {=if(isblank(E12),"",xlookup($S$9&M12,z_Others!$X$5:$X$17&z_Others!$W$5:$W$17,z_Others!$Z$5:$Z$17,"",0,1))} -> 35931451 | T12: {=if(isblank(E12),"",xlookup($S$9&M12,z_Others!$X$5:$X$17&z_Others!$W$5:$W$17,z_Others!$AH$5:$AH$17,"",0,1))} -> 35 931451 020000x | U12: {=if(isblank(E12),"",xlookup($S$9&M12,z_Others!$X$5:$X$17&z_Others!$W$5:$W$17,z_Others!$AI$5:$AI$17,"",0,1))} -> 35 931451 999999x | V12: =if(isblank(E12),"",$V$9) -> 64:9D:38:32:91:82 B0:D5:FB:C6:60:70 | W12: =if(isblank(E12),"",$W$9) -> 64:9D:38:37:25:61 B0:D5:FB:CE:01:8F | X12: =if(isblank(E12),"",$X$9) -> MP1.0 | Z12: =if(isblank(E12),"",$Z$9) -> Android 16 | AA12: =if(isblank(F12),"",$Z$9) -> Android 16 | AB12: SKU, CLR1, GOOD, MMWAVE, VZW, US, FL5 | AC12: Pixel 10, Obsidian, 128GB, VZW, US | AD12: BD1A.250702.001.A3 | AE12: BD3A.250721.001.E1 | AF12: BD1A.250702.001.A3 | AG12: BD3A.250721.001.E1 | AH12: {=if(isblank(E12),"",xlookup(F12,z_Others!$B$21:$B$45,z_Others!$F$21:$F$45,"TBD",0,1))} -> US | AI12: {=if(isblank(E12),"", xlookup(E12,'Import_FL5_LH_PVTMP_Configs (Do'!E:E,'Import_FL5_LH_PVTMP_Configs (Do'!O:O,"TBD",0,1))} -> G710-07800-01 | AK12: {=if(isblank(E12),"", xlookup(E12,'Import_FL5_LH_PVTMP_Configs (Do'!E:E,'Import_FL5_LH_PVTMP_Configs (Do'!Q:Q,"TBD",0,1))} -> G650-14694-05 | AL12: {=if(isblank(E12),"", xlookup(E12,'Import_FL5_LH_PVTMP_Configs (Do'!E:E,'Import_FL5_LH_PVTMP_Configs (Do'!M:M,"TBD",0,1))} -> G710-07670-01 | AM12: {=if(isblank(E12),"", xlookup(E12,'Import_FL5_LH_PVTMP_Configs (Do'!E:E,'Import_FL5_LH_PVTMP_Configs (Do'!N:N,"TBD",0,1))} -> G730-09533-01 | AN12: {=if(isblank(E12),"", xlookup(E12,'Import_FL5_LH_PVTMP_Configs (Do'!E:E,'Import_FL5_LH_PVTMP_Configs (Do'!K:K,"TBD",0,1))} -> G950-15935-00 | AO12: {=if(isblank(E12),"",XLOOKUP(E12,'FL5_G954 Pkg ASSY (Pkg BOM)'!L:L,'FL5_G954 Pkg ASSY (Pkg BOM)'!G:G,"N/A",0,1))} -> G954-08540-00 | AP12: {=if(isblank(E12),"",xlookup(E12,'FL5_G962 Country kit (Accesorie'!L:L,'FL5_G962 Country kit (Accesorie'!G:G,"N/A",0,1))} -> G962-00511-00 | AQ12: {=if(isblank(E12),"", xlookup(E12,'Import_LH_Label approve'!E:E,'Import_LH_Label approve'!M:M,"",0,1))} -> G990-08380-11-01 G990-08380-11-A | AR12: {=if(isblank(E12),"",xlookup(E12,'Import_LH_Label approve'!E:E,'Import_LH_Label approve'!N:N,"",0,1))} -> G990-08382-11-01 G990-08382-11-A | AS12: 128GB | AT12: =if(isblank(E12),"","Yes") -> Yes | AU12: =if(isblank(E12),"",if(mid(E12,9,2)="GB", "Yes","No")) -> No | AV12: =if(isblank(E12),"",if(mid(E12,9,2)="IN", "Yes","No")) -> No | AX12: 840353926844 | AY12: 0840353926844 | AZ12: {=if(isblank(E12),"", xlookup(E12,Import_FL5_LH_PVT_BM!D:D,Import_FL5_LH_PVT_BM!AK:AK,$F$4,0,1))} -> MP | BA12: =if(isblank(E12),"",if(D12="Retail Pack","Retail_10ct",if(D12="Bulk Pack","Bulk_30ct"))) -> Retail_10ct | BB12: {=if(isblank(E12),"",xlookup(F12,z_Others!$B$21:$B$42,z_Others!$G$21:$G$42,"No",0,1))} -> VZN Master Carton Label | BC12: {=if(isblank(E12),"",xlookup(F12,z_Others!$B$21:$B$42,z_Others!$H$21:$H$42,"No",0,1))} -> VZN Pallet Label (BTS) | BD12: {=if(isblank(E12),"",xlookup(E12,'Import_VN_Label approve'!E:E,'Import_VN_Label approve'!L:L,"N/A",0,1))} -> G990-08482-11-01 G990-08482-11-A | BE12: {=if(isblank(E12),"",xlookup(E12,'Import_VN_Label approve'!E:E,'Import_VN_Label approve'!N:N,"N/A",0,1))} -> G990-08382-11-01 G990-08382-11-A | BG12: FL5-MP-彩盒包 | BH12: FL5-MP-Colorbox | BI12: 45773 | BJ12: {=if(isblank(E12),"", xlookup(D12,z_Others!$B$5:$B$17,z_Others!$C$5:$C$17,"",0,1))} -> 智能手機 | BK12: 45782 | BL12: {=if(isblank(E12),"",xlookup(E12,'FL5_MP POR_LH_報關備案_G950 & GA'!F:F,'FL5_MP POR_LH_報關備案_G950 & GA'!E:E,"No Need",0,1))} -> Close | BM12: {=if(isblank(E12),"",xlookup($BM$9&E12,'Import_FL5 MPS (06.06.25) - Sor'!E8:E334&'Import_FL5 MPS (06.06.25) - Sor'!F8:F334,'Import_FL5 MPS (06.06.25) - Sor'!ES8:ES334,"No demand",0,1))} -> No demand | BN12: {=if(isblank(E12),"",xlookup($BN$9&E12,'Import_FL5 MPS (06.06.25) - Sor'!E8:E334&'Import_FL5 MPS (06.06.25) - Sor'!F8:F334,'Import_FL5 MPS (06.06.25) - Sor'!ES8:ES334,"No demand",0,1))} -> No demand | BO12: {=if(isblank(E12),"",xlookup($BO$9&E12,'Import_FL5 MPS (06.06.25) - Sor'!E8:E334&'Import_FL5 MPS (06.06.25) - Sor'!F8:F334,'Import_FL5 MPS (06.06.25) - Sor'!ES8:ES334,"No demand",0,1))} -> No demand | BP12: {=if(isblank(E12),"", xlookup(E12,'Import_LH_Label approve'!E:E,'Import_LH_Label approve'!L:L,"",0,1))} | BQ12: {=if(isblank(E12),"",xlookup(E12,'Import_VN_Label approve'!E:E,'Import_VN_Label approve'!M:M,"N/A",0,1))}
B13: 2 | C13: Pristine | D13: Retail Pack | E13: GA10238-US | F13: VZW, US | G13: UVZ | H13: {=xlookup(F13,z_Others!$B$21:$B$45,z_Others!$E$21:$E$45,"",0,1)} -> mmWave | I13: CLR2 | J13: {=if(isblank(E13),"",xlookup(I13,z_Others!$M$17:$M$20,z_Others!$O$17:$O$20,"",0,1))} -> Frost | K13: {=xlookup(I13,z_Others!$M$17:$M$20,z_Others!$N$17:$N$20,"",0,1)} -> PPL | L13: {=xlookup(F13,z_Others!$B$21:$B$45,z_Others!$D$21:$D$45,"",0,1)} -> GLBW0 | M13: {=xlookup(F13,z_Others!$B$21:$B$45,z_Others!$C$21:$C$45,"",0,1)} -> VZW | N13: {=if(isblank(E13),"",xlookup($N$9&M13,z_Others!$X$5:$X$17&z_Others!$W$5:$W$17,z_Others!$Z$5:$Z$17,"",0,1))} -> 35560678 | O13: {=if(isblank(E13),"",xlookup($N$9&M13,z_Others!$X$5:$X$17&z_Others!$W$5:$W$17,z_Others!$AH$5:$AH$17,"",0,1))} -> 35 560678 020000x | P13: {=if(isblank(E13),"",xlookup($N$9&M13,z_Others!$X$5:$X$17&z_Others!$W$5:$W$17,z_Others!$AI$5:$AI$17,"",0,1))} -> 35 560678 999999x | Q13: 04:00:6E:C4:01:C2 64:9D:38:C7:BC:9E 64:9D:38:DE:9F:FE 64:9D:38:EC:5B:9E B0:D5:FB:A3:48:10 34:39:16:36:EE:80 B0:D5:FB:DD:43:D0 34:39:16:5D:00:FC 30:E0:44:6D:2C:72 | R13: 04:00:6E:C8:95:A1 64:9D:38:CC:50:7D 64:9D:38:E3:33:DD 64:9D:38:F0:EF:7D B0:D5:FB:AA:E9:2F 34:39:16:3C:A3:6F B0:D5:FB:DF:2F:FF 34:39:16:64:A2:1B 30:E0:44:74:CD:91 | S13: {=if(isblank(E13),"",xlookup($S$9&M13,z_Others!$X$5:$X$17&z_Others!$W$5:$W$17,z_Others!$Z$5:$Z$17,"",0,1))} -> 35931451 | T13: {=if(isblank(E13),"",xlookup($S$9&M13,z_Others!$X$5:$X$17&z_Others!$W$5:$W$17,z_Others!$AH$5:$AH$17,"",0,1))} -> 35 931451 020000x | U13: {=if(isblank(E13),"",xlookup($S$9&M13,z_Others!$X$5:$X$17&z_Others!$W$5:$W$17,z_Others!$AI$5:$AI$17,"",0,1))} -> 35 931451 999999x | V13: =if(isblank(E13),"",$V$9) -> 64:9D:38:32:91:82 B0:D5:FB:C6:60:70 | W13: =if(isblank(E13),"",$W$9) -> 64:9D:38:37:25:61 B0:D5:FB:CE:01:8F | X13: =if(isblank(E13),"",$X$9) -> MP1.0 | Z13: =if(isblank(E13),"",$Z$9) -> Android 16 | AA13: =if(isblank(F13),"",$Z$9) -> Android 16 | AB13: SKU, CLR2, GOOD, MMWAVE, VZW, US, FL5 | AC13: Pixel 10, Frost, 128GB, VZW, US | AD13: BD1A.250702.001.A3 | AE13: BD3A.250721.001.E1 | AF13: BD1A.250702.001.A3 | AG13: BD3A.250721.001.E1 | AH13: {=if(isblank(E13),"",xlookup(F13,z_Others!$B$21:$B$45,z_Others!$F$21:$F$45,"TBD",0,1))} -> US | AI13: {=if(isblank(E13),"", xlookup(E13,'Import_FL5_LH_PVTMP_Configs (Do'!E:E,'Import_FL5_LH_PVTMP_Configs (Do'!O:O,"TBD",0,1))} -> G710-07800-01 | AK13: {=if(isblank(E13),"", xlookup(E13,'Import_FL5_LH_PVTMP_Configs (Do'!E:E,'Import_FL5_LH_PVTMP_Configs (Do'!Q:Q,"TBD",0,1))} -> G650-14694-05 | AL13: {=if(isblank(E13),"", xlookup(E13,'Import_FL5_LH_PVTMP_Configs (Do'!E:E,'Import_FL5_LH_PVTMP_Configs (Do'!M:M,"TBD",0,1))} -> G710-07670-01 | AM13: {=if(isblank(E13),"", xlookup(E13,'Import_FL5_LH_PVTMP_Configs (Do'!E:E,'Import_FL5_LH_PVTMP_Configs (Do'!N:N,"TBD",0,1))} -> G730-09533-02 | AN13: {=if(isblank(E13),"", xlookup(E13,'Import_FL5_LH_PVTMP_Configs (Do'!E:E,'Import_FL5_LH_PVTMP_Configs (Do'!K:K,"TBD",0,1))} -> G950-15935-01 | AO13: {=if(isblank(E13),"",XLOOKUP(E13,'FL5_G954 Pkg ASSY (Pkg BOM)'!L:L,'FL5_G954 Pkg ASSY (Pkg BOM)'!G:G,"N/A",0,1))} -> G954-08540-00 | AP13: {=if(isblank(E13),"",xlookup(E13,'FL5_G962 Country kit (Accesorie'!L:L,'FL5_G962 Country kit (Accesorie'!G:G,"N/A",0,1))} -> G962-00511-00 | AQ13: {=if(isblank(E13),"", xlookup(E13,'Import_LH_Label approve'!E:E,'Import_LH_Label approve'!M:M,"",0,1))} -> G990-08380-21-01 G990-08380-21-A | AR13: {=if(isblank(E13),"",xlookup(E13,'Import_LH_Label approve'!E:E,'Import_LH_Label approve'!N:N,"",0,1))} -> G990-08382-11-01 G990-08382-11-A | AS13: 128GB | AT13: =if(isblank(E13),"","Yes") -> Yes | AU13: =if(isblank(E13),"",if(mid(E13,9,2)="GB", "Yes","No")) -> No | AV13: =if(isblank(E13),"",if(mid(E13,9,2)="IN", "Yes","No")) -> No | AX13: 840353926851 | AY13: 0840353926851 | AZ13: {=if(isblank(E13),"", xlookup(E13,Import_FL5_LH_PVT_BM!D:D,Import_FL5_LH_PVT_BM!AK:AK,$F$4,0,1))} -> MP | BA13: =if(isblank(E13),"",if(D13="Retail Pack","Retail_10ct",if(D13="Bulk Pack","Bulk_30ct"))) -> Retail_10ct | BB13: {=if(isblank(E13),"",xlookup(F13,z_Others!$B$21:$B$42,z_Others!$G$21:$G$42,"No",0,1))} -> VZN Master Carton Label | BC13: {=if(isblank(E13),"",xlookup(F13,z_Others!$B$21:$B$42,z_Others!$H$21:$H$42,"No",0,1))} -> VZN Pallet Label (BTS) | BD13: {=if(isblank(E13),"",xlookup(E13,'Import_VN_Label approve'!E:E,'Import_VN_Label approve'!L:L,"N/A",0,1))} -> G990-08482-21-01 G990-08482-21-A | BE13: {=if(isblank(E13),"",xlookup(E13,'Import_VN_Label approve'!E:E,'Import_VN_Label approve'!N:N,"N/A",0,1))} -> G990-08382-11-01 G990-08382-11-A | BG13: FL5-MP-彩盒包 | BH13: FL5-MP-Colorbox | BI13: 45773 | BJ13: {=if(isblank(E13),"", xlookup(D13,z_Others!$B$5:$B$17,z_Others!$C$5:$C$17,"",0,1))} -> 智能手機 | BK13: 45782 | BL13: {=if(isblank(E13),"",xlookup(E13,'FL5_MP POR_LH_報關備案_G950 & GA'!F:F,'FL5_MP POR_LH_報關備案_G950 & GA'!E:E,"No Need",0,1))} -> Close | BM13: {=if(isblank(E13),"",xlookup($BM$9&E13,'Import_FL5 MPS (06.06.25) - Sor'!E9:E334&'Import_FL5 MPS (06.06.25) - Sor'!F9:F334,'Import_FL5 MPS (06.06.25) - Sor'!ES9:ES334,"No demand",0,1))} -> No demand | BN13: {=if(isblank(E13),"",xlookup($BN$9&E13,'Import_FL5 MPS (06.06.25) - Sor'!E9:E334&'Import_FL5 MPS (06.06.25) - Sor'!F9:F334,'Import_FL5 MPS (06.06.25) - Sor'!ES9:ES334,"No demand",0,1))} -> No demand | BO13: {=if(isblank(E13),"",xlookup($BO$9&E13,'Import_FL5 MPS (06.06.25) - Sor'!E9:E334&'Import_FL5 MPS (06.06.25) - Sor'!F9:F334,'Import_FL5 MPS (06.06.25) - Sor'!ES9:ES334,"No demand",0,1))} -> No demand | BP13: {=if(isblank(E13),"", xlookup(E13,'Import_LH_Label approve'!E:E,'Import_LH_Label approve'!L:L,"",0,1))} | BQ13: {=if(isblank(E13),"",xlookup(E13,'Import_VN_Label approve'!E:E,'Import_VN_Label approve'!M:M,"N/A",0,1))}
B14: 3 | C14: Pristine | D14: Retail Pack | E14: GA10239-US | F14: VZW, US | G14: UVZ | H14: {=xlookup(F14,z_Others!$B$21:$B$45,z_Others!$E$21:$E$45,"",0,1)} -> mmWave | I14: CLR3 | J14: {=if(isblank(E14),"",xlookup(I14,z_Others!$M$17:$M$20,z_Others!$O$17:$O$20,"",0,1))} -> Lemongrass | K14: {=xlookup(I14,z_Others!$M$17:$M$20,z_Others!$N$17:$N$20,"",0,1)} -> YEL | L14: {=xlookup(F14,z_Others!$B$21:$B$45,z_Others!$D$21:$D$45,"",0,1)} -> GLBW0 | M14: {=xlookup(F14,z_Others!$B$21:$B$45,z_Others!$C$21:$C$45,"",0,1)} -> VZW | N14: {=if(isblank(E14),"",xlookup($N$9&M14,z_Others!$X$5:$X$17&z_Others!$W$5:$W$17,z_Others!$Z$5:$Z$17,"",0,1))} -> 35560678 | O14: {=if(isblank(E14),"",xlookup($N$9&M14,z_Others!$X$5:$X$17&z_Others!$W$5:$W$17,z_Others!$AH$5:$AH$17,"",0,1))} -> 35 560678 020000x | P14: {=if(isblank(E14),"",xlookup($N$9&M14,z_Others!$X$5:$X$17&z_Others!$W$5:$W$17,z_Others!$AI$5:$AI$17,"",0,1))} -> 35 560678 999999x | Q14: 04:00:6E:C4:01:C2 64:9D:38:C7:BC:9E 64:9D:38:DE:9F:FE 64:9D:38:EC:5B:9E B0:D5:FB:A3:48:10 34:39:16:36:EE:80 B0:D5:FB:DD:43:D0 34:39:16:5D:00:FC 30:E0:44:6D:2C:72 | R14: 04:00:6E:C8:95:A1 64:9D:38:CC:50:7D 64:9D:38:E3:33:DD 64:9D:38:F0:EF:7D B0:D5:FB:AA:E9:2F 34:39:16:3C:A3:6F B0:D5:FB:DF:2F:FF 34:39:16:64:A2:1B 30:E0:44:74:CD:91 | S14: {=if(isblank(E14),"",xlookup($S$9&M14,z_Others!$X$5:$X$17&z_Others!$W$5:$W$17,z_Others!$Z$5:$Z$17,"",0,1))} -> 35931451 | T14: {=if(isblank(E14),"",xlookup($S$9&M14,z_Others!$X$5:$X$17&z_Others!$W$5:$W$17,z_Others!$AH$5:$AH$17,"",0,1))} -> 35 931451 020000x | U14: {=if(isblank(E14),"",xlookup($S$9&M14,z_Others!$X$5:$X$17&z_Others!$W$5:$W$17,z_Others!$AI$5:$AI$17,"",0,1))} -> 35 931451 999999x | V14: =if(isblank(E14),"",$V$9) -> 64:9D:38:32:91:82 B0:D5:FB:C6:60:70 | W14: =if(isblank(E14),"",$W$9) -> 64:9D:38:37:25:61 B0:D5:FB:CE:01:8F | X14: =if(isblank(E14),"",$X$9) -> MP1.0 | Z14: =if(isblank(E14),"",$Z$9) -> Android 16 | AA14: =if(isblank(F14),"",$Z$9) -> Android 16 | AB14: SKU, CLR3, GOOD, MMWAVE, VZW, US, FL5 | AC14: Pixel 10, Lemongrass, 128GB, VZW, US | AD14: BD1A.250702.001.A3 | AE14: BD3A.250721.001.E1 | AF14: BD1A.250702.001.A3 | AG14: BD3A.250721.001.E1 | AH14: {=if(isblank(E14),"",xlookup(F14,z_Others!$B$21:$B$45,z_Others!$F$21:$F$45,"TBD",0,1))} -> US | AI14: {=if(isblank(E14),"", xlookup(E14,'Import_FL5_LH_PVTMP_Configs (Do'!E:E,'Import_FL5_LH_PVTMP_Configs (Do'!O:O,"TBD",0,1))} -> G710-07800-01 | AK14: {=if(isblank(E14),"", xlookup(E14,'Import_FL5_LH_PVTMP_Configs (Do'!E:E,'Import_FL5_LH_PVTMP_Configs (Do'!Q:Q,"TBD",0,1))} -> G650-14694-05 | AL14: {=if(isblank(E14),"", xlookup(E14,'Import_FL5_LH_PVTMP_Configs (Do'!E:E,'Import_FL5_LH_PVTMP_Configs (Do'!M:M,"TBD",0,1))} -> G710-07670-01 | AM14: {=if(isblank(E14),"", xlookup(E14,'Import_FL5_LH_PVTMP_Configs (Do'!E:E,'Import_FL5_LH_PVTMP_Configs (Do'!N:N,"TBD",0,1))} -> G730-09533-03 | AN14: {=if(isblank(E14),"", xlookup(E14,'Import_FL5_LH_PVTMP_Configs (Do'!E:E,'Import_FL5_LH_PVTMP_Configs (Do'!K:K,"TBD",0,1))} -> G950-15935-02 | AO14: {=if(isblank(E14),"",XLOOKUP(E14,'FL5_G954 Pkg ASSY (Pkg BOM)'!L:L,'FL5_G954 Pkg ASSY (Pkg BOM)'!G:G,"N/A",0,1))} -> G954-08540-00 | AP14: {=if(isblank(E14),"",xlookup(E14,'FL5_G962 Country kit (Accesorie'!L:L,'FL5_G962 Country kit (Accesorie'!G:G,"N/A",0,1))} -> G962-00511-00 | AQ14: {=if(isblank(E14),"", xlookup(E14,'Import_LH_Label approve'!E:E,'Import_LH_Label approve'!M:M,"",0,1))} -> G990-08380-31-02 G990-08380-31-A | AR14: {=if(isblank(E14),"",xlookup(E14,'Import_LH_Label approve'!E:E,'Import_LH_Label approve'!N:N,"",0,1))} -> G990-08382-11-01 G990-08382-11-A | AS14: 128GB | AT14: =if(isblank(E14),"","Yes") -> Yes | AU14: =if(isblank(E14),"",if(mid(E14,9,2)="GB", "Yes","No")) -> No | AV14: =if(isblank(E14),"",if(mid(E14,9,2)="IN", "Yes","No")) -> No | AX14: 840353926875 | AY14: 0840353926875 | AZ14: {=if(isblank(E14),"", xlookup(E14,Import_FL5_LH_PVT_BM!D:D,Import_FL5_LH_PVT_BM!AK:AK,$F$4,0,1))} -> MP | BA14: =if(isblank(E14),"",if(D14="Retail Pack","Retail_10ct",if(D14="Bulk Pack","Bulk_30ct"))) -> Retail_10ct | BB14: {=if(isblank(E14),"",xlookup(F14,z_Others!$B$21:$B$42,z_Others!$G$21:$G$42,"No",0,1))} -> VZN Master Carton Label | BC14: {=if(isblank(E14),"",xlookup(F14,z_Others!$B$21:$B$42,z_Others!$H$21:$H$42,"No",0,1))} -> VZN Pallet Label (BTS) | BD14: {=if(isblank(E14),"",xlookup(E14,'Import_VN_Label approve'!E:E,'Import_VN_Label approve'!L:L,"N/A",0,1))} -> G990-08482-31-01 G990-08482-31-A | BE14: {=if(isblank(E14),"",xlookup(E14,'Import_VN_Label approve'!E:E,'Import_VN_Label approve'!N:N,"N/A",0,1))} -> G990-08382-11-01 G990-08382-11-A | BG14: FL5-MP-彩盒包 | BH14: FL5-MP-Colorbox | BI14: 45773 | BJ14: {=if(isblank(E14),"", xlookup(D14,z_Others!$B$5:$B$17,z_Others!$C$5:$C$17,"",0,1))} -> 智能手機 | BK14: 45765 | BL14: {=if(isblank(E14),"",xlookup(E14,'FL5_MP POR_LH_報關備案_G950 & GA'!F:F,'FL5_MP POR_LH_報關備案_G950 & GA'!E:E,"No Need",0,1))} -> Close | BM14: {=if(isblank(E14),"",xlookup($BM$9&E14,'Import_FL5 MPS (06.06.25) - Sor'!E10:E334&'Import_FL5 MPS (06.06.25) - Sor'!F10:F334,'Import_FL5 MPS (06.06.25) - Sor'!ES10:ES334,"No demand",0,1))} -> No demand | BN14: {=if(isblank(E14),"",xlookup($BN$9&E14,'Import_FL5 MPS (06.06.25) - Sor'!E10:E334&'Import_FL5 MPS (06.06.25) - Sor'!F10:F334,'Import_FL5 MPS (06.06.25) - Sor'!ES10:ES334,"No demand",0,1))} -> No demand | BO14: {=if(isblank(E14),"",xlookup($BO$9&E14,'Import_FL5 MPS (06.06.25) - Sor'!E10:E334&'Import_FL5 MPS (06.06.25) - Sor'!F10:F334,'Import_FL5 MPS (06.06.25) - Sor'!ES10:ES334,"No demand",0,1))} -> No demand | BP14: {=if(isblank(E14),"", xlookup(E14,'Import_LH_Label approve'!E:E,'Import_LH_Label approve'!L:L,"",0,1))} | BQ14: {=if(isblank(E14),"",xlookup(E14,'Import_VN_Label approve'!E:E,'Import_VN_Label approve'!M:M,"N/A",0,1))}
B15: 4 | C15: Pristine | D15: Retail Pack | E15: GA10240-US | F15: VZW, US | G15: UVZ | H15: {=xlookup(F15,z_Others!$B$21:$B$45,z_Others!$E$21:$E$45,"",0,1)} -> mmWave | I15: CLR4 | J15: {=if(isblank(E15),"",xlookup(I15,z_Others!$M$17:$M$20,z_Others!$O$17:$O$20,"",0,1))} -> Indigo | K15: {=xlookup(I15,z_Others!$M$17:$M$20,z_Others!$N$17:$N$20,"",0,1)} -> BUE | L15: {=xlookup(F15,z_Others!$B$21:$B$45,z_Others!$D$21:$D$45,"",0,1)} -> GLBW0 | M15: {=xlookup(F15,z_Others!$B$21:$B$45,z_Others!$C$21:$C$45,"",0,1)} -> VZW | N15: {=if(isblank(E15),"",xlookup($N$9&M15,z_Others!$X$5:$X$17&z_Others!$W$5:$W$17,z_Others!$Z$5:$Z$17,"",0,1))} -> 35560678 | O15: {=if(isblank(E15),"",xlookup($N$9&M15,z_Others!$X$5:$X$17&z_Others!$W$5:$W$17,z_Others!$AH$5:$AH$17,"",0,1))} -> 35 560678 020000x | P15: {=if(isblank(E15),"",xlookup($N$9&M15,z_Others!$X$5:$X$17&z_Others!$W$5:$W$17,z_Others!$AI$5:$AI$17,"",0,1))} -> 35 560678 999999x | Q15: 04:00:6E:C4:01:C2 64:9D:38:C7:BC:9E 64:9D:38:DE:9F:FE 64:9D:38:EC:5B:9E B0:D5:FB:A3:48:10 34:39:16:36:EE:80 B0:D5:FB:DD:43:D0 34:39:16:5D:00:FC 30:E0:44:6D:2C:72 | R15: 04:00:6E:C8:95:A1 64:9D:38:CC:50:7D 64:9D:38:E3:33:DD 64:9D:38:F0:EF:7D B0:D5:FB:AA:E9:2F 34:39:16:3C:A3:6F B0:D5:FB:DF:2F:FF 34:39:16:64:A2:1B 30:E0:44:74:CD:91 | S15: {=if(isblank(E15),"",xlookup($S$9&M15,z_Others!$X$5:$X$17&z_Others!$W$5:$W$17,z_Others!$Z$5:$Z$17,"",0,1))} -> 35931451 | T15: {=if(isblank(E15),"",xlookup($S$9&M15,z_Others!$X$5:$X$17&z_Others!$W$5:$W$17,z_Others!$AH$5:$AH$17,"",0,1))} -> 35 931451 020000x | U15: {=if(isblank(E15),"",xlookup($S$9&M15,z_Others!$X$5:$X$17&z_Others!$W$5:$W$17,z_Others!$AI$5:$AI$17,"",0,1))} -> 35 931451 999999x | V15: =if(isblank(E15),"",$V$9) -> 64:9D:38:32:91:82 B0:D5:FB:C6:60:70 | W15: =if(isblank(E15),"",$W$9) -> 64:9D:38:37:25:61 B0:D5:FB:CE:01:8F | X15: =if(isblank(E15),"",$X$9) -> MP1.0 | Z15: =if(isblank(E15),"",$Z$9) -> Android 16 | AA15: =if(isblank(F15),"",$Z$9) -> Android 16 | AB15: SKU, CLR4, GOOD, MMWAVE, VZW, US, FL5 | AC15: Pixel 10, Indigo, 128GB, VZW, US | AD15: BD1A.250702.001.A3 | AE15: BD3A.250721.001.E1 | AF15: BD1A.250702.001.A3 | AG15: BD3A.250721.001.E1 | AH15: {=if(isblank(E15),"",xlookup(F15,z_Others!$B$21:$B$45,z_Others!$F$21:$F$45,"TBD",0,1))} -> US | AI15: {=if(isblank(E15),"", xlookup(E15,'Import_FL5_LH_PVTMP_Configs (Do'!E:E,'Import_FL5_LH_PVTMP_Configs (Do'!O:O,"TBD",0,1))} -> G710-07800-01 | AK15: {=if(isblank(E15),"", xlookup(E15,'Import_FL5_LH_PVTMP_Configs (Do'!E:E,'Import_FL5_LH_PVTMP_Configs (Do'!Q:Q,"TBD",0,1))} -> G650-14694-05 | AL15: {=if(isblank(E15),"", xlookup(E15,'Import_FL5_LH_PVTMP_Configs (Do'!E:E,'Import_FL5_LH_PVTMP_Configs (Do'!M:M,"TBD",0,1))} -> G710-07670-01 | AM15: {=if(isblank(E15),"", xlookup(E15,'Import_FL5_LH_PVTMP_Configs (Do'!E:E,'Import_FL5_LH_PVTMP_Configs (Do'!N:N,"TBD",0,1))} -> G730-09533-04 | AN15: {=if(isblank(E15),"", xlookup(E15,'Import_FL5_LH_PVTMP_Configs (Do'!E:E,'Import_FL5_LH_PVTMP_Configs (Do'!K:K,"TBD",0,1))} -> G950-15935-03 | AO15: {=if(isblank(E15),"",XLOOKUP(E15,'FL5_G954 Pkg ASSY (Pkg BOM)'!L:L,'FL5_G954 Pkg ASSY (Pkg BOM)'!G:G,"N/A",0,1))} -> G954-08540-00 | AP15: {=if(isblank(E15),"",xlookup(E15,'FL5_G962 Country kit (Accesorie'!L:L,'FL5_G962 Country kit (Accesorie'!G:G,"N/A",0,1))} -> G962-00511-00 | AQ15: {=if(isblank(E15),"", xlookup(E15,'Import_LH_Label approve'!E:E,'Import_LH_Label approve'!M:M,"",0,1))} -> G990-08380-41-01 G990-08380-41-A | AR15: {=if(isblank(E15),"",xlookup(E15,'Import_LH_Label approve'!E:E,'Import_LH_Label approve'!N:N,"",0,1))} -> G990-08382-11-01 G990-08382-11-A | AS15: 128GB | AT15: =if(isblank(E15),"","Yes") -> Yes | AU15: =if(isblank(E15),"",if(mid(E15,9,2)="GB", "Yes","No")) -> No | AV15: =if(isblank(E15),"",if(mid(E15,9,2)="IN", "Yes","No")) -> No | AX15: 840353926868 | AY15: 0840353926868 | AZ15: {=if(isblank(E15),"", xlookup(E15,Import_FL5_LH_PVT_BM!D:D,Import_FL5_LH_PVT_BM!AK:AK,$F$4,0,1))} -> MP | BA15: =if(isblank(E15),"",if(D15="Retail Pack","Retail_10ct",if(D15="Bulk Pack","Bulk_30ct"))) -> Retail_10ct | BB15: {=if(isblank(E15),"",xlookup(F15,z_Others!$B$21:$B$42,z_Others!$G$21:$G$42,"No",0,1))} -> VZN Master Carton Label | BC15: {=if(isblank(E15),"",xlookup(F15,z_Others!$B$21:$B$42,z_Others!$H$21:$H$42,"No",0,1))} -> VZN Pallet Label (BTS) | BD15: {=if(isblank(E15),"",xlookup(E15,'Import_VN_Label approve'!E:E,'Import_VN_Label approve'!L:L,"N/A",0,1))} -> G990-08482-41-01 G990-08482-41-A | BE15: {=if(isblank(E15),"",xlookup(E15,'Import_VN_Label approve'!E:E,'Import_VN_Label approve'!N:N,"N/A",0,1))} -> G990-08382-11-01 G990-08382-11-A | BG15: FL5-MP-彩盒包 | BH15: FL5-MP-Colorbox | BI15: 45773 | BJ15: {=if(isblank(E15),"", xlookup(D15,z_Others!$B$5:$B$17,z_Others!$C$5:$C$17,"",0,1))} -> 智能手機 | BK15: 45765 | BL15: {=if(isblank(E15),"",xlookup(E15,'FL5_MP POR_LH_報關備案_G950 & GA'!F:F,'FL5_MP POR_LH_報關備案_G950 & GA'!E:E,"No Need",0,1))} -> Close | BM15: {=if(isblank(E15),"",xlookup($BM$9&E15,'Import_FL5 MPS (06.06.25) - Sor'!E11:E334&'Import_FL5 MPS (06.06.25) - Sor'!F11:F334,'Import_FL5 MPS (06.06.25) - Sor'!ES11:ES334,"No demand",0,1))} -> No demand | BN15: {=if(isblank(E15),"",xlookup($BN$9&E15,'Import_FL5 MPS (06.06.25) - Sor'!E11:E334&'Import_FL5 MPS (06.06.25) - Sor'!F11:F334,'Import_FL5 MPS (06.06.25) - Sor'!ES11:ES334,"No demand",0,1))} -> No demand | BO15: {=if(isblank(E15),"",xlookup($BO$9&E15,'Import_FL5 MPS (06.06.25) - Sor'!E11:E334&'Import_FL5 MPS (06.06.25) - Sor'!F11:F334,'Import_FL5 MPS (06.06.25) - Sor'!ES11:ES334,"No demand",0,1))} -> No demand | BP15: {=if(isblank(E15),"", xlookup(E15,'Import_LH_Label approve'!E:E,'Import_LH_Label approve'!L:L,"",0,1))} | BQ15: {=if(isblank(E15),"",xlookup(E15,'Import_VN_Label approve'!E:E,'Import_VN_Label approve'!M:M,"N/A",0,1))}
B16: 5 | C16: Pristine | D16: Retail Pack | E16: GA09861-US | F16: AT&T, US | G16: UAT | H16: {=xlookup(F16,z_Others!$B$21:$B$45,z_Others!$E$21:$E$45,"",0,1)} -> mmWave | I16: CLR1 | J16: {=if(isblank(E16),"",xlookup(I16,z_Others!$M$17:$M$20,z_Others!$O$17:$O$20,"",0,1))} -> Obsidian | K16: {=xlookup(I16,z_Others!$M$17:$M$20,z_Others!$N$17:$N$20,"",0,1)} -> BLK | L16: {=xlookup(F16,z_Others!$B$21:$B$45,z_Others!$D$21:$D$45,"",0,1)} -> GLBW0 | M16: {=xlookup(F16,z_Others!$B$21:$B$45,z_Others!$C$21:$C$45,"",0,1)} -> ATT | N16: {=if(isblank(E16),"",xlookup($N$9&M16,z_Others!$X$5:$X$17&z_Others!$W$5:$W$17,z_Others!$Z$5:$Z$17,"",0,1))} -> 35582324 | O16: {=if(isblank(E16),"",xlookup($N$9&M16,z_Others!$X$5:$X$17&z_Others!$W$5:$W$17,z_Others!$AH$5:$AH$17,"",0,1))} -> 35 582324 020000x | P16: {=if(isblank(E16),"",xlookup($N$9&M16,z_Others!$X$5:$X$17&z_Others!$W$5:$W$17,z_Others!$AI$5:$AI$17,"",0,1))} -> 35 582324 999999x | Q16: 04:00:6E:C4:01:C2 64:9D:38:C7:BC:9E 64:9D:38:DE:9F:FE 64:9D:38:EC:5B:9E B0:D5:FB:A3:48:10 34:39:16:36:EE:80 B0:D5:FB:DD:43:D0 34:39:16:5D:00:FC 30:E0:44:6D:2C:72 | R16: 04:00:6E:C8:95:A1 64:9D:38:CC:50:7D 64:9D:38:E3:33:DD 64:9D:38:F0:EF:7D B0:D5:FB:AA:E9:2F 34:39:16:3C:A3:6F B0:D5:FB:DF:2F:FF 34:39:16:64:A2:1B 30:E0:44:74:CD:91 | S16: {=if(isblank(E16),"",xlookup($S$9&M16,z_Others!$X$5:$X$17&z_Others!$W$5:$W$17,z_Others!$Z$5:$Z$17,"",0,1))} -> 35484520 | T16: {=if(isblank(E16),"",xlookup($S$9&M16,z_Others!$X$5:$X$17&z_Others!$W$5:$W$17,z_Others!$AH$5:$AH$17,"",0,1))} -> 35 484520 020000x | U16: {=if(isblank(E16),"",xlookup($S$9&M16,z_Others!$X$5:$X$17&z_Others!$W$5:$W$17,z_Others!$AI$5:$AI$17,"",0,1))} -> 35 484520 999999x | V16: =if(isblank(E16),"",$V$9) -> 64:9D:38:32:91:82 B0:D5:FB:C6:60:70 | W16: =if(isblank(E16),"",$W$9) -> 64:9D:38:37:25:61 B0:D5:FB:CE:01:8F | X16: =if(isblank(E16),"",$X$9) -> MP1.0 | Z16: =if(isblank(E16),"",$Z$9) -> Android 16 | AA16: =if(isblank(F16),"",$Z$9) -> Android 16 | AB16: SKU, CLR1, GOOD, MMWAVE, AT&T, US, FL5 | AC16: Pixel 10, Obsidian, 128GB, AT&T, US | AD16: BD1A.250702.001 | AE16: BD3A.250721.001.E1 | AF16: BD1A.250702.001 | AG16: BD3A.250721.001.E1 | AH16: {=if(isblank(E16),"",xlookup(F16,z_Others!$B$21:$B$45,z_Others!$F$21:$F$45,"TBD",0,1))} -> US | AI16: {=if(isblank(E16),"", xlookup(E16,'Import_FL5_LH_PVTMP_Configs (Do'!E:E,'Import_FL5_LH_PVTMP_Configs (Do'!O:O,"TBD",0,1))} -> G710-07800-01 | AK16: {=if(isblank(E16),"", xlookup(E16,'Import_FL5_LH_PVTMP_Configs (Do'!E:E,'Import_FL5_LH_PVTMP_Configs (Do'!Q:Q,"TBD",0,1))} -> G650-14694-05 | AL16: {=if(isblank(E16),"", xlookup(E16,'Import_FL5_LH_PVTMP_Configs (Do'!E:E,'Import_FL5_LH_PVTMP_Configs (Do'!M:M,"TBD",0,1))} -> G710-07670-01 | AM16: {=if(isblank(E16),"", xlookup(E16,'Import_FL5_LH_PVTMP_Configs (Do'!E:E,'Import_FL5_LH_PVTMP_Configs (Do'!N:N,"TBD",0,1))} -> G730-09533-01 | AN16: {=if(isblank(E16),"", xlookup(E16,'Import_FL5_LH_PVTMP_Configs (Do'!E:E,'Import_FL5_LH_PVTMP_Configs (Do'!K:K,"TBD",0,1))} -> G950-15935-00 | AO16: {=if(isblank(E16),"",XLOOKUP(E16,'FL5_G954 Pkg ASSY (Pkg BOM)'!L:L,'FL5_G954 Pkg ASSY (Pkg BOM)'!G:G,"N/A",0,1))} -> G954-08540-00 | AP16: {=if(isblank(E16),"",xlookup(E16,'FL5_G962 Country kit (Accesorie'!L:L,'FL5_G962 Country kit (Accesorie'!G:G,"N/A",0,1))} -> G962-00511-00 | AQ16: {=if(isblank(E16),"", xlookup(E16,'Import_LH_Label approve'!E:E,'Import_LH_Label approve'!M:M,"",0,1))} -> G990-08380-11-01 G990-08380-11-A | AR16: {=if(isblank(E16),"",xlookup(E16,'Import_LH_Label approve'!E:E,'Import_LH_Label approve'!N:N,"",0,1))} -> G990-08491-11-01 G990-08491-11-A | AS16: 128GB | AT16: =if(isblank(E16),"","Yes") -> Yes | AU16: =if(isblank(E16),"",if(mid(E16,9,2)="GB", "Yes","No")) -> No | AV16: =if(isblank(E16),"",if(mid(E16,9,2)="IN", "Yes","No")) -> No | AW16: 6990E | AX16: 840353926400 | AY16: 0840353926400 | AZ16: {=if(isblank(E16),"", xlookup(E16,Import_FL5_LH_PVT_BM!D:D,Import_FL5_LH_PVT_BM!AK:AK,$F$4,0,1))} -> MP | BA16: =if(isblank(E16),"",if(D16="Retail Pack","Retail_10ct",if(D16="Bulk Pack","Bulk_30ct"))) -> Retail_10ct | BB16: {=if(isblank(E16),"",xlookup(F16,z_Others!$B$21:$B$42,z_Others!$G$21:$G$42,"No",0,1))} -> ATT Master Carton Label | BC16: {=if(isblank(E16),"",xlookup(F16,z_Others!$B$21:$B$42,z_Others!$H$21:$H$42,"No",0,1))} -> ATT Pallet Label (BTO) ATT Pallet Label (BTS) | BD16: {=if(isblank(E16),"",xlookup(E16,'Import_VN_Label approve'!E:E,'Import_VN_Label approve'!L:L,"N/A",0,1))} -> G990-08482-11-01 G990-08482-11-A | BE16: {=if(isblank(E16),"",xlookup(E16,'Import_VN_Label approve'!E:E,'Import_VN_Label approve'!N:N,"N/A",0,1))} -> G990-08491-11-01 G990-08491-11-A | BG16: FL5-MP-彩盒包 | BH16: FL5-MP-Colorbox | BI16: 45773 | BJ16: {=if(isblank(E16),"", xlookup(D16,z_Others!$B$5:$B$17,z_Others!$C$5:$C$17,"",0,1))} -> 智能手機 | BK16: 45765 | BL16: {=if(isblank(E16),"",xlookup(E16,'FL5_MP POR_LH_報關備案_G950 & GA'!F:F,'FL5_MP POR_LH_報關備案_G950 & GA'!E:E,"No Need",0,1))} -> Close | BM16: {=if(isblank(E16),"",xlookup($BM$9&E16,'Import_FL5 MPS (06.06.25) - Sor'!E12:E334&'Import_FL5 MPS (06.06.25) - Sor'!F12:F334,'Import_FL5 MPS (06.06.25) - Sor'!ES12:ES334,"No demand",0,1))} -> No demand | BN16: {=if(isblank(E16),"",xlookup($BN$9&E16,'Import_FL5 MPS (06.06.25) - Sor'!E12:E334&'Import_FL5 MPS (06.06.25) - Sor'!F12:F334,'Import_FL5 MPS (06.06.25) - Sor'!ES12:ES334,"No demand",0,1))} -> No demand | BO16: {=if(isblank(E16),"",xlookup($BO$9&E16,'Import_FL5 MPS (06.06.25) - Sor'!E12:E334&'Import_FL5 MPS (06.06.25) - Sor'!F12:F334,'Import_FL5 MPS (06.06.25) - Sor'!ES12:ES334,"No demand",0,1))} -> No demand | BP16: {=if(isblank(E16),"", xlookup(E16,'Import_LH_Label approve'!E:E,'Import_LH_Label approve'!L:L,"",0,1))} | BQ16: {=if(isblank(E16),"",xlookup(E16,'Import_VN_Label approve'!E:E,'Import_VN_Label approve'!M:M,"N/A",0,1))}
B17: 6 | C17: Pristine | D17: Retail Pack | E17: GA10246-US | F17: AT&T, US | G17: UAT | H17: {=xlookup(F17,z_Others!$B$21:$B$45,z_Others!$E$21:$E$45,"",0,1)} -> mmWave | I17: CLR4 | J17: {=if(isblank(E17),"",xlookup(I17,z_Others!$M$17:$M$20,z_Others!$O$17:$O$20,"",0,1))} -> Indigo | K17: {=xlookup(I17,z_Others!$M$17:$M$20,z_Others!$N$17:$N$20,"",0,1)} -> BUE | L17: {=xlookup(F17,z_Others!$B$21:$B$45,z_Others!$D$21:$D$45,"",0,1)} -> GLBW0 | M17: {=xlookup(F17,z_Others!$B$21:$B$45,z_Others!$C$21:$C$45,"",0,1)} -> ATT | N17: {=if(isblank(E17),"",xlookup($N$9&M17,z_Others!$X$5:$X$17&z_Others!$W$5:$W$17,z_Others!$Z$5:$Z$17,"",0,1))} -> 35582324 | O17: {=if(isblank(E17),"",xlookup($N$9&M17,z_Others!$X$5:$X$17&z_Others!$W$5:$W$17,z_Others!$AH$5:$AH$17,"",0,1))} -> 35 582324 020000x | P17: {=if(isblank(E17),"",xlookup($N$9&M17,z_Others!$X$5:$X$17&z_Others!$W$5:$W$17,z_Others!$AI$5:$AI$17,"",0,1))} -> 35 582324 999999x | Q17: 04:00:6E:C4:01:C2 64:9D:38:C7:BC:9E 64:9D:38:DE:9F:FE 64:9D:38:EC:5B:9E B0:D5:FB:A3:48:10 34:39:16:36:EE:80 B0:D5:FB:DD:43:D0 34:39:16:5D:00:FC 30:E0:44:6D:2C:72 | R17: 04:00:6E:C8:95:A1 64:9D:38:CC:50:7D 64:9D:38:E3:33:DD 64:9D:38:F0:EF:7D B0:D5:FB:AA:E9:2F 34:39:16:3C:A3:6F B0:D5:FB:DF:2F:FF 34:39:16:64:A2:1B 30:E0:44:74:CD:91 | S17: {=if(isblank(E17),"",xlookup($S$9&M17,z_Others!$X$5:$X$17&z_Others!$W$5:$W$17,z_Others!$Z$5:$Z$17,"",0,1))} -> 35484520 | T17: {=if(isblank(E17),"",xlookup($S$9&M17,z_Others!$X$5:$X$17&z_Others!$W$5:$W$17,z_Others!$AH$5:$AH$17,"",0,1))} -> 35 484520 020000x | U17: {=if(isblank(E17),"",xlookup($S$9&M17,z_Others!$X$5:$X$17&z_Others!$W$5:$W$17,z_Others!$AI$5:$AI$17,"",0,1))} -> 35 484520 999999x | V17: =if(isblank(E17),"",$V$9) -> 64:9D:38:32:91:82 B0:D5:FB:C6:60:70 | W17: =if(isblank(E17),"",$W$9) -> 64:9D:38:37:25:61 B0:D5:FB:CE:01:8F | X17: =if(isblank(E17),"",$X$9) -> MP1.0 | Z17: =if(isblank(E17),"",$Z$9) -> Android 16 | AA17: =if(isblank(F17),"",$Z$9) -> Android 16 | AB17: SKU, CLR4, GOOD, MMWAVE, AT&T, US, FL5 | AC17: Pixel 10, Indigo, 128GB, AT&T, US | AD17: BD1A.250702.001 | AE17: BD3A.250721.001.E1 | AF17: BD1A.250702.001 | AG17: BD3A.250721.001.E1 | AH17: {=if(isblank(E17),"",xlookup(F17,z_Others!$B$21:$B$45,z_Others!$F$21:$F$45,"TBD",0,1))} -> US | AI17: {=if(isblank(E17),"", xlookup(E17,'Import_FL5_LH_PVTMP_Configs (Do'!E:E,'Import_FL5_LH_PVTMP_Configs (Do'!O:O,"TBD",0,1))} -> G710-07800-01 | AK17: {=if(isblank(E17),"", xlookup(E17,'Import_FL5_LH_PVTMP_Configs (Do'!E:E,'Import_FL5_LH_PVTMP_Configs (Do'!Q:Q,"TBD",0,1))} -> G650-14694-05 | AL17: {=if(isblank(E17),"", xlookup(E17,'Import_FL5_LH_PVTMP_Configs (Do'!E:E,'Import_FL5_LH_PVTMP_Configs (Do'!M:M,"TBD",0,1))} -> G710-07670-01 | AM17: {=if(isblank(E17),"", xlookup(E17,'Import_FL5_LH_PVTMP_Configs (Do'!E:E,'Import_FL5_LH_PVTMP_Configs (Do'!N:N,"TBD",0,1))} -> G730-09533-04 | AN17: {=if(isblank(E17),"", xlookup(E17,'Import_FL5_LH_PVTMP_Configs (Do'!E:E,'Import_FL5_LH_PVTMP_Configs (Do'!K:K,"TBD",0,1))} -> G950-15935-03 | AO17: {=if(isblank(E17),"",XLOOKUP(E17,'FL5_G954 Pkg ASSY (Pkg BOM)'!L:L,'FL5_G954 Pkg ASSY (Pkg BOM)'!G:G,"N/A",0,1))} -> G954-08540-00 | AP17: {=if(isblank(E17),"",xlookup(E17,'FL5_G962 Country kit (Accesorie'!L:L,'FL5_G962 Country kit (Accesorie'!G:G,"N/A",0,1))} -> G962-00511-00 | AQ17: {=if(isblank(E17),"", xlookup(E17,'Import_LH_Label approve'!E:E,'Import_LH_Label approve'!M:M,"",0,1))} -> G990-08380-41-01 G990-08380-41-A | AR17: {=if(isblank(E17),"",xlookup(E17,'Import_LH_Label approve'!E:E,'Import_LH_Label approve'!N:N,"",0,1))} -> G990-08491-41-01 G990-08491-41-A | AS17: 128GB | AT17: =if(isblank(E17),"","Yes") -> Yes | AU17: =if(isblank(E17),"",if(mid(E17,9,2)="GB", "Yes","No")) -> No | AV17: =if(isblank(E17),"",if(mid(E17,9,2)="IN", "Yes","No")) -> No | AW17: 6991E | AX17: 840353926431 | AY17: 0840353926431 | AZ17: {=if(isblank(E17),"", xlookup(E17,Import_FL5_LH_PVT_BM!D:D,Import_FL5_LH_PVT_BM!AK:AK,$F$4,0,1))} -> MP | BA17: =if(isblank(E17),"",if(D17="Retail Pack","Retail_10ct",if(D17="Bulk Pack","Bulk_30ct"))) -> Retail_10ct | BB17: {=if(isblank(E17),"",xlookup(F17,z_Others!$B$21:$B$42,z_Others!$G$21:$G$42,"No",0,1))} -> ATT Master Carton Label | BC17: {=if(isblank(E17),"",xlookup(F17,z_Others!$B$21:$B$42,z_Others!$H$21:$H$42,"No",0,1))} -> ATT Pallet Label (BTO) ATT Pallet Label (BTS) | BD17: {=if(isblank(E17),"",xlookup(E17,'Import_VN_Label approve'!E:E,'Import_VN_Label approve'!L:L,"N/A",0,1))} -> G990-08482-41-01 G990-08482-41-A | BE17: {=if(isblank(E17),"",xlookup(E17,'Import_VN_Label approve'!E:E,'Import_VN_Label approve'!N:N,"N/A",0,1))} -> G990-08491-41-01 G990-08491-41-A | BG17: FL5-MP-彩盒包 | BH17: FL5-MP-Colorbox | BI17: 45773 | BJ17: {=if(isblank(E17),"", xlookup(D17,z_Others!$B$5:$B$17,z_Others!$C$5:$C$17,"",0,1))} -> 智能手機 | BK17: 45782 | BL17: {=if(isblank(E17),"",xlookup(E17,'FL5_MP POR_LH_報關備案_G950 & GA'!F:F,'FL5_MP POR_LH_報關備案_G950 & GA'!E:E,"No Need",0,1))} -> Close | BM17: {=if(isblank(E17),"",xlookup($BM$9&E17,'Import_FL5 MPS (06.06.25) - Sor'!E13:E334&'Import_FL5 MPS (06.06.25) - Sor'!F13:F334,'Import_FL5 MPS (06.06.25) - Sor'!ES13:ES334,"No demand",0,1))} -> No demand | BN17: {=if(isblank(E17),"",xlookup($BN$9&E17,'Import_FL5 MPS (06.06.25) - Sor'!E13:E334&'Import_FL5 MPS (06.06.25) - Sor'!F13:F334,'Import_FL5 MPS (06.06.25) - Sor'!ES13:ES334,"No demand",0,1))} -> No demand | BO17: {=if(isblank(E17),"",xlookup($BO$9&E17,'Import_FL5 MPS (06.06.25) - Sor'!E13:E334&'Import_FL5 MPS (06.06.25) - Sor'!F13:F334,'Import_FL5 MPS (06.06.25) - Sor'!ES13:ES334,"No demand",0,1))} -> No demand | BP17: {=if(isblank(E17),"", xlookup(E17,'Import_LH_Label approve'!E:E,'Import_LH_Label approve'!L:L,"",0,1))} | BQ17: {=if(isblank(E17),"",xlookup(E17,'Import_VN_Label approve'!E:E,'Import_VN_Label approve'!M:M,"N/A",0,1))}
B18: 7 | C18: Pristine | D18: Retail Pack | E18: GA09862-US | F18: TMO, US | G18: UTM | H18: {=xlookup(F18,z_Others!$B$21:$B$45,z_Others!$E$21:$E$45,"",0,1)} -> mmWave | I18: CLR1 | J18: {=if(isblank(E18),"",xlookup(I18,z_Others!$M$17:$M$20,z_Others!$O$17:$O$20,"",0,1))} -> Obsidian | K18: {=xlookup(I18,z_Others!$M$17:$M$20,z_Others!$N$17:$N$20,"",0,1)} -> BLK | L18: {=xlookup(F18,z_Others!$B$21:$B$45,z_Others!$D$21:$D$45,"",0,1)} -> GLBW0 | M18: {=xlookup(F18,z_Others!$B$21:$B$45,z_Others!$C$21:$C$45,"",0,1)} -> TMO | N18: {=if(isblank(E18),"",xlookup($N$9&M18,z_Others!$X$5:$X$17&z_Others!$W$5:$W$17,z_Others!$Z$5:$Z$17,"",0,1))} -> 35163422 | O18: {=if(isblank(E18),"",xlookup($N$9&M18,z_Others!$X$5:$X$17&z_Others!$W$5:$W$17,z_Others!$AH$5:$AH$17,"",0,1))} -> 35 163422 020000x | P18: {=if(isblank(E18),"",xlookup($N$9&M18,z_Others!$X$5:$X$17&z_Others!$W$5:$W$17,z_Others!$AI$5:$AI$17,"",0,1))} -> 35 163422 999999x | Q18: 04:00:6E:C4:01:C2 64:9D:38:C7:BC:9E 64:9D:38:DE:9F:FE 64:9D:38:EC:5B:9E B0:D5:FB:A3:48:10 34:39:16:36:EE:80 B0:D5:FB:DD:43:D0 34:39:16:5D:00:FC 30:E0:44:6D:2C:72 | R18: 04:00:6E:C8:95:A1 64:9D:38:CC:50:7D 64:9D:38:E3:33:DD 64:9D:38:F0:EF:7D B0:D5:FB:AA:E9:2F 34:39:16:3C:A3:6F B0:D5:FB:DF:2F:FF 34:39:16:64:A2:1B 30:E0:44:74:CD:91 | S18: {=if(isblank(E18),"",xlookup($S$9&M18,z_Others!$X$5:$X$17&z_Others!$W$5:$W$17,z_Others!$Z$5:$Z$17,"",0,1))} -> 35676321 | T18: {=if(isblank(E18),"",xlookup($S$9&M18,z_Others!$X$5:$X$17&z_Others!$W$5:$W$17,z_Others!$AH$5:$AH$17,"",0,1))} -> 35 676321 020000x | U18: {=if(isblank(E18),"",xlookup($S$9&M18,z_Others!$X$5:$X$17&z_Others!$W$5:$W$17,z_Others!$AI$5:$AI$17,"",0,1))} -> 35 676321 999999x | V18: =if(isblank(E18),"",$V$9) -> 64:9D:38:32:91:82 B0:D5:FB:C6:60:70 | W18: =if(isblank(E18),"",$W$9) -> 64:9D:38:37:25:61 B0:D5:FB:CE:01:8F | X18: =if(isblank(E18),"",$X$9) -> MP1.0 | Z18: =if(isblank(E18),"",$Z$9) -> Android 16 | AA18: =if(isblank(F18),"",$Z$9) -> Android 16 | AB18: SKU, CLR1, GOOD, MMWAVE, TMO, US, FL5 | AC18: Pixel 10, Obsidian, 128GB, TMO, US | AD18: BD1A.250702.001 | AE18: BD3A.250721.001.E1 | AF18: BD1A.250702.001 | AG18: BD3A.250721.001.E1 | AH18: {=if(isblank(E18),"",xlookup(F18,z_Others!$B$21:$B$45,z_Others!$F$21:$F$45,"TBD",0,1))} -> US | AI18: {=if(isblank(E18),"", xlookup(E18,'Import_FL5_LH_PVTMP_Configs (Do'!E:E,'Import_FL5_LH_PVTMP_Configs (Do'!O:O,"TBD",0,1))} -> G710-07800-01 | AK18: {=if(isblank(E18),"", xlookup(E18,'Import_FL5_LH_PVTMP_Configs (Do'!E:E,'Import_FL5_LH_PVTMP_Configs (Do'!Q:Q,"TBD",0,1))} -> G650-14694-05 | AL18: {=if(isblank(E18),"", xlookup(E18,'Import_FL5_LH_PVTMP_Configs (Do'!E:E,'Import_FL5_LH_PVTMP_Configs (Do'!M:M,"TBD",0,1))} -> G710-07670-01 | AM18: {=if(isblank(E18),"", xlookup(E18,'Import_FL5_LH_PVTMP_Configs (Do'!E:E,'Import_FL5_LH_PVTMP_Configs (Do'!N:N,"TBD",0,1))} -> G730-09533-01 | AN18: {=if(isblank(E18),"", xlookup(E18,'Import_FL5_LH_PVTMP_Configs (Do'!E:E,'Import_FL5_LH_PVTMP_Configs (Do'!K:K,"TBD",0,1))} -> G950-15935-00 | AO18: {=if(isblank(E18),"",XLOOKUP(E18,'FL5_G954 Pkg ASSY (Pkg BOM)'!L:L,'FL5_G954 Pkg ASSY (Pkg BOM)'!G:G,"N/A",0,1))} -> G954-08540-00 | AP18: {=if(isblank(E18),"",xlookup(E18,'FL5_G962 Country kit (Accesorie'!L:L,'FL5_G962 Country kit (Accesorie'!G:G,"N/A",0,1))} -> G962-00511-00 | AQ18: {=if(isblank(E18),"", xlookup(E18,'Import_LH_Label approve'!E:E,'Import_LH_Label approve'!M:M,"",0,1))} -> G990-08380-11-01 G990-08380-11-A | AR18: {=if(isblank(E18),"",xlookup(E18,'Import_LH_Label approve'!E:E,'Import_LH_Label approve'!N:N,"",0,1))} -> G990-08492-11-02 G990-08492-11-A | AS18: 128GB | AT18: =if(isblank(E18),"","Yes") -> Yes | AU18: =if(isblank(E18),"",if(mid(E18,9,2)="GB", "Yes","No")) -> No | AV18: =if(isblank(E18),"",if(mid(E18,9,2)="IN", "Yes","No")) -> No | AW18: 840353926684 | AX18: 840353926684 | AY18: 0840353926684 | AZ18: {=if(isblank(E18),"", xlookup(E18,Import_FL5_LH_PVT_BM!D:D,Import_FL5_LH_PVT_BM!AK:AK,$F$4,0,1))} -> MP | BA18: =if(isblank(E18),"",if(D18="Retail Pack","Retail_10ct",if(D18="Bulk Pack","Bulk_30ct"))) -> Retail_10ct | BB18: {=if(isblank(E18),"",xlookup(F18,z_Others!$B$21:$B$42,z_Others!$G$21:$G$42,"No",0,1))} -> TMO Master Carton Label | BC18: {=if(isblank(E18),"",xlookup(F18,z_Others!$B$21:$B$42,z_Others!$H$21:$H$42,"No",0,1))} -> T-Mobile Pallet Label (BTO) T-Mobile Pallet Label (BTS) | BD18: {=if(isblank(E18),"",xlookup(E18,'Import_VN_Label approve'!E:E,'Import_VN_Label approve'!L:L,"N/A",0,1))} -> G990-08482-11-01 G990-08482-11-A | BE18: {=if(isblank(E18),"",xlookup(E18,'Import_VN_Label approve'!E:E,'Import_VN_Label approve'!N:N,"N/A",0,1))} -> G990-08492-11-02 G990-08492-11-A | BG18: FL5-MP-彩盒包 | BH18: FL5-MP-Colorbox | BI18: 45773 | BJ18: {=if(isblank(E18),"", xlookup(D18,z_Others!$B$5:$B$17,z_Others!$C$5:$C$17,"",0,1))} -> 智能手機 | BK18: 45765 | BL18: {=if(isblank(E18),"",xlookup(E18,'FL5_MP POR_LH_報關備案_G950 & GA'!F:F,'FL5_MP POR_LH_報關備案_G950 & GA'!E:E,"No Need",0,1))} -> Close | BM18: {=if(isblank(E18),"",xlookup($BM$9&E18,'Import_FL5 MPS (06.06.25) - Sor'!E14:E334&'Import_FL5 MPS (06.06.25) - Sor'!F14:F334,'Import_FL5 MPS (06.06.25) - Sor'!ES14:ES334,"No demand",0,1))} -> No demand | BN18: {=if(isblank(E18),"",xlookup($BN$9&E18,'Import_FL5 MPS (06.06.25) - Sor'!E14:E334&'Import_FL5 MPS (06.06.25) - Sor'!F14:F334,'Import_FL5 MPS (06.06.25) - Sor'!ES14:ES334,"No demand",0,1))} -> No demand | BO18: {=if(isblank(E18),"",xlookup($BO$9&E18,'Import_FL5 MPS (06.06.25) - Sor'!E14:E334&'Import_FL5 MPS (06.06.25) - Sor'!F14:F334,'Import_FL5 MPS (06.06.25) - Sor'!ES14:ES334,"No demand",0,1))} -> No demand | BP18: {=if(isblank(E18),"", xlookup(E18,'Import_LH_Label approve'!E:E,'Import_LH_Label approve'!L:L,"",0,1))} | BQ18: {=if(isblank(E18),"",xlookup(E18,'Import_VN_Label approve'!E:E,'Import_VN_Label approve'!M:M,"N/A",0,1))}
B19: 8 | C19: Pristine | D19: Retail Pack | E19: GA10252-US | F19: TMO, US | G19: UTM | H19: {=xlookup(F19,z_Others!$B$21:$B$45,z_Others!$E$21:$E$45,"",0,1)} -> mmWave | I19: CLR4 | J19: {=if(isblank(E19),"",xlookup(I19,z_Others!$M$17:$M$20,z_Others!$O$17:$O$20,"",0,1))} -> Indigo | K19: {=xlookup(I19,z_Others!$M$17:$M$20,z_Others!$N$17:$N$20,"",0,1)} -> BUE | L19: {=xlookup(F19,z_Others!$B$21:$B$45,z_Others!$D$21:$D$45,"",0,1)} -> GLBW0 | M19: {=xlookup(F19,z_Others!$B$21:$B$45,z_Others!$C$21:$C$45,"",0,1)} -> TMO | N19: {=if(isblank(E19),"",xlookup($N$9&M19,z_Others!$X$5:$X$17&z_Others!$W$5:$W$17,z_Others!$Z$5:$Z$17,"",0,1))} -> 35163422 | O19: {=if(isblank(E19),"",xlookup($N$9&M19,z_Others!$X$5:$X$17&z_Others!$W$5:$W$17,z_Others!$AH$5:$AH$17,"",0,1))} -> 35 163422 020000x | P19: {=if(isblank(E19),"",xlookup($N$9&M19,z_Others!$X$5:$X$17&z_Others!$W$5:$W$17,z_Others!$AI$5:$AI$17,"",0,1))} -> 35 163422 999999x | Q19: 04:00:6E:C4:01:C2 64:9D:38:C7:BC:9E 64:9D:38:DE:9F:FE 64:9D:38:EC:5B:9E B0:D5:FB:A3:48:10 34:39:16:36:EE:80 B0:D5:FB:DD:43:D0 34:39:16:5D:00:FC 30:E0:44:6D:2C:72 | R19: 04:00:6E:C8:95:A1 64:9D:38:CC:50:7D 64:9D:38:E3:33:DD 64:9D:38:F0:EF:7D B0:D5:FB:AA:E9:2F 34:39:16:3C:A3:6F B0:D5:FB:DF:2F:FF 34:39:16:64:A2:1B 30:E0:44:74:CD:91 | S19: {=if(isblank(E19),"",xlookup($S$9&M19,z_Others!$X$5:$X$17&z_Others!$W$5:$W$17,z_Others!$Z$5:$Z$17,"",0,1))} -> 35676321 | T19: {=if(isblank(E19),"",xlookup($S$9&M19,z_Others!$X$5:$X$17&z_Others!$W$5:$W$17,z_Others!$AH$5:$AH$17,"",0,1))} -> 35 676321 020000x | U19: {=if(isblank(E19),"",xlookup($S$9&M19,z_Others!$X$5:$X$17&z_Others!$W$5:$W$17,z_Others!$AI$5:$AI$17,"",0,1))} -> 35 676321 999999x | V19: =if(isblank(E19),"",$V$9) -> 64:9D:38:32:91:82 B0:D5:FB:C6:60:70 | W19: =if(isblank(E19),"",$W$9) -> 64:9D:38:37:25:61 B0:D5:FB:CE:01:8F | X19: =if(isblank(E19),"",$X$9) -> MP1.0 | Z19: =if(isblank(E19),"",$Z$9) -> Android 16 | AA19: =if(isblank(F19),"",$Z$9) -> Android 16 | AB19: SKU, CLR4, GOOD, MMWAVE, Tmobile, US, FL5 | AC19: Pixel 10, Indigo, 128GB, TMO, US | AD19: BD1A.250702.001 | AE19: BD3A.250721.001.E1 | AF19: BD1A.250702.001 | AG19: BD3A.250721.001.E1 | AH19: {=if(isblank(E19),"",xlookup(F19,z_Others!$B$21:$B$45,z_Others!$F$21:$F$45,"TBD",0,1))} -> US | AI19: {=if(isblank(E19),"", xlookup(E19,'Import_FL5_LH_PVTMP_Configs (Do'!E:E,'Import_FL5_LH_PVTMP_Configs (Do'!O:O,"TBD",0,1))} -> G710-07800-01 | AK19: {=if(isblank(E19),"", xlookup(E19,'Import_FL5_LH_PVTMP_Configs (Do'!E:E,'Import_FL5_LH_PVTMP_Configs (Do'!Q:Q,"TBD",0,1))} -> G650-14694-05 | AL19: {=if(isblank(E19),"", xlookup(E19,'Import_FL5_LH_PVTMP_Configs (Do'!E:E,'Import_FL5_LH_PVTMP_Configs (Do'!M:M,"TBD",0,1))} -> G710-07670-01 | AM19: {=if(isblank(E19),"", xlookup(E19,'Import_FL5_LH_PVTMP_Configs (Do'!E:E,'Import_FL5_LH_PVTMP_Configs (Do'!N:N,"TBD",0,1))} -> G730-09533-04 | AN19: {=if(isblank(E19),"", xlookup(E19,'Import_FL5_LH_PVTMP_Configs (Do'!E:E,'Import_FL5_LH_PVTMP_Configs (Do'!K:K,"TBD",0,1))} -> G950-15935-03 | AO19: {=if(isblank(E19),"",XLOOKUP(E19,'FL5_G954 Pkg ASSY (Pkg BOM)'!L:L,'FL5_G954 Pkg ASSY (Pkg BOM)'!G:G,"N/A",0,1))} -> G954-08540-00 | AP19: {=if(isblank(E19),"",xlookup(E19,'FL5_G962 Country kit (Accesorie'!L:L,'FL5_G962 Country kit (Accesorie'!G:G,"N/A",0,1))} -> G962-00511-00 | AQ19: {=if(isblank(E19),"", xlookup(E19,'Import_LH_Label approve'!E:E,'Import_LH_Label approve'!M:M,"",0,1))} -> G990-08380-41-01 G990-08380-41-A | AR19: {=if(isblank(E19),"",xlookup(E19,'Import_LH_Label approve'!E:E,'Import_LH_Label approve'!N:N,"",0,1))} -> G990-08492-41-02 G990-08492-41-A | AS19: 128GB | AT19: =if(isblank(E19),"","Yes") -> Yes | AU19: =if(isblank(E19),"",if(mid(E19,9,2)="GB", "Yes","No")) -> No | AV19: =if(isblank(E19),"",if(mid(E19,9,2)="IN", "Yes","No")) -> No | AW19: 840353926691 | AX19: 840353926691 | AY19: 0840353926691 | AZ19: {=if(isblank(E19),"", xlookup(E19,Import_FL5_LH_PVT_BM!D:D,Import_FL5_LH_PVT_BM!AK:AK,$F$4,0,1))} -> MP | BA19: =if(isblank(E19),"",if(D19="Retail Pack","Retail_10ct",if(D19="Bulk Pack","Bulk_30ct"))) -> Retail_10ct | BB19: {=if(isblank(E19),"",xlookup(F19,z_Others!$B$21:$B$42,z_Others!$G$21:$G$42,"No",0,1))} -> TMO Master Carton Label | BC19: {=if(isblank(E19),"",xlookup(F19,z_Others!$B$21:$B$42,z_Others!$H$21:$H$42,"No",0,1))} -> T-Mobile Pallet Label (BTO) T-Mobile Pallet Label (BTS) | BD19: {=if(isblank(E19),"",xlookup(E19,'Import_VN_Label approve'!E:E,'Import_VN_Label approve'!L:L,"N/A",0,1))} -> G990-08482-41-01 G990-08482-41-A | BE19: {=if(isblank(E19),"",xlookup(E19,'Import_VN_Label approve'!E:E,'Import_VN_Label approve'!N:N,"N/A",0,1))} -> G990-08492-41-02 G990-08492-41-A | BG19: FL5-MP-彩盒包 | BH19: FL5-MP-Colorbox | BI19: 45773 | BJ19: {=if(isblank(E19),"", xlookup(D19,z_Others!$B$5:$B$17,z_Others!$C$5:$C$17,"",0,1))} -> 智能手機 | BK19: 45782 | BL19: {=if(isblank(E19),"",xlookup(E19,'FL5_MP POR_LH_報關備案_G950 & GA'!F:F,'FL5_MP POR_LH_報關備案_G950 & GA'!E:E,"No Need",0,1))} -> Close | BM19: {=if(isblank(E19),"",xlookup($BM$9&E19,'Import_FL5 MPS (06.06.25) - Sor'!E15:E334&'Import_FL5 MPS (06.06.25) - Sor'!F15:F334,'Import_FL5 MPS (06.06.25) - Sor'!ES15:ES334,"No demand",0,1))} -> No demand | BN19: {=if(isblank(E19),"",xlookup($BN$9&E19,'Import_FL5 MPS (06.06.25) - Sor'!E15:E334&'Import_FL5 MPS (06.06.25) - Sor'!F15:F334,'Import_FL5 MPS (06.06.25) - Sor'!ES15:ES334,"No demand",0,1))} -> No demand | BO19: {=if(isblank(E19),"",xlookup($BO$9&E19,'Import_FL5 MPS (06.06.25) - Sor'!E15:E334&'Import_FL5 MPS (06.06.25) - Sor'!F15:F334,'Import_FL5 MPS (06.06.25) - Sor'!ES15:ES334,"No demand",0,1))} -> No demand | BP19: {=if(isblank(E19),"", xlookup(E19,'Import_LH_Label approve'!E:E,'Import_LH_Label approve'!L:L,"",0,1))} | BQ19: {=if(isblank(E19),"",xlookup(E19,'Import_VN_Label approve'!E:E,'Import_VN_Label approve'!M:M,"N/A",0,1))}
B20: 9 | C20: Pristine | D20: Retail Pack | E20: GA09744-US | F20: GSTORE, US | G20: UGS | H20: {=xlookup(F20,z_Others!$B$21:$B$45,z_Others!$E$21:$E$45,"",0,1)} -> mmWave | I20: CLR1 | J20: {=if(isblank(E20),"",xlookup(I20,z_Others!$M$17:$M$20,z_Others!$O$17:$O$20,"",0,1))} -> Obsidian | K20: {=xlookup(I20,z_Others!$M$17:$M$20,z_Others!$N$17:$N$20,"",0,1)} -> BLK | L20: {=xlookup(F20,z_Others!$B$21:$B$45,z_Others!$D$21:$D$45,"",0,1)} -> GLBW0 | M20: {=xlookup(F20,z_Others!$B$21:$B$45,z_Others!$C$21:$C$45,"",0,1)} -> NA | N20: {=if(isblank(E20),"",xlookup($N$9&M20,z_Others!$X$5:$X$17&z_Others!$W$5:$W$17,z_Others!$Z$5:$Z$17,"",0,1))} -> 35124436 | O20: {=if(isblank(E20),"",xlookup($N$9&M20,z_Others!$X$5:$X$17&z_Others!$W$5:$W$17,z_Others!$AH$5:$AH$17,"",0,1))} -> 35 124436 070000x | P20: {=if(isblank(E20),"",xlookup($N$9&M20,z_Others!$X$5:$X$17&z_Others!$W$5:$W$17,z_Others!$AI$5:$AI$17,"",0,1))} -> 35 124436 999999x | Q20: 04:00:6E:C4:01:C2 64:9D:38:C7:BC:9E 64:9D:38:DE:9F:FE 64:9D:38:EC:5B:9E B0:D5:FB:A3:48:10 34:39:16:36:EE:80 B0:D5:FB:DD:43:D0 34:39:16:5D:00:FC 30:E0:44:6D:2C:72 | R20: 04:00:6E:C8:95:A1 64:9D:38:CC:50:7D 64:9D:38:E3:33:DD 64:9D:38:F0:EF:7D B0:D5:FB:AA:E9:2F 34:39:16:3C:A3:6F B0:D5:FB:DF:2F:FF 34:39:16:64:A2:1B 30:E0:44:74:CD:91 | S20: {=if(isblank(E20),"",xlookup($S$9&M20,z_Others!$X$5:$X$17&z_Others!$W$5:$W$17,z_Others!$Z$5:$Z$17,"",0,1))} -> 35676628 | T20: {=if(isblank(E20),"",xlookup($S$9&M20,z_Others!$X$5:$X$17&z_Others!$W$5:$W$17,z_Others!$AH$5:$AH$17,"",0,1))} -> 35 676628 040000x 35 676628 340000x | U20: {=if(isblank(E20),"",xlookup($S$9&M20,z_Others!$X$5:$X$17&z_Others!$W$5:$W$17,z_Others!$AI$5:$AI$17,"",0,1))} -> 35 676628 999999x 35 676628 639999x | V20: =if(isblank(E20),"",$V$9) -> 64:9D:38:32:91:82 B0:D5:FB:C6:60:70 | W20: =if(isblank(E20),"",$W$9) -> 64:9D:38:37:25:61 B0:D5:FB:CE:01:8F | X20: =if(isblank(E20),"",$X$9) -> MP1.0 | Z20: =if(isblank(E20),"",$Z$9) -> Android 16 | AA20: =if(isblank(F20),"",$Z$9) -> Android 16 | AB20: SKU, CLR1, GOOD, MMWAVE, GSTORE, US, FL5 | AC20: Pixel 10, Obsidian, 128GB, GSTORE, US | AD20: BD1A.250702.001 | AE20: BD3A.250721.001.E1 | AF20: BD1A.250702.001 | AG20: BD3A.250721.001.E1 | AH20: {=if(isblank(E20),"",xlookup(F20,z_Others!$B$21:$B$45,z_Others!$F$21:$F$45,"TBD",0,1))} -> 00 | AI20: {=if(isblank(E20),"", xlookup(E20,'Import_FL5_LH_PVTMP_Configs (Do'!E:E,'Import_FL5_LH_PVTMP_Configs (Do'!O:O,"TBD",0,1))} -> G710-07800-01 | AK20: {=if(isblank(E20),"", xlookup(E20,'Import_FL5_LH_PVTMP_Configs (Do'!E:E,'Import_FL5_LH_PVTMP_Configs (Do'!Q:Q,"TBD",0,1))} -> G650-14694-05 | AL20: {=if(isblank(E20),"", xlookup(E20,'Import_FL5_LH_PVTMP_Configs (Do'!E:E,'Import_FL5_LH_PVTMP_Configs (Do'!M:M,"TBD",0,1))} -> G710-07670-01 | AM20: {=if(isblank(E20),"", xlookup(E20,'Import_FL5_LH_PVTMP_Configs (Do'!E:E,'Import_FL5_LH_PVTMP_Configs (Do'!N:N,"TBD",0,1))} -> G730-09533-01 | AN20: {=if(isblank(E20),"", xlookup(E20,'Import_FL5_LH_PVTMP_Configs (Do'!E:E,'Import_FL5_LH_PVTMP_Configs (Do'!K:K,"TBD",0,1))} -> G950-15935-00 | AO20: {=if(isblank(E20),"",XLOOKUP(E20,'FL5_G954 Pkg ASSY (Pkg BOM)'!L:L,'FL5_G954 Pkg ASSY (Pkg BOM)'!G:G,"N/A",0,1))} -> G954-08540-00 | AP20: {=if(isblank(E20),"",xlookup(E20,'FL5_G962 Country kit (Accesorie'!L:L,'FL5_G962 Country kit (Accesorie'!G:G,"N/A",0,1))} -> G962-00511-00 | AQ20: {=if(isblank(E20),"", xlookup(E20,'Import_LH_Label approve'!E:E,'Import_LH_Label approve'!M:M,"",0,1))} -> G990-08380-11-01 G990-08380-11-A | AR20: {=if(isblank(E20),"",xlookup(E20,'Import_LH_Label approve'!E:E,'Import_LH_Label approve'!N:N,"",0,1))} -> G990-09560-00-A | AS20: 128GB | AT20: =if(isblank(E20),"","Yes") -> Yes | AU20: =if(isblank(E20),"",if(mid(E20,9,2)="GB", "Yes","No")) -> No | AV20: =if(isblank(E20),"",if(mid(E20,9,2)="IN", "Yes","No")) -> No | AX20: 840353926769 | AY20: 0840353926769 | AZ20: {=if(isblank(E20),"", xlookup(E20,Import_FL5_LH_PVT_BM!D:D,Import_FL5_LH_PVT_BM!AK:AK,$F$4,0,1))} -> MP | BA20: =if(isblank(E20),"",if(D20="Retail Pack","Retail_10ct",if(D20="Bulk Pack","Bulk_30ct"))) -> Retail_10ct | BB20: {=if(isblank(E20),"",xlookup(F20,z_Others!$B$21:$B$42,z_Others!$G$21:$G$42,"No",0,1))} -> ROW Master Carton Label (UPC) | BC20: {=if(isblank(E20),"",xlookup(F20,z_Others!$B$21:$B$42,z_Others!$H$21:$H$42,"No",0,1))} -> Standard Pallet Label (BTO) Standard Pallet Label (BTS) | BD20: {=if(isblank(E20),"",xlookup(E20,'Import_VN_Label approve'!E:E,'Import_VN_Label approve'!L:L,"N/A",0,1))} -> G990-08482-11-01 G990-08482-11-A | BE20: {=if(isblank(E20),"",xlookup(E20,'Import_VN_Label approve'!E:E,'Import_VN_Label approve'!N:N,"N/A",0,1))} -> G990-09560-00-A | BG20: FL5-MP-彩盒包 | BH20: FL5-MP-Colorbox | BI20: 45773 | BJ20: {=if(isblank(E20),"", xlookup(D20,z_Others!$B$5:$B$17,z_Others!$C$5:$C$17,"",0,1))} -> 智能手機 | BK20: 45765 | BL20: {=if(isblank(E20),"",xlookup(E20,'FL5_MP POR_LH_報關備案_G950 & GA'!F:F,'FL5_MP POR_LH_報關備案_G950 & GA'!E:E,"No Need",0,1))} -> Close | BM20: {=if(isblank(E20),"",xlookup($BM$9&E20,'Import_FL5 MPS (06.06.25) - Sor'!E16:E334&'Import_FL5 MPS (06.06.25) - Sor'!F16:F334,'Import_FL5 MPS (06.06.25) - Sor'!ES16:ES334,"No demand",0,1))} -> No demand | BN20: {=if(isblank(E20),"",xlookup($BN$9&E20,'Import_FL5 MPS (06.06.25) - Sor'!E16:E334&'Import_FL5 MPS (06.06.25) - Sor'!F16:F334,'Import_FL5 MPS (06.06.25) - Sor'!ES16:ES334,"No demand",0,1))} -> No demand | BO20: {=if(isblank(E20),"",xlookup($BO$9&E20,'Import_FL5 MPS (06.06.25) - Sor'!E16:E334&'Import_FL5 MPS (06.06.25) - Sor'!F16:F334,'Import_FL5 MPS (06.06.25) - Sor'!ES16:ES334,"No demand",0,1))} -> No demand | BP20: {=if(isblank(E20),"", xlookup(E20,'Import_LH_Label approve'!E:E,'Import_LH_Label approve'!L:L,"",0,1))} -> NA | BQ20: {=if(isblank(E20),"",xlookup(E20,'Import_VN_Label approve'!E:E,'Import_VN_Label approve'!M:M,"N/A",0,1))} -> N/A
B21: 10 | C21: Pristine | D21: Retail Pack | E21: GA10214-US | F21: GSTORE, US | G21: UGS | H21: {=xlookup(F21,z_Others!$B$21:$B$45,z_Others!$E$21:$E$45,"",0,1)} -> mmWave | I21: CLR2 | J21: {=if(isblank(E21),"",xlookup(I21,z_Others!$M$17:$M$20,z_Others!$O$17:$O$20,"",0,1))} -> Frost | K21: {=xlookup(I21,z_Others!$M$17:$M$20,z_Others!$N$17:$N$20,"",0,1)} -> PPL | L21: {=xlookup(F21,z_Others!$B$21:$B$45,z_Others!$D$21:$D$45,"",0,1)} -> GLBW0 | M21: {=xlookup(F21,z_Others!$B$21:$B$45,z_Others!$C$21:$C$45,"",0,1)} -> NA | N21: {=if(isblank(E21),"",xlookup($N$9&M21,z_Others!$X$5:$X$17&z_Others!$W$5:$W$17,z_Others!$Z$5:$Z$17,"",0,1))} -> 35124436 | O21: {=if(isblank(E21),"",xlookup($N$9&M21,z_Others!$X$5:$X$17&z_Others!$W$5:$W$17,z_Others!$AH$5:$AH$17,"",0,1))} -> 35 124436 070000x | P21: {=if(isblank(E21),"",xlookup($N$9&M21,z_Others!$X$5:$X$17&z_Others!$W$5:$W$17,z_Others!$AI$5:$AI$17,"",0,1))} -> 35 124436 999999x | Q21: 04:00:6E:C4:01:C2 64:9D:38:C7:BC:9E 64:9D:38:DE:9F:FE 64:9D:38:EC:5B:9E B0:D5:FB:A3:48:10 34:39:16:36:EE:80 B0:D5:FB:DD:43:D0 34:39:16:5D:00:FC 30:E0:44:6D:2C:72 | R21: 04:00:6E:C8:95:A1 64:9D:38:CC:50:7D 64:9D:38:E3:33:DD 64:9D:38:F0:EF:7D B0:D5:FB:AA:E9:2F 34:39:16:3C:A3:6F B0:D5:FB:DF:2F:FF 34:39:16:64:A2:1B 30:E0:44:74:CD:91 | S21: {=if(isblank(E21),"",xlookup($S$9&M21,z_Others!$X$5:$X$17&z_Others!$W$5:$W$17,z_Others!$Z$5:$Z$17,"",0,1))} -> 35676628 | T21: {=if(isblank(E21),"",xlookup($S$9&M21,z_Others!$X$5:$X$17&z_Others!$W$5:$W$17,z_Others!$AH$5:$AH$17,"",0,1))} -> 35 676628 040000x 35 676628 340000x | U21: {=if(isblank(E21),"",xlookup($S$9&M21,z_Others!$X$5:$X$17&z_Others!$W$5:$W$17,z_Others!$AI$5:$AI$17,"",0,1))} -> 35 676628 999999x 35 676628 639999x | V21: =if(isblank(E21),"",$V$9) -> 64:9D:38:32:91:82 B0:D5:FB:C6:60:70 | W21: =if(isblank(E21),"",$W$9) -> 64:9D:38:37:25:61 B0:D5:FB:CE:01:8F | X21: =if(isblank(E21),"",$X$9) -> MP1.0 | Z21: =if(isblank(E21),"",$Z$9) -> Android 16 | AA21: =if(isblank(F21),"",$Z$9) -> Android 16 | AB21: SKU, CLR2, GOOD, MMWAVE, Gstore, US, FL5 | AC21: Pixel 10, Frost, 128GB, GSTORE, US | AD21: BD1A.250702.001 | AE21: BD3A.250721.001.E1 | AF21: BD1A.250702.001 | AG21: BD3A.250721.001.E1 | AH21: {=if(isblank(E21),"",xlookup(F21,z_Others!$B$21:$B$45,z_Others!$F$21:$F$45,"TBD",0,1))} -> 00 | AI21: {=if(isblank(E21),"", xlookup(E21,'Import_FL5_LH_PVTMP_Configs (Do'!E:E,'Import_FL5_LH_PVTMP_Configs (Do'!O:O,"TBD",0,1))} -> G710-07800-01 | AK21: {=if(isblank(E21),"", xlookup(E21,'Import_FL5_LH_PVTMP_Configs (Do'!E:E,'Import_FL5_LH_PVTMP_Configs (Do'!Q:Q,"TBD",0,1))} -> G650-14694-05 | AL21: {=if(isblank(E21),"", xlookup(E21,'Import_FL5_LH_PVTMP_Configs (Do'!E:E,'Import_FL5_LH_PVTMP_Configs (Do'!M:M,"TBD",0,1))} -> G710-07670-01 | AM21: {=if(isblank(E21),"", xlookup(E21,'Import_FL5_LH_PVTMP_Configs (Do'!E:E,'Import_FL5_LH_PVTMP_Configs (Do'!N:N,"TBD",0,1))} -> G730-09533-02 | AN21: {=if(isblank(E21),"", xlookup(E21,'Import_FL5_LH_PVTMP_Configs (Do'!E:E,'Import_FL5_LH_PVTMP_Configs (Do'!K:K,"TBD",0,1))} -> G950-15935-01 | AO21: {=if(isblank(E21),"",XLOOKUP(E21,'FL5_G954 Pkg ASSY (Pkg BOM)'!L:L,'FL5_G954 Pkg ASSY (Pkg BOM)'!G:G,"N/A",0,1))} -> G954-08540-00 | AP21: {=if(isblank(E21),"",xlookup(E21,'FL5_G962 Country kit (Accesorie'!L:L,'FL5_G962 Country kit (Accesorie'!G:G,"N/A",0,1))} -> G962-00511-00 | AQ21: {=if(isblank(E21),"", xlookup(E21,'Import_LH_Label approve'!E:E,'Import_LH_Label approve'!M:M,"",0,1))} -> G990-08380-21-01 G990-08380-21-A | AR21: {=if(isblank(E21),"",xlookup(E21,'Import_LH_Label approve'!E:E,'Import_LH_Label approve'!N:N,"",0,1))} -> G990-09560-00-A | AS21: 128GB | AT21: =if(isblank(E21),"","Yes") -> Yes | AU21: =if(isblank(E21),"",if(mid(E21,9,2)="GB", "Yes","No")) -> No | AV21: =if(isblank(E21),"",if(mid(E21,9,2)="IN", "Yes","No")) -> No | AX21: 840353926776 | AY21: 0840353926776 | AZ21: {=if(isblank(E21),"", xlookup(E21,Import_FL5_LH_PVT_BM!D:D,Import_FL5_LH_PVT_BM!AK:AK,$F$4,0,1))} -> MP | BA21: =if(isblank(E21),"",if(D21="Retail Pack","Retail_10ct",if(D21="Bulk Pack","Bulk_30ct"))) -> Retail_10ct | BB21: {=if(isblank(E21),"",xlookup(F21,z_Others!$B$21:$B$42,z_Others!$G$21:$G$42,"No",0,1))} -> ROW Master Carton Label (UPC) | BC21: {=if(isblank(E21),"",xlookup(F21,z_Others!$B$21:$B$42,z_Others!$H$21:$H$42,"No",0,1))} -> Standard Pallet Label (BTO) Standard Pallet Label (BTS) | BD21: {=if(isblank(E21),"",xlookup(E21,'Import_VN_Label approve'!E:E,'Import_VN_Label approve'!L:L,"N/A",0,1))} -> G990-08482-21-01 G990-08482-21-A | BE21: {=if(isblank(E21),"",xlookup(E21,'Import_VN_Label approve'!E:E,'Import_VN_Label approve'!N:N,"N/A",0,1))} -> G990-09560-00-A | BG21: FL5-MP-彩盒包 | BH21: FL5-MP-Colorbox | BI21: 45773 | BJ21: {=if(isblank(E21),"", xlookup(D21,z_Others!$B$5:$B$17,z_Others!$C$5:$C$17,"",0,1))} -> 智能手機 | BK21: 45765 | BL21: {=if(isblank(E21),"",xlookup(E21,'FL5_MP POR_LH_報關備案_G950 & GA'!F:F,'FL5_MP POR_LH_報關備案_G950 & GA'!E:E,"No Need",0,1))} -> Close | BM21: {=if(isblank(E21),"",xlookup($BM$9&E21,'Import_FL5 MPS (06.06.25) - Sor'!E17:E334&'Import_FL5 MPS (06.06.25) - Sor'!F17:F334,'Import_FL5 MPS (06.06.25) - Sor'!ES17:ES334,"No demand",0,1))} -> No demand | BN21: {=if(isblank(E21),"",xlookup($BN$9&E21,'Import_FL5 MPS (06.06.25) - Sor'!E17:E334&'Import_FL5 MPS (06.06.25) - Sor'!F17:F334,'Import_FL5 MPS (06.06.25) - Sor'!ES17:ES334,"No demand",0,1))} -> No demand | BO21: {=if(isblank(E21),"",xlookup($BO$9&E21,'Import_FL5 MPS (06.06.25) - Sor'!E17:E334&'Import_FL5 MPS (06.06.25) - Sor'!F17:F334,'Import_FL5 MPS (06.06.25) - Sor'!ES17:ES334,"No demand",0,1))} -> No demand | BP21: {=if(isblank(E21),"", xlookup(E21,'Import_LH_Label approve'!E:E,'Import_LH_Label approve'!L:L,"",0,1))} -> NA | BQ21: {=if(isblank(E21),"",xlookup(E21,'Import_VN_Label approve'!E:E,'Import_VN_Label approve'!M:M,"N/A",0,1))} -> N/A
B22: 11 | C22: Pristine | D22: Retail Pack | E22: GA10215-US | F22: GSTORE, US | G22: UGS | H22: {=xlookup(F22,z_Others!$B$21:$B$45,z_Others!$E$21:$E$45,"",0,1)} -> mmWave | I22: CLR3 | J22: {=if(isblank(E22),"",xlookup(I22,z_Others!$M$17:$M$20,z_Others!$O$17:$O$20,"",0,1))} -> Lemongrass | K22: {=xlookup(I22,z_Others!$M$17:$M$20,z_Others!$N$17:$N$20,"",0,1)} -> YEL | L22: {=xlookup(F22,z_Others!$B$21:$B$45,z_Others!$D$21:$D$45,"",0,1)} -> GLBW0 | M22: {=xlookup(F22,z_Others!$B$21:$B$45,z_Others!$C$21:$C$45,"",0,1)} -> NA | N22: {=if(isblank(E22),"",xlookup($N$9&M22,z_Others!$X$5:$X$17&z_Others!$W$5:$W$17,z_Others!$Z$5:$Z$17,"",0,1))} -> 35124436 | O22: {=if(isblank(E22),"",xlookup($N$9&M22,z_Others!$X$5:$X$17&z_Others!$W$5:$W$17,z_Others!$AH$5:$AH$17,"",0,1))} -> 35 124436 070000x | P22: {=if(isblank(E22),"",xlookup($N$9&M22,z_Others!$X$5:$X$17&z_Others!$W$5:$W$17,z_Others!$AI$5:$AI$17,"",0,1))} -> 35 124436 999999x | Q22: 04:00:6E:C4:01:C2 64:9D:38:C7:BC:9E 64:9D:38:DE:9F:FE 64:9D:38:EC:5B:9E B0:D5:FB:A3:48:10 34:39:16:36:EE:80 B0:D5:FB:DD:43:D0 34:39:16:5D:00:FC 30:E0:44:6D:2C:72 | R22: 04:00:6E:C8:95:A1 64:9D:38:CC:50:7D 64:9D:38:E3:33:DD 64:9D:38:F0:EF:7D B0:D5:FB:AA:E9:2F 34:39:16:3C:A3:6F B0:D5:FB:DF:2F:FF 34:39:16:64:A2:1B 30:E0:44:74:CD:91 | S22: {=if(isblank(E22),"",xlookup($S$9&M22,z_Others!$X$5:$X$17&z_Others!$W$5:$W$17,z_Others!$Z$5:$Z$17,"",0,1))} -> 35676628 | T22: {=if(isblank(E22),"",xlookup($S$9&M22,z_Others!$X$5:$X$17&z_Others!$W$5:$W$17,z_Others!$AH$5:$AH$17,"",0,1))} -> 35 676628 040000x 35 676628 340000x | U22: {=if(isblank(E22),"",xlookup($S$9&M22,z_Others!$X$5:$X$17&z_Others!$W$5:$W$17,z_Others!$AI$5:$AI$17,"",0,1))} -> 35 676628 999999x 35 676628 639999x | V22: =if(isblank(E22),"",$V$9) -> 64:9D:38:32:91:82 B0:D5:FB:C6:60:70 | W22: =if(isblank(E22),"",$W$9) -> 64:9D:38:37:25:61 B0:D5:FB:CE:01:8F | X22: =if(isblank(E22),"",$X$9) -> MP1.0 | Z22: =if(isblank(E22),"",$Z$9) -> Android 16 | AA22: =if(isblank(F22),"",$Z$9) -> Android 16 | AB22: SKU, CLR3, GOOD, MMWAVE, Gstore, US, FL5 | AC22: Pixel 10, Lemongrass, 128GB, GSTORE, US | AD22: BD1A.250702.001 | AE22: BD3A.250721.001.E1 | AF22: BD1A.250702.001 | AG22: BD3A.250721.001.E1 | AH22: {=if(isblank(E22),"",xlookup(F22,z_Others!$B$21:$B$45,z_Others!$F$21:$F$45,"TBD",0,1))} -> 00 | AI22: {=if(isblank(E22),"", xlookup(E22,'Import_FL5_LH_PVTMP_Configs (Do'!E:E,'Import_FL5_LH_PVTMP_Configs (Do'!O:O,"TBD",0,1))} -> G710-07800-01 | AK22: {=if(isblank(E22),"", xlookup(E22,'Import_FL5_LH_PVTMP_Configs (Do'!E:E,'Import_FL5_LH_PVTMP_Configs (Do'!Q:Q,"TBD",0,1))} -> G650-14694-05 | AL22: {=if(isblank(E22),"", xlookup(E22,'Import_FL5_LH_PVTMP_Configs (Do'!E:E,'Import_FL5_LH_PVTMP_Configs (Do'!M:M,"TBD",0,1))} -> G710-07670-01 | AM22: {=if(isblank(E22),"", xlookup(E22,'Import_FL5_LH_PVTMP_Configs (Do'!E:E,'Import_FL5_LH_PVTMP_Configs (Do'!N:N,"TBD",0,1))} -> G730-09533-03 | AN22: {=if(isblank(E22),"", xlookup(E22,'Import_FL5_LH_PVTMP_Configs (Do'!E:E,'Import_FL5_LH_PVTMP_Configs (Do'!K:K,"TBD",0,1))} -> G950-15935-02 | AO22: {=if(isblank(E22),"",XLOOKUP(E22,'FL5_G954 Pkg ASSY (Pkg BOM)'!L:L,'FL5_G954 Pkg ASSY (Pkg BOM)'!G:G,"N/A",0,1))} -> G954-08540-00 | AP22: {=if(isblank(E22),"",xlookup(E22,'FL5_G962 Country kit (Accesorie'!L:L,'FL5_G962 Country kit (Accesorie'!G:G,"N/A",0,1))} -> G962-00511-00 | AQ22: {=if(isblank(E22),"", xlookup(E22,'Import_LH_Label approve'!E:E,'Import_LH_Label approve'!M:M,"",0,1))} -> G990-08380-31-02 G990-08380-31-A | AR22: {=if(isblank(E22),"",xlookup(E22,'Import_LH_Label approve'!E:E,'Import_LH_Label approve'!N:N,"",0,1))} -> G990-09560-00-A | AS22: 128GB | AT22: =if(isblank(E22),"","Yes") -> Yes | AU22: =if(isblank(E22),"",if(mid(E22,9,2)="GB", "Yes","No")) -> No | AV22: =if(isblank(E22),"",if(mid(E22,9,2)="IN", "Yes","No")) -> No | AX22: 840353926790 | AY22: 0840353926790 | AZ22: {=if(isblank(E22),"", xlookup(E22,Import_FL5_LH_PVT_BM!D:D,Import_FL5_LH_PVT_BM!AK:AK,$F$4,0,1))} -> MP | BA22: =if(isblank(E22),"",if(D22="Retail Pack","Retail_10ct",if(D22="Bulk Pack","Bulk_30ct"))) -> Retail_10ct | BB22: {=if(isblank(E22),"",xlookup(F22,z_Others!$B$21:$B$42,z_Others!$G$21:$G$42,"No",0,1))} -> ROW Master Carton Label (UPC) | BC22: {=if(isblank(E22),"",xlookup(F22,z_Others!$B$21:$B$42,z_Others!$H$21:$H$42,"No",0,1))} -> Standard Pallet Label (BTO) Standard Pallet Label (BTS) | BD22: {=if(isblank(E22),"",xlookup(E22,'Import_VN_Label approve'!E:E,'Import_VN_Label approve'!L:L,"N/A",0,1))} -> G990-08482-31-01 G990-08482-31-A | BE22: {=if(isblank(E22),"",xlookup(E22,'Import_VN_Label approve'!E:E,'Import_VN_Label approve'!N:N,"N/A",0,1))} -> G990-09560-00-A | BG22: FL5-MP-彩盒包 | BH22: FL5-MP-Colorbox | BI22: 45773 | BJ22: {=if(isblank(E22),"", xlookup(D22,z_Others!$B$5:$B$17,z_Others!$C$5:$C$17,"",0,1))} -> 智能手機 | BK22: 45782 | BL22: {=if(isblank(E22),"",xlookup(E22,'FL5_MP POR_LH_報關備案_G950 & GA'!F:F,'FL5_MP POR_LH_報關備案_G950 & GA'!E:E,"No Need",0,1))} -> Close | BM22: {=if(isblank(E22),"",xlookup($BM$9&E22,'Import_FL5 MPS (06.06.25) - Sor'!E18:E334&'Import_FL5 MPS (06.06.25) - Sor'!F18:F334,'Import_FL5 MPS (06.06.25) - Sor'!ES18:ES334,"No demand",0,1))} -> No demand | BN22: {=if(isblank(E22),"",xlookup($BN$9&E22,'Import_FL5 MPS (06.06.25) - Sor'!E18:E334&'Import_FL5 MPS (06.06.25) - Sor'!F18:F334,'Import_FL5 MPS (06.06.25) - Sor'!ES18:ES334,"No demand",0,1))} -> No demand | BO22: {=if(isblank(E22),"",xlookup($BO$9&E22,'Import_FL5 MPS (06.06.25) - Sor'!E18:E334&'Import_FL5 MPS (06.06.25) - Sor'!F18:F334,'Import_FL5 MPS (06.06.25) - Sor'!ES18:ES334,"No demand",0,1))} -> No demand | BP22: {=if(isblank(E22),"", xlookup(E22,'Import_LH_Label approve'!E:E,'Import_LH_Label approve'!L:L,"",0,1))} -> NA | BQ22: {=if(isblank(E22),"",xlookup(E22,'Import_VN_Label approve'!E:E,'Import_VN_Label approve'!M:M,"N/A",0,1))} -> N/A
B23: 12 | C23: Pristine | D23: Retail Pack | E23: GA10216-US | F23: GSTORE, US | G23: UGS | H23: {=xlookup(F23,z_Others!$B$21:$B$45,z_Others!$E$21:$E$45,"",0,1)} -> mmWave | I23: CLR4 | J23: {=if(isblank(E23),"",xlookup(I23,z_Others!$M$17:$M$20,z_Others!$O$17:$O$20,"",0,1))} -> Indigo | K23: {=xlookup(I23,z_Others!$M$17:$M$20,z_Others!$N$17:$N$20,"",0,1)} -> BUE | L23: {=xlookup(F23,z_Others!$B$21:$B$45,z_Others!$D$21:$D$45,"",0,1)} -> GLBW0 | M23: {=xlookup(F23,z_Others!$B$21:$B$45,z_Others!$C$21:$C$45,"",0,1)} -> NA | N23: {=if(isblank(E23),"",xlookup($N$9&M23,z_Others!$X$5:$X$17&z_Others!$W$5:$W$17,z_Others!$Z$5:$Z$17,"",0,1))} -> 35124436 | O23: {=if(isblank(E23),"",xlookup($N$9&M23,z_Others!$X$5:$X$17&z_Others!$W$5:$W$17,z_Others!$AH$5:$AH$17,"",0,1))} -> 35 124436 070000x | P23: {=if(isblank(E23),"",xlookup($N$9&M23,z_Others!$X$5:$X$17&z_Others!$W$5:$W$17,z_Others!$AI$5:$AI$17,"",0,1))} -> 35 124436 999999x | Q23: 04:00:6E:C4:01:C2 64:9D:38:C7:BC:9E 64:9D:38:DE:9F:FE 64:9D:38:EC:5B:9E B0:D5:FB:A3:48:10 34:39:16:36:EE:80 B0:D5:FB:DD:43:D0 34:39:16:5D:00:FC 30:E0:44:6D:2C:72 | R23: 04:00:6E:C8:95:A1 64:9D:38:CC:50:7D 64:9D:38:E3:33:DD 64:9D:38:F0:EF:7D B0:D5:FB:AA:E9:2F 34:39:16:3C:A3:6F B0:D5:FB:DF:2F:FF 34:39:16:64:A2:1B 30:E0:44:74:CD:91 | S23: {=if(isblank(E23),"",xlookup($S$9&M23,z_Others!$X$5:$X$17&z_Others!$W$5:$W$17,z_Others!$Z$5:$Z$17,"",0,1))} -> 35676628 | T23: {=if(isblank(E23),"",xlookup($S$9&M23,z_Others!$X$5:$X$17&z_Others!$W$5:$W$17,z_Others!$AH$5:$AH$17,"",0,1))} -> 35 676628 040000x 35 676628 340000x | U23: {=if(isblank(E23),"",xlookup($S$9&M23,z_Others!$X$5:$X$17&z_Others!$W$5:$W$17,z_Others!$AI$5:$AI$17,"",0,1))} -> 35 676628 999999x 35 676628 639999x | V23: =if(isblank(E23),"",$V$9) -> 64:9D:38:32:91:82 B0:D5:FB:C6:60:70 | W23: =if(isblank(E23),"",$W$9) -> 64:9D:38:37:25:61 B0:D5:FB:CE:01:8F | X23: =if(isblank(E23),"",$X$9) -> MP1.0 | Z23: =if(isblank(E23),"",$Z$9) -> Android 16 | AA23: =if(isblank(F23),"",$Z$9) -> Android 16 | AB23: SKU, CLR4, GOOD, MMWAVE, Gstore, US, FL5 | AC23: Pixel 10, Indigo, 128GB, GSTORE, US | AD23: BD1A.250702.001 | AE23: BD3A.250721.001.E1 | AF23: BD1A.250702.001 | AG23: BD3A.250721.001.E1 | AH23: {=if(isblank(E23),"",xlookup(F23,z_Others!$B$21:$B$45,z_Others!$F$21:$F$45,"TBD",0,1))} -> 00 | AI23: {=if(isblank(E23),"", xlookup(E23,'Import_FL5_LH_PVTMP_Configs (Do'!E:E,'Import_FL5_LH_PVTMP_Configs (Do'!O:O,"TBD",0,1))} -> G710-07800-01 | AK23: {=if(isblank(E23),"", xlookup(E23,'Import_FL5_LH_PVTMP_Configs (Do'!E:E,'Import_FL5_LH_PVTMP_Configs (Do'!Q:Q,"TBD",0,1))} -> G650-14694-05 | AL23: {=if(isblank(E23),"", xlookup(E23,'Import_FL5_LH_PVTMP_Configs (Do'!E:E,'Import_FL5_LH_PVTMP_Configs (Do'!M:M,"TBD",0,1))} -> G710-07670-01 | AM23: {=if(isblank(E23),"", xlookup(E23,'Import_FL5_LH_PVTMP_Configs (Do'!E:E,'Import_FL5_LH_PVTMP_Configs (Do'!N:N,"TBD",0,1))} -> G730-09533-04 | AN23: {=if(isblank(E23),"", xlookup(E23,'Import_FL5_LH_PVTMP_Configs (Do'!E:E,'Import_FL5_LH_PVTMP_Configs (Do'!K:K,"TBD",0,1))} -> G950-15935-03 | AO23: {=if(isblank(E23),"",XLOOKUP(E23,'FL5_G954 Pkg ASSY (Pkg BOM)'!L:L,'FL5_G954 Pkg ASSY (Pkg BOM)'!G:G,"N/A",0,1))} -> G954-08540-00 | AP23: {=if(isblank(E23),"",xlookup(E23,'FL5_G962 Country kit (Accesorie'!L:L,'FL5_G962 Country kit (Accesorie'!G:G,"N/A",0,1))} -> G962-00511-00 | AQ23: {=if(isblank(E23),"", xlookup(E23,'Import_LH_Label approve'!E:E,'Import_LH_Label approve'!M:M,"",0,1))} -> G990-08380-41-01 G990-08380-41-A | AR23: {=if(isblank(E23),"",xlookup(E23,'Import_LH_Label approve'!E:E,'Import_LH_Label approve'!N:N,"",0,1))} -> G990-09560-00-A | AS23: 128GB | AT23: =if(isblank(E23),"","Yes") -> Yes | AU23: =if(isblank(E23),"",if(mid(E23,9,2)="GB", "Yes","No")) -> No | AV23: =if(isblank(E23),"",if(mid(E23,9,2)="IN", "Yes","No")) -> No | AX23: 840353926783 | AY23: 0840353926783 | AZ23: {=if(isblank(E23),"", xlookup(E23,Import_FL5_LH_PVT_BM!D:D,Import_FL5_LH_PVT_BM!AK:AK,$F$4,0,1))} -> MP | BA23: =if(isblank(E23),"",if(D23="Retail Pack","Retail_10ct",if(D23="Bulk Pack","Bulk_30ct"))) -> Retail_10ct | BB23: {=if(isblank(E23),"",xlookup(F23,z_Others!$B$21:$B$42,z_Others!$G$21:$G$42,"No",0,1))} -> ROW Master Carton Label (UPC) | BC23: {=if(isblank(E23),"",xlookup(F23,z_Others!$B$21:$B$42,z_Others!$H$21:$H$42,"No",0,1))} -> Standard Pallet Label (BTO) Standard Pallet Label (BTS) | BD23: {=if(isblank(E23),"",xlookup(E23,'Import_VN_Label approve'!E:E,'Import_VN_Label approve'!L:L,"N/A",0,1))} -> G990-08482-41-01 G990-08482-41-A | BE23: {=if(isblank(E23),"",xlookup(E23,'Import_VN_Label approve'!E:E,'Import_VN_Label approve'!N:N,"N/A",0,1))} -> G990-09560-00-A | BG23: FL5-MP-彩盒包 | BH23: FL5-MP-Colorbox | BI23: 45773 | BJ23: {=if(isblank(E23),"", xlookup(D23,z_Others!$B$5:$B$17,z_Others!$C$5:$C$17,"",0,1))} -> 智能手機 | BK23: 45782 | BL23: {=if(isblank(E23),"",xlookup(E23,'FL5_MP POR_LH_報關備案_G950 & GA'!F:F,'FL5_MP POR_LH_報關備案_G950 & GA'!E:E,"No Need",0,1))} -> Close | BM23: {=if(isblank(E23),"",xlookup($BM$9&E23,'Import_FL5 MPS (06.06.25) - Sor'!E19:E334&'Import_FL5 MPS (06.06.25) - Sor'!F19:F334,'Import_FL5 MPS (06.06.25) - Sor'!ES19:ES334,"No demand",0,1))} -> No demand | BN23: {=if(isblank(E23),"",xlookup($BN$9&E23,'Import_FL5 MPS (06.06.25) - Sor'!E19:E334&'Import_FL5 MPS (06.06.25) - Sor'!F19:F334,'Import_FL5 MPS (06.06.25) - Sor'!ES19:ES334,"No demand",0,1))} -> No demand | BO23: {=if(isblank(E23),"",xlookup($BO$9&E23,'Import_FL5 MPS (06.06.25) - Sor'!E19:E334&'Import_FL5 MPS (06.06.25) - Sor'!F19:F334,'Import_FL5 MPS (06.06.25) - Sor'!ES19:ES334,"No demand",0,1))} -> No demand | BP23: {=if(isblank(E23),"", xlookup(E23,'Import_LH_Label approve'!E:E,'Import_LH_Label approve'!L:L,"",0,1))} -> NA | BQ23: {=if(isblank(E23),"",xlookup(E23,'Import_VN_Label approve'!E:E,'Import_VN_Label approve'!M:M,"N/A",0,1))} -> N/A
B24: 13 | C24: Pristine | D24: Retail Pack | E24: GA09744-CA | F24: CA/TW/SG/MY/AU/MX | G24: NCA | H24: {=xlookup(F24,z_Others!$B$21:$B$45,z_Others!$E$21:$E$45,"",0,1)} -> Sub6 | I24: CLR1 | J24: {=if(isblank(E24),"",xlookup(I24,z_Others!$M$17:$M$20,z_Others!$O$17:$O$20,"",0,1))} -> Obsidian | K24: {=xlookup(I24,z_Others!$M$17:$M$20,z_Others!$N$17:$N$20,"",0,1)} -> BLK | L24: {=xlookup(F24,z_Others!$B$21:$B$45,z_Others!$D$21:$D$45,"",0,1)} -> GK2MP | M24: {=xlookup(F24,z_Others!$B$21:$B$45,z_Others!$C$21:$C$45,"",0,1)} -> ROW | N24: 35440766 | O24: 35 440766 070000 35 440766 370000 35 440766 670000 35 815482 000000 35 815482 300000 | P24: 35 440766 999999 35 440766 669999 35 440766 999999 35 815482 299999 35 815482 599999 | Q24: 04:00:6E:C4:01:C2 64:9D:38:C7:BC:9E 64:9D:38:DE:9F:FE 64:9D:38:EC:5B:9E B0:D5:FB:A3:48:10 34:39:16:36:EE:80 B0:D5:FB:DD:43:D0 34:39:16:5D:00:FC 30:E0:44:6D:2C:72 | R24: 04:00:6E:C8:95:A1 64:9D:38:CC:50:7D 64:9D:38:E3:33:DD 64:9D:38:F0:EF:7D B0:D5:FB:AA:E9:2F 34:39:16:3C:A3:6F B0:D5:FB:DF:2F:FF 34:39:16:64:A2:1B 30:E0:44:74:CD:91 | S24: {=if(isblank(E24),"",xlookup($S$9&M24,z_Others!$X$5:$X$17&z_Others!$W$5:$W$17,z_Others!$Z$5:$Z$17,"",0,1))} -> 35795514 | T24: {=if(isblank(E24),"",xlookup($S$9&M24,z_Others!$X$5:$X$17&z_Others!$W$5:$W$17,z_Others!$AH$5:$AH$17,"",0,1))} -> 35 795514 040000x | U24: {=if(isblank(E24),"",xlookup($S$9&M24,z_Others!$X$5:$X$17&z_Others!$W$5:$W$17,z_Others!$AI$5:$AI$17,"",0,1))} -> 35 795514 999999x | V24: =if(isblank(E24),"",$V$9) -> 64:9D:38:32:91:82 B0:D5:FB:C6:60:70 | W24: =if(isblank(E24),"",$W$9) -> 64:9D:38:37:25:61 B0:D5:FB:CE:01:8F | X24: =if(isblank(E24),"",$X$9) -> MP1.0 | Z24: =if(isblank(E24),"",$Z$9) -> Android 16 | AA24: =if(isblank(F24),"",$Z$9) -> Android 16 | AB24: SKU, CLR1, GOOD, SUB6, CA/TW/SG/MY/AU/MX, FL5 | AC24: Pixel 10, Obsidian, 128GB, CA/TW/SG/MY/AU/MX | AD24: BD1A.250702.001 | AE24: BD3A.250721.001.E1 | AF24: BD1A.250702.001 | AG24: BD3A.250721.001.E1 | AH24: {=if(isblank(E24),"",xlookup(F24,z_Others!$B$21:$B$45,z_Others!$F$21:$F$45,"TBD",0,1))} -> 00 | AI24: {=if(isblank(E24),"", xlookup(E24,'Import_FL5_LH_PVTMP_Configs (Do'!E:E,'Import_FL5_LH_PVTMP_Configs (Do'!O:O,"TBD",0,1))} -> G710-07800-00 | AK24: {=if(isblank(E24),"", xlookup(E24,'Import_FL5_LH_PVTMP_Configs (Do'!E:E,'Import_FL5_LH_PVTMP_Configs (Do'!Q:Q,"TBD",0,1))} -> G650-14694-05 | AL24: {=if(isblank(E24),"", xlookup(E24,'Import_FL5_LH_PVTMP_Configs (Do'!E:E,'Import_FL5_LH_PVTMP_Configs (Do'!M:M,"TBD",0,1))} -> G710-07670-01 | AM24: {=if(isblank(E24),"", xlookup(E24,'Import_FL5_LH_PVTMP_Configs (Do'!E:E,'Import_FL5_LH_PVTMP_Configs (Do'!N:N,"TBD",0,1))} -> G730-09533-01 | AN24: {=if(isblank(E24),"", xlookup(E24,'Import_FL5_LH_PVTMP_Configs (Do'!E:E,'Import_FL5_LH_PVTMP_Configs (Do'!K:K,"TBD",0,1))} -> G950-15935-10 | AO24: {=if(isblank(E24),"",XLOOKUP(E24,'FL5_G954 Pkg ASSY (Pkg BOM)'!L:L,'FL5_G954 Pkg ASSY (Pkg BOM)'!G:G,"N/A",0,1))} -> G954-08541-00 | AP24: {=if(isblank(E24),"",xlookup(E24,'FL5_G962 Country kit (Accesorie'!L:L,'FL5_G962 Country kit (Accesorie'!G:G,"N/A",0,1))} -> G962-00511-00 | AQ24: G990-08483-11-C | AR24: G990-09561-00-01 G990-09561-00-A | AS24: 128GB | AT24: =if(isblank(E24),"","Yes") -> Yes | AU24: =if(isblank(E24),"",if(mid(E24,9,2)="GB", "Yes","No")) -> No | AV24: =if(isblank(E24),"",if(mid(E24,9,2)="IN", "Yes","No")) -> No | AX24: 840353926882 | AY24: 0840353926882 | AZ24: {=if(isblank(E24),"", xlookup(E24,Import_FL5_LH_PVT_BM!D:D,Import_FL5_LH_PVT_BM!AK:AK,$F$4,0,1))} -> MP | BA24: =if(isblank(E24),"",if(D24="Retail Pack","Retail_10ct",if(D24="Bulk Pack","Bulk_30ct"))) -> Retail_10ct | BB24: {=if(isblank(E24),"",xlookup(F24,z_Others!$B$21:$B$42,z_Others!$G$21:$G$42,"No",0,1))} -> ROW Master Carton Label (UPC) | BC24: {=if(isblank(E24),"",xlookup(F24,z_Others!$B$21:$B$42,z_Others!$H$21:$H$42,"No",0,1))} -> Standard Pallet Label (BTO) Standard Pallet Label (BTS) | BD24: G990-08484-11-04 G990-08484-11-C | BE24: {=if(isblank(E24),"",xlookup(E24,'Import_VN_Label approve'!E:E,'Import_VN_Label approve'!N:N,"N/A",0,1))} -> G990-09561-00-01 G990-09561-00-A | BG24: FL5-MP-彩盒包+鐳雕SIM | BH24: FL5-MP-Colorbox+laserSIM | BI24: 45773 | BJ24: {=if(isblank(E24),"", xlookup(D24,z_Others!$B$5:$B$17,z_Others!$C$5:$C$17,"",0,1))} -> 智能手機 | BK24: 45765 | BL24: {=if(isblank(E24),"",xlookup(E24,'FL5_MP POR_LH_報關備案_G950 & GA'!F:F,'FL5_MP POR_LH_報關備案_G950 & GA'!E:E,"No Need",0,1))} -> Close | BM24: {=if(isblank(E24),"",xlookup($BM$9&E24,'Import_FL5 MPS (06.06.25) - Sor'!E20:E334&'Import_FL5 MPS (06.06.25) - Sor'!F20:F334,'Import_FL5 MPS (06.06.25) - Sor'!ES20:ES334,"No demand",0,1))} -> No demand | BN24: {=if(isblank(E24),"",xlookup($BN$9&E24,'Import_FL5 MPS (06.06.25) - Sor'!E20:E334&'Import_FL5 MPS (06.06.25) - Sor'!F20:F334,'Import_FL5 MPS (06.06.25) - Sor'!ES20:ES334,"No demand",0,1))} -> No demand | BO24: {=if(isblank(E24),"",xlookup($BO$9&E24,'Import_FL5 MPS (06.06.25) - Sor'!E20:E334&'Import_FL5 MPS (06.06.25) - Sor'!F20:F334,'Import_FL5 MPS (06.06.25) - Sor'!ES20:ES334,"No demand",0,1))} -> No demand | BP24: {=if(isblank(E24),"", xlookup(E24,'Import_LH_Label approve'!E:E,'Import_LH_Label approve'!L:L,"",0,1))} -> NA | BQ24: {=if(isblank(E24),"",xlookup(E24,'Import_VN_Label approve'!E:E,'Import_VN_Label approve'!M:M,"N/A",0,1))} -> N/A
B25: 14 | C25: Pristine | D25: Retail Pack | E25: GA10214-CA | F25: CA/TW/SG/MY/AU/MX | G25: NCA | H25: {=xlookup(F25,z_Others!$B$21:$B$45,z_Others!$E$21:$E$45,"",0,1)} -> Sub6 | I25: CLR2 | J25: {=if(isblank(E25),"",xlookup(I25,z_Others!$M$17:$M$20,z_Others!$O$17:$O$20,"",0,1))} -> Frost | K25: {=xlookup(I25,z_Others!$M$17:$M$20,z_Others!$N$17:$N$20,"",0,1)} -> PPL | L25: {=xlookup(F25,z_Others!$B$21:$B$45,z_Others!$D$21:$D$45,"",0,1)} -> GK2MP | M25: {=xlookup(F25,z_Others!$B$21:$B$45,z_Others!$C$21:$C$45,"",0,1)} -> ROW | N25: 35440766 | O25: 35 440766 070000 35 440766 370000 35 440766 670000 35 815482 000000 35 815482 300000 | P25: 35 440766 999999 35 440766 669999 35 440766 999999 35 815482 299999 35 815482 599999 | Q25: 04:00:6E:C4:01:C2 64:9D:38:C7:BC:9E 64:9D:38:DE:9F:FE 64:9D:38:EC:5B:9E B0:D5:FB:A3:48:10 34:39:16:36:EE:80 B0:D5:FB:DD:43:D0 34:39:16:5D:00:FC 30:E0:44:6D:2C:72 | R25: 04:00:6E:C8:95:A1 64:9D:38:CC:50:7D 64:9D:38:E3:33:DD 64:9D:38:F0:EF:7D B0:D5:FB:AA:E9:2F 34:39:16:3C:A3:6F B0:D5:FB:DF:2F:FF 34:39:16:64:A2:1B 30:E0:44:74:CD:91 | S25: {=if(isblank(E25),"",xlookup($S$9&M25,z_Others!$X$5:$X$17&z_Others!$W$5:$W$17,z_Others!$Z$5:$Z$17,"",0,1))} -> 35795514 | T25: {=if(isblank(E25),"",xlookup($S$9&M25,z_Others!$X$5:$X$17&z_Others!$W$5:$W$17,z_Others!$AH$5:$AH$17,"",0,1))} -> 35 795514 040000x | U25: {=if(isblank(E25),"",xlookup($S$9&M25,z_Others!$X$5:$X$17&z_Others!$W$5:$W$17,z_Others!$AI$5:$AI$17,"",0,1))} -> 35 795514 999999x | V25: =if(isblank(E25),"",$V$9) -> 64:9D:38:32:91:82 B0:D5:FB:C6:60:70 | W25: =if(isblank(E25),"",$W$9) -> 64:9D:38:37:25:61 B0:D5:FB:CE:01:8F | X25: =if(isblank(E25),"",$X$9) -> MP1.0 | Z25: =if(isblank(E25),"",$Z$9) -> Android 16 | AA25: =if(isblank(F25),"",$Z$9) -> Android 16 | AB25: SKU, CLR2, GOOD, SUB6, CA/TW/SG/MY/AU/MX, FL5 | AC25: Pixel 10, Frost, 128GB, CA/TW/SG/MY/AU/MX | AD25: BD1A.250702.001 | AE25: BD3A.250721.001.E1 | AF25: BD1A.250702.001 | AG25: BD3A.250721.001.E1 | AH25: {=if(isblank(E25),"",xlookup(F25,z_Others!$B$21:$B$45,z_Others!$F$21:$F$45,"TBD",0,1))} -> 00 | AI25: {=if(isblank(E25),"", xlookup(E25,'Import_FL5_LH_PVTMP_Configs (Do'!E:E,'Import_FL5_LH_PVTMP_Configs (Do'!O:O,"TBD",0,1))} -> G710-07800-00 | AK25: {=if(isblank(E25),"", xlookup(E25,'Import_FL5_LH_PVTMP_Configs (Do'!E:E,'Import_FL5_LH_PVTMP_Configs (Do'!Q:Q,"TBD",0,1))} -> G650-14694-05 | AL25: {=if(isblank(E25),"", xlookup(E25,'Import_FL5_LH_PVTMP_Configs (Do'!E:E,'Import_FL5_LH_PVTMP_Configs (Do'!M:M,"TBD",0,1))} -> G710-07670-01 | AM25: {=if(isblank(E25),"", xlookup(E25,'Import_FL5_LH_PVTMP_Configs (Do'!E:E,'Import_FL5_LH_PVTMP_Configs (Do'!N:N,"TBD",0,1))} -> G730-09533-02 | AN25: {=if(isblank(E25),"", xlookup(E25,'Import_FL5_LH_PVTMP_Configs (Do'!E:E,'Import_FL5_LH_PVTMP_Configs (Do'!K:K,"TBD",0,1))} -> G950-15935-11 | AO25: {=if(isblank(E25),"",XLOOKUP(E25,'FL5_G954 Pkg ASSY (Pkg BOM)'!L:L,'FL5_G954 Pkg ASSY (Pkg BOM)'!G:G,"N/A",0,1))} -> G954-08541-00 | AP25: {=if(isblank(E25),"",xlookup(E25,'FL5_G962 Country kit (Accesorie'!L:L,'FL5_G962 Country kit (Accesorie'!G:G,"N/A",0,1))} -> G962-00511-00 | AQ25: G990-08483-21-C | AR25: G990-09561-00-01 G990-09561-00-A | AS25: 128GB | AT25: =if(isblank(E25),"","Yes") -> Yes | AU25: =if(isblank(E25),"",if(mid(E25,9,2)="GB", "Yes","No")) -> No | AV25: =if(isblank(E25),"",if(mid(E25,9,2)="IN", "Yes","No")) -> No | AX25: 840353926998 | AY25: 0840353926998 | AZ25: {=if(isblank(E25),"", xlookup(E25,Import_FL5_LH_PVT_BM!D:D,Import_FL5_LH_PVT_BM!AK:AK,$F$4,0,1))} -> MP | BA25: =if(isblank(E25),"",if(D25="Retail Pack","Retail_10ct",if(D25="Bulk Pack","Bulk_30ct"))) -> Retail_10ct | BB25: {=if(isblank(E25),"",xlookup(F25,z_Others!$B$21:$B$42,z_Others!$G$21:$G$42,"No",0,1))} -> ROW Master Carton Label (UPC) | BC25: {=if(isblank(E25),"",xlookup(F25,z_Others!$B$21:$B$42,z_Others!$H$21:$H$42,"No",0,1))} -> Standard Pallet Label (BTO) Standard Pallet Label (BTS) | BD25: G990-08484-21-04 G990-08484-21-C | BE25: {=if(isblank(E25),"",xlookup(E25,'Import_VN_Label approve'!E:E,'Import_VN_Label approve'!N:N,"N/A",0,1))} -> G990-09561-00-01 G990-09561-00-A | BG25: FL5-MP-彩盒包+鐳雕SIM | BH25: FL5-MP-Colorbox+laserSIM | BI25: 45773 | BJ25: {=if(isblank(E25),"", xlookup(D25,z_Others!$B$5:$B$17,z_Others!$C$5:$C$17,"",0,1))} -> 智能手機 | BK25: 45765 | BL25: {=if(isblank(E25),"",xlookup(E25,'FL5_MP POR_LH_報關備案_G950 & GA'!F:F,'FL5_MP POR_LH_報關備案_G950 & GA'!E:E,"No Need",0,1))} -> Close | BM25: {=if(isblank(E25),"",xlookup($BM$9&E25,'Import_FL5 MPS (06.06.25) - Sor'!E21:E334&'Import_FL5 MPS (06.06.25) - Sor'!F21:F334,'Import_FL5 MPS (06.06.25) - Sor'!ES21:ES334,"No demand",0,1))} -> No demand | BN25: {=if(isblank(E25),"",xlookup($BN$9&E25,'Import_FL5 MPS (06.06.25) - Sor'!E21:E334&'Import_FL5 MPS (06.06.25) - Sor'!F21:F334,'Import_FL5 MPS (06.06.25) - Sor'!ES21:ES334,"No demand",0,1))} -> No demand | BO25: {=if(isblank(E25),"",xlookup($BO$9&E25,'Import_FL5 MPS (06.06.25) - Sor'!E21:E334&'Import_FL5 MPS (06.06.25) - Sor'!F21:F334,'Import_FL5 MPS (06.06.25) - Sor'!ES21:ES334,"No demand",0,1))} -> No demand | BP25: {=if(isblank(E25),"", xlookup(E25,'Import_LH_Label approve'!E:E,'Import_LH_Label approve'!L:L,"",0,1))} -> NA | BQ25: {=if(isblank(E25),"",xlookup(E25,'Import_VN_Label approve'!E:E,'Import_VN_Label approve'!M:M,"N/A",0,1))} -> N/A
B26: 15 | C26: Pristine | D26: Retail Pack | E26: GA10215-CA | F26: CA/TW/SG/MY/AU/MX | G26: NCA | H26: {=xlookup(F26,z_Others!$B$21:$B$45,z_Others!$E$21:$E$45,"",0,1)} -> Sub6 | I26: CLR3 | J26: {=if(isblank(E26),"",xlookup(I26,z_Others!$M$17:$M$20,z_Others!$O$17:$O$20,"",0,1))} -> Lemongrass | K26: {=xlookup(I26,z_Others!$M$17:$M$20,z_Others!$N$17:$N$20,"",0,1)} -> YEL | L26: {=xlookup(F26,z_Others!$B$21:$B$45,z_Others!$D$21:$D$45,"",0,1)} -> GK2MP | M26: {=xlookup(F26,z_Others!$B$21:$B$45,z_Others!$C$21:$C$45,"",0,1)} -> ROW | N26: 35440766 | O26: 35 440766 070000 35 440766 370000 35 440766 670000 35 815482 000000 35 815482 300000 | P26: 35 440766 999999 35 440766 669999 35 440766 999999 35 815482 299999 35 815482 599999 | Q26: 04:00:6E:C4:01:C2 64:9D:38:C7:BC:9E 64:9D:38:DE:9F:FE 64:9D:38:EC:5B:9E B0:D5:FB:A3:48:10 34:39:16:36:EE:80 B0:D5:FB:DD:43:D0 34:39:16:5D:00:FC 30:E0:44:6D:2C:72 | R26: 04:00:6E:C8:95:A1 64:9D:38:CC:50:7D 64:9D:38:E3:33:DD 64:9D:38:F0:EF:7D B0:D5:FB:AA:E9:2F 34:39:16:3C:A3:6F B0:D5:FB:DF:2F:FF 34:39:16:64:A2:1B 30:E0:44:74:CD:91 | S26: {=if(isblank(E26),"",xlookup($S$9&M26,z_Others!$X$5:$X$17&z_Others!$W$5:$W$17,z_Others!$Z$5:$Z$17,"",0,1))} -> 35795514 | T26: {=if(isblank(E26),"",xlookup($S$9&M26,z_Others!$X$5:$X$17&z_Others!$W$5:$W$17,z_Others!$AH$5:$AH$17,"",0,1))} -> 35 795514 040000x | U26: {=if(isblank(E26),"",xlookup($S$9&M26,z_Others!$X$5:$X$17&z_Others!$W$5:$W$17,z_Others!$AI$5:$AI$17,"",0,1))} -> 35 795514 999999x | V26: =if(isblank(E26),"",$V$9) -> 64:9D:38:32:91:82 B0:D5:FB:C6:60:70 | W26: =if(isblank(E26),"",$W$9) -> 64:9D:38:37:25:61 B0:D5:FB:CE:01:8F | X26: =if(isblank(E26),"",$X$9) -> MP1.0 | Z26: =if(isblank(E26),"",$Z$9) -> Android 16 | AA26: =if(isblank(F26),"",$Z$9) -> Android 16 | AB26: SKU, CLR3, GOOD, SUB6, CA/TW/SG/MY/AU/MX, FL5 | AC26: Pixel 10, Lemongrass, 128GB, CA/TW/SG/MY/AU/MX | AD26: BD1A.250702.001 | AE26: BD3A.250721.001.E1 | AF26: BD1A.250702.001 | AG26: BD3A.250721.001.E1 | AH26: {=if(isblank(E26),"",xlookup(F26,z_Others!$B$21:$B$45,z_Others!$F$21:$F$45,"TBD",0,1))} -> 00 | AI26: {=if(isblank(E26),"", xlookup(E26,'Import_FL5_LH_PVTMP_Configs (Do'!E:E,'Import_FL5_LH_PVTMP_Configs (Do'!O:O,"TBD",0,1))} -> G710-07800-00 | AK26: {=if(isblank(E26),"", xlookup(E26,'Import_FL5_LH_PVTMP_Configs (Do'!E:E,'Import_FL5_LH_PVTMP_Configs (Do'!Q:Q,"TBD",0,1))} -> G650-14694-05 | AL26: {=if(isblank(E26),"", xlookup(E26,'Import_FL5_LH_PVTMP_Configs (Do'!E:E,'Import_FL5_LH_PVTMP_Configs (Do'!M:M,"TBD",0,1))} -> G710-07670-01 | AM26: {=if(isblank(E26),"", xlookup(E26,'Import_FL5_LH_PVTMP_Configs (Do'!E:E,'Import_FL5_LH_PVTMP_Configs (Do'!N:N,"TBD",0,1))} -> G730-09533-03 | AN26: {=if(isblank(E26),"", xlookup(E26,'Import_FL5_LH_PVTMP_Configs (Do'!E:E,'Import_FL5_LH_PVTMP_Configs (Do'!K:K,"TBD",0,1))} -> G950-15935-12 | AO26: {=if(isblank(E26),"",XLOOKUP(E26,'FL5_G954 Pkg ASSY (Pkg BOM)'!L:L,'FL5_G954 Pkg ASSY (Pkg BOM)'!G:G,"N/A",0,1))} -> G954-08541-00 | AP26: {=if(isblank(E26),"",xlookup(E26,'FL5_G962 Country kit (Accesorie'!L:L,'FL5_G962 Country kit (Accesorie'!G:G,"N/A",0,1))} -> G962-00511-00 | AQ26: G990-08483-31-C | AR26: G990-09561-00-01 G990-09561-00-A | AS26: 128GB | AT26: =if(isblank(E26),"","Yes") -> Yes | AU26: =if(isblank(E26),"",if(mid(E26,9,2)="GB", "Yes","No")) -> No | AV26: =if(isblank(E26),"",if(mid(E26,9,2)="IN", "Yes","No")) -> No | AX26: 840353926950 | AY26: 0840353926950 | AZ26: {=if(isblank(E26),"", xlookup(E26,Import_FL5_LH_PVT_BM!D:D,Import_FL5_LH_PVT_BM!AK:AK,$F$4,0,1))} -> MP | BA26: =if(isblank(E26),"",if(D26="Retail Pack","Retail_10ct",if(D26="Bulk Pack","Bulk_30ct"))) -> Retail_10ct | BB26: {=if(isblank(E26),"",xlookup(F26,z_Others!$B$21:$B$42,z_Others!$G$21:$G$42,"No",0,1))} -> ROW Master Carton Label (UPC) | BC26: {=if(isblank(E26),"",xlookup(F26,z_Others!$B$21:$B$42,z_Others!$H$21:$H$42,"No",0,1))} -> Standard Pallet Label (BTO) Standard Pallet Label (BTS) | BD26: G990-08484-31-04 G990-08484-31-C | BE26: {=if(isblank(E26),"",xlookup(E26,'Import_VN_Label approve'!E:E,'Import_VN_Label approve'!N:N,"N/A",0,1))} -> G990-09561-00-01 G990-09561-00-A | BG26: FL5-MP-彩盒包+鐳雕SIM | BH26: FL5-MP-Colorbox+laserSIM | BI26: 45773 | BJ26: {=if(isblank(E26),"", xlookup(D26,z_Others!$B$5:$B$17,z_Others!$C$5:$C$17,"",0,1))} -> 智能手機 | BK26: 45765 | BL26: {=if(isblank(E26),"",xlookup(E26,'FL5_MP POR_LH_報關備案_G950 & GA'!F:F,'FL5_MP POR_LH_報關備案_G950 & GA'!E:E,"No Need",0,1))} -> Close | BM26: {=if(isblank(E26),"",xlookup($BM$9&E26,'Import_FL5 MPS (06.06.25) - Sor'!E22:E334&'Import_FL5 MPS (06.06.25) - Sor'!F22:F334,'Import_FL5 MPS (06.06.25) - Sor'!ES22:ES334,"No demand",0,1))} -> No demand | BN26: {=if(isblank(E26),"",xlookup($BN$9&E26,'Import_FL5 MPS (06.06.25) - Sor'!E22:E334&'Import_FL5 MPS (06.06.25) - Sor'!F22:F334,'Import_FL5 MPS (06.06.25) - Sor'!ES22:ES334,"No demand",0,1))} -> No demand | BO26: {=if(isblank(E26),"",xlookup($BO$9&E26,'Import_FL5 MPS (06.06.25) - Sor'!E22:E334&'Import_FL5 MPS (06.06.25) - Sor'!F22:F334,'Import_FL5 MPS (06.06.25) - Sor'!ES22:ES334,"No demand",0,1))} -> No demand | BP26: {=if(isblank(E26),"", xlookup(E26,'Import_LH_Label approve'!E:E,'Import_LH_Label approve'!L:L,"",0,1))} -> NA | BQ26: {=if(isblank(E26),"",xlookup(E26,'Import_VN_Label approve'!E:E,'Import_VN_Label approve'!M:M,"N/A",0,1))} -> N/A
B27: 16 | C27: Pristine | D27: Retail Pack | E27: GA10216-CA | F27: CA/TW/SG/MY/AU/MX | G27: NCA | H27: {=xlookup(F27,z_Others!$B$21:$B$45,z_Others!$E$21:$E$45,"",0,1)} -> Sub6 | I27: CLR4 | J27: {=if(isblank(E27),"",xlookup(I27,z_Others!$M$17:$M$20,z_Others!$O$17:$O$20,"",0,1))} -> Indigo | K27: {=xlookup(I27,z_Others!$M$17:$M$20,z_Others!$N$17:$N$20,"",0,1)} -> BUE | L27: {=xlookup(F27,z_Others!$B$21:$B$45,z_Others!$D$21:$D$45,"",0,1)} -> GK2MP | M27: {=xlookup(F27,z_Others!$B$21:$B$45,z_Others!$C$21:$C$45,"",0,1)} -> ROW | N27: 35440766 | O27: 35 440766 070000 35 440766 370000 35 440766 670000 35 815482 000000 35 815482 300000 | P27: 35 440766 999999 35 440766 669999 35 440766 999999 35 815482 299999 35 815482 599999 | Q27: 04:00:6E:C4:01:C2 64:9D:38:C7:BC:9E 64:9D:38:DE:9F:FE 64:9D:38:EC:5B:9E B0:D5:FB:A3:48:10 34:39:16:36:EE:80 B0:D5:FB:DD:43:D0 34:39:16:5D:00:FC 30:E0:44:6D:2C:72 | R27: 04:00:6E:C8:95:A1 64:9D:38:CC:50:7D 64:9D:38:E3:33:DD 64:9D:38:F0:EF:7D B0:D5:FB:AA:E9:2F 34:39:16:3C:A3:6F B0:D5:FB:DF:2F:FF 34:39:16:64:A2:1B 30:E0:44:74:CD:91 | S27: {=if(isblank(E27),"",xlookup($S$9&M27,z_Others!$X$5:$X$17&z_Others!$W$5:$W$17,z_Others!$Z$5:$Z$17,"",0,1))} -> 35795514 | T27: {=if(isblank(E27),"",xlookup($S$9&M27,z_Others!$X$5:$X$17&z_Others!$W$5:$W$17,z_Others!$AH$5:$AH$17,"",0,1))} -> 35 795514 040000x | U27: {=if(isblank(E27),"",xlookup($S$9&M27,z_Others!$X$5:$X$17&z_Others!$W$5:$W$17,z_Others!$AI$5:$AI$17,"",0,1))} -> 35 795514 999999x | V27: =if(isblank(E27),"",$V$9) -> 64:9D:38:32:91:82 B0:D5:FB:C6:60:70 | W27: =if(isblank(E27),"",$W$9) -> 64:9D:38:37:25:61 B0:D5:FB:CE:01:8F | X27: =if(isblank(E27),"",$X$9) -> MP1.0 | Z27: =if(isblank(E27),"",$Z$9) -> Android 16 | AA27: =if(isblank(F27),"",$Z$9) -> Android 16 | AB27: SKU, CLR4, GOOD, SUB6, CA/TW/SG/MY/AU/MX, FL5 | AC27: Pixel 10, Indigo, 128GB, CA/TW/SG/MY/AU/MX | AD27: BD1A.250702.001 | AE27: BD3A.250721.001.E1 | AF27: BD1A.250702.001 | AG27: BD3A.250721.001.E1 | AH27: {=if(isblank(E27),"",xlookup(F27,z_Others!$B$21:$B$45,z_Others!$F$21:$F$45,"TBD",0,1))} -> 00 | AI27: {=if(isblank(E27),"", xlookup(E27,'Import_FL5_LH_PVTMP_Configs (Do'!E:E,'Import_FL5_LH_PVTMP_Configs (Do'!O:O,"TBD",0,1))} -> G710-07800-00 | AK27: {=if(isblank(E27),"", xlookup(E27,'Import_FL5_LH_PVTMP_Configs (Do'!E:E,'Import_FL5_LH_PVTMP_Configs (Do'!Q:Q,"TBD",0,1))} -> G650-14694-05 | AL27: {=if(isblank(E27),"", xlookup(E27,'Import_FL5_LH_PVTMP_Configs (Do'!E:E,'Import_FL5_LH_PVTMP_Configs (Do'!M:M,"TBD",0,1))} -> G710-07670-01 | AM27: {=if(isblank(E27),"", xlookup(E27,'Import_FL5_LH_PVTMP_Configs (Do'!E:E,'Import_FL5_LH_PVTMP_Configs (Do'!N:N,"TBD",0,1))} -> G730-09533-04 | AN27: {=if(isblank(E27),"", xlookup(E27,'Import_FL5_LH_PVTMP_Configs (Do'!E:E,'Import_FL5_LH_PVTMP_Configs (Do'!K:K,"TBD",0,1))} -> G950-15935-13 | AO27: {=if(isblank(E27),"",XLOOKUP(E27,'FL5_G954 Pkg ASSY (Pkg BOM)'!L:L,'FL5_G954 Pkg ASSY (Pkg BOM)'!G:G,"N/A",0,1))} -> G954-08541-00 | AP27: {=if(isblank(E27),"",xlookup(E27,'FL5_G962 Country kit (Accesorie'!L:L,'FL5_G962 Country kit (Accesorie'!G:G,"N/A",0,1))} -> G962-00511-00 | AQ27: G990-08483-41-C | AR27: G990-09561-00-01 G990-09561-00-A | AS27: 128GB | AT27: =if(isblank(E27),"","Yes") -> Yes | AU27: =if(isblank(E27),"",if(mid(E27,9,2)="GB", "Yes","No")) -> No | AV27: =if(isblank(E27),"",if(mid(E27,9,2)="IN", "Yes","No")) -> No | AX27: 840353926967 | AY27: 0840353926967 | AZ27: {=if(isblank(E27),"", xlookup(E27,Import_FL5_LH_PVT_BM!D:D,Import_FL5_LH_PVT_BM!AK:AK,$F$4,0,1))} -> MP | BA27: =if(isblank(E27),"",if(D27="Retail Pack","Retail_10ct",if(D27="Bulk Pack","Bulk_30ct"))) -> Retail_10ct | BB27: {=if(isblank(E27),"",xlookup(F27,z_Others!$B$21:$B$42,z_Others!$G$21:$G$42,"No",0,1))} -> ROW Master Carton Label (UPC) | BC27: {=if(isblank(E27),"",xlookup(F27,z_Others!$B$21:$B$42,z_Others!$H$21:$H$42,"No",0,1))} -> Standard Pallet Label (BTO) Standard Pallet Label (BTS) | BD27: G990-08484-41-04 G990-08484-41-C | BE27: {=if(isblank(E27),"",xlookup(E27,'Import_VN_Label approve'!E:E,'Import_VN_Label approve'!N:N,"N/A",0,1))} -> G990-09561-00-01 G990-09561-00-A | BG27: FL5-MP-彩盒包+鐳雕SIM | BH27: FL5-MP-Colorbox+laserSIM | BI27: 45773 | BJ27: {=if(isblank(E27),"", xlookup(D27,z_Others!$B$5:$B$17,z_Others!$C$5:$C$17,"",0,1))} -> 智能手機 | BK27: 45765 | BL27: {=if(isblank(E27),"",xlookup(E27,'FL5_MP POR_LH_報關備案_G950 & GA'!F:F,'FL5_MP POR_LH_報關備案_G950 & GA'!E:E,"No Need",0,1))} -> Close | BM27: {=if(isblank(E27),"",xlookup($BM$9&E27,'Import_FL5 MPS (06.06.25) - Sor'!E23:E334&'Import_FL5 MPS (06.06.25) - Sor'!F23:F334,'Import_FL5 MPS (06.06.25) - Sor'!ES23:ES334,"No demand",0,1))} -> No demand | BN27: {=if(isblank(E27),"",xlookup($BN$9&E27,'Import_FL5 MPS (06.06.25) - Sor'!E23:E334&'Import_FL5 MPS (06.06.25) - Sor'!F23:F334,'Import_FL5 MPS (06.06.25) - Sor'!ES23:ES334,"No demand",0,1))} -> No demand | BO27: {=if(isblank(E27),"",xlookup($BO$9&E27,'Import_FL5 MPS (06.06.25) - Sor'!E23:E334&'Import_FL5 MPS (06.06.25) - Sor'!F23:F334,'Import_FL5 MPS (06.06.25) - Sor'!ES23:ES334,"No demand",0,1))} -> No demand | BP27: {=if(isblank(E27),"", xlookup(E27,'Import_LH_Label approve'!E:E,'Import_LH_Label approve'!L:L,"",0,1))} -> NA | BQ27: {=if(isblank(E27),"",xlookup(E27,'Import_VN_Label approve'!E:E,'Import_VN_Label approve'!M:M,"N/A",0,1))} -> N/A
B28: 17 | C28: Pristine | D28: Retail Pack | E28: GA09744-GB | F28: UK/EU | G28: EMA | H28: {=xlookup(F28,z_Others!$B$21:$B$45,z_Others!$E$21:$E$45,"",0,1)} -> Sub6 | I28: CLR1 | J28: {=if(isblank(E28),"",xlookup(I28,z_Others!$M$17:$M$20,z_Others!$O$17:$O$20,"",0,1))} -> Obsidian | K28: {=xlookup(I28,z_Others!$M$17:$M$20,z_Others!$N$17:$N$20,"",0,1)} -> BLK | L28: {=xlookup(F28,z_Others!$B$21:$B$45,z_Others!$D$21:$D$45,"",0,1)} -> GK2MP | M28: {=xlookup(F28,z_Others!$B$21:$B$45,z_Others!$C$21:$C$45,"",0,1)} -> ROW | N28: 35440766 | O28: 35 440766 070000 35 440766 370000 35 440766 670000 35 815482 000000 35 815482 300000 | P28: 35 440766 999999 35 440766 669999 35 440766 999999 35 815482 299999 35 815482 599999 | Q28: 04:00:6E:C4:01:C2 64:9D:38:C7:BC:9E 64:9D:38:DE:9F:FE 64:9D:38:EC:5B:9E B0:D5:FB:A3:48:10 34:39:16:36:EE:80 B0:D5:FB:DD:43:D0 34:39:16:5D:00:FC 30:E0:44:6D:2C:72 | R28: 04:00:6E:C8:95:A1 64:9D:38:CC:50:7D 64:9D:38:E3:33:DD 64:9D:38:F0:EF:7D B0:D5:FB:AA:E9:2F 34:39:16:3C:A3:6F B0:D5:FB:DF:2F:FF 34:39:16:64:A2:1B 30:E0:44:74:CD:91 | S28: {=if(isblank(E28),"",xlookup($S$9&M28,z_Others!$X$5:$X$17&z_Others!$W$5:$W$17,z_Others!$Z$5:$Z$17,"",0,1))} -> 35795514 | T28: {=if(isblank(E28),"",xlookup($S$9&M28,z_Others!$X$5:$X$17&z_Others!$W$5:$W$17,z_Others!$AH$5:$AH$17,"",0,1))} -> 35 795514 040000x | U28: {=if(isblank(E28),"",xlookup($S$9&M28,z_Others!$X$5:$X$17&z_Others!$W$5:$W$17,z_Others!$AI$5:$AI$17,"",0,1))} -> 35 795514 999999x | V28: =if(isblank(E28),"",$V$9) -> 64:9D:38:32:91:82 B0:D5:FB:C6:60:70 | W28: =if(isblank(E28),"",$W$9) -> 64:9D:38:37:25:61 B0:D5:FB:CE:01:8F | X28: =if(isblank(E28),"",$X$9) -> MP1.0 | Z28: =if(isblank(E28),"",$Z$9) -> Android 16 | AA28: =if(isblank(F28),"",$Z$9) -> Android 16 | AB28: SKU, CLR1, GOOD, SUB6, UK/EU, FL5 | AC28: Pixel 10, Obsidian, 128GB, UK/EU | AD28: BD1A.250702.001 | AE28: BD3A.250721.001.E1 | AF28: BD1A.250702.001 | AG28: BD3A.250721.001.E1 | AH28: {=if(isblank(E28),"",xlookup(F28,z_Others!$B$21:$B$45,z_Others!$F$21:$F$45,"TBD",0,1))} -> 00 | AI28: {=if(isblank(E28),"", xlookup(E28,'Import_FL5_LH_PVTMP_Configs (Do'!E:E,'Import_FL5_LH_PVTMP_Configs (Do'!O:O,"TBD",0,1))} -> G710-07800-00 | AK28: {=if(isblank(E28),"", xlookup(E28,'Import_FL5_LH_PVTMP_Configs (Do'!E:E,'Import_FL5_LH_PVTMP_Configs (Do'!Q:Q,"TBD",0,1))} -> G650-14694-05 | AL28: {=if(isblank(E28),"", xlookup(E28,'Import_FL5_LH_PVTMP_Configs (Do'!E:E,'Import_FL5_LH_PVTMP_Configs (Do'!M:M,"TBD",0,1))} -> G710-07670-01 | AM28: {=if(isblank(E28),"", xlookup(E28,'Import_FL5_LH_PVTMP_Configs (Do'!E:E,'Import_FL5_LH_PVTMP_Configs (Do'!N:N,"TBD",0,1))} -> G730-09533-01 | AN28: {=if(isblank(E28),"", xlookup(E28,'Import_FL5_LH_PVTMP_Configs (Do'!E:E,'Import_FL5_LH_PVTMP_Configs (Do'!K:K,"TBD",0,1))} -> G950-15935-10 | AO28: {=if(isblank(E28),"",XLOOKUP(E28,'FL5_G954 Pkg ASSY (Pkg BOM)'!L:L,'FL5_G954 Pkg ASSY (Pkg BOM)'!G:G,"N/A",0,1))} -> G954-08542-00 | AP28: {=if(isblank(E28),"",xlookup(E28,'FL5_G962 Country kit (Accesorie'!L:L,'FL5_G962 Country kit (Accesorie'!G:G,"N/A",0,1))} -> G962-00511-00 | AQ28: G990-08489-11-05 G990-08489-11-B | AR28: G990-09563-00-A G990-09563-00-B | AS28: 128GB | AT28: =if(isblank(E28),"","Yes") -> Yes | AU28: =if(isblank(E28),"",if(mid(E28,9,2)="GB", "Yes","No")) -> Yes | AV28: =if(isblank(E28),"",if(mid(E28,9,2)="IN", "Yes","No")) -> No | AX28: 840353926905 | AY28: 0840353926905 | AZ28: {=if(isblank(E28),"", xlookup(E28,Import_FL5_LH_PVT_BM!D:D,Import_FL5_LH_PVT_BM!AK:AK,$F$4,0,1))} -> MP | BA28: =if(isblank(E28),"",if(D28="Retail Pack","Retail_10ct",if(D28="Bulk Pack","Bulk_30ct"))) -> Retail_10ct | BB28: {=if(isblank(E28),"",xlookup(F28,z_Others!$B$21:$B$42,z_Others!$G$21:$G$42,"No",0,1))} -> ROW Master Carton Label (EAN) | BC28: {=if(isblank(E28),"",xlookup(F28,z_Others!$B$21:$B$42,z_Others!$H$21:$H$42,"No",0,1))} -> Standard Pallet Label (BTO) Standard Pallet Label (BTS) | BD28: {=if(isblank(E28),"",xlookup(E28,'Import_VN_Label approve'!E:E,'Import_VN_Label approve'!L:L,"N/A",0,1))} -> G990-08490-11-05 G990-08490-11-B | BE28: {=if(isblank(E28),"",xlookup(E28,'Import_VN_Label approve'!E:E,'Import_VN_Label approve'!N:N,"N/A",0,1))} -> G990-09563-00-A G990-09563-00-B | BG28: FL5-MP-彩盒包+鐳雕SIM | BH28: FL5-MP-Colorbox+laserSIM | BI28: 45773 | BJ28: {=if(isblank(E28),"", xlookup(D28,z_Others!$B$5:$B$17,z_Others!$C$5:$C$17,"",0,1))} -> 智能手機 | BK28: 45782 | BL28: {=if(isblank(E28),"",xlookup(E28,'FL5_MP POR_LH_報關備案_G950 & GA'!F:F,'FL5_MP POR_LH_報關備案_G950 & GA'!E:E,"No Need",0,1))} -> Close | BM28: {=if(isblank(E28),"",xlookup($BM$9&E28,'Import_FL5 MPS (06.06.25) - Sor'!E24:E334&'Import_FL5 MPS (06.06.25) - Sor'!F24:F334,'Import_FL5 MPS (06.06.25) - Sor'!ES24:ES334,"No demand",0,1))} -> No demand | BN28: {=if(isblank(E28),"",xlookup($BN$9&E28,'Import_FL5 MPS (06.06.25) - Sor'!E24:E334&'Import_FL5 MPS (06.06.25) - Sor'!F24:F334,'Import_FL5 MPS (06.06.25) - Sor'!ES24:ES334,"No demand",0,1))} -> No demand | BO28: {=if(isblank(E28),"",xlookup($BO$9&E28,'Import_FL5 MPS (06.06.25) - Sor'!E24:E334&'Import_FL5 MPS (06.06.25) - Sor'!F24:F334,'Import_FL5 MPS (06.06.25) - Sor'!ES24:ES334,"No demand",0,1))} -> No demand | BP28: {=if(isblank(E28),"", xlookup(E28,'Import_LH_Label approve'!E:E,'Import_LH_Label approve'!L:L,"",0,1))} -> NA | BQ28: {=if(isblank(E28),"",xlookup(E28,'Import_VN_Label approve'!E:E,'Import_VN_Label approve'!M:M,"N/A",0,1))} -> N/A
B29: 18 | C29: Pristine | D29: Retail Pack | E29: GA10214-GB | F29: UK/EU | G29: EMA | H29: {=xlookup(F29,z_Others!$B$21:$B$45,z_Others!$E$21:$E$45,"",0,1)} -> Sub6 | I29: CLR2 | J29: {=if(isblank(E29),"",xlookup(I29,z_Others!$M$17:$M$20,z_Others!$O$17:$O$20,"",0,1))} -> Frost | K29: {=xlookup(I29,z_Others!$M$17:$M$20,z_Others!$N$17:$N$20,"",0,1)} -> PPL | L29: {=xlookup(F29,z_Others!$B$21:$B$45,z_Others!$D$21:$D$45,"",0,1)} -> GK2MP | M29: {=xlookup(F29,z_Others!$B$21:$B$45,z_Others!$C$21:$C$45,"",0,1)} -> ROW | N29: 35440766 | O29: 35 440766 070000 35 440766 370000 35 440766 670000 35 815482 000000 35 815482 300000 | P29: 35 440766 999999 35 440766 669999 35 440766 999999 35 815482 299999 35 815482 599999 | Q29: 04:00:6E:C4:01:C2 64:9D:38:C7:BC:9E 64:9D:38:DE:9F:FE 64:9D:38:EC:5B:9E B0:D5:FB:A3:48:10 34:39:16:36:EE:80 B0:D5:FB:DD:43:D0 34:39:16:5D:00:FC 30:E0:44:6D:2C:72 | R29: 04:00:6E:C8:95:A1 64:9D:38:CC:50:7D 64:9D:38:E3:33:DD 64:9D:38:F0:EF:7D B0:D5:FB:AA:E9:2F 34:39:16:3C:A3:6F B0:D5:FB:DF:2F:FF 34:39:16:64:A2:1B 30:E0:44:74:CD:91 | S29: {=if(isblank(E29),"",xlookup($S$9&M29,z_Others!$X$5:$X$17&z_Others!$W$5:$W$17,z_Others!$Z$5:$Z$17,"",0,1))} -> 35795514 | T29: {=if(isblank(E29),"",xlookup($S$9&M29,z_Others!$X$5:$X$17&z_Others!$W$5:$W$17,z_Others!$AH$5:$AH$17,"",0,1))} -> 35 795514 040000x | U29: {=if(isblank(E29),"",xlookup($S$9&M29,z_Others!$X$5:$X$17&z_Others!$W$5:$W$17,z_Others!$AI$5:$AI$17,"",0,1))} -> 35 795514 999999x | V29: =if(isblank(E29),"",$V$9) -> 64:9D:38:32:91:82 B0:D5:FB:C6:60:70 | W29: =if(isblank(E29),"",$W$9) -> 64:9D:38:37:25:61 B0:D5:FB:CE:01:8F | X29: =if(isblank(E29),"",$X$9) -> MP1.0 | Z29: =if(isblank(E29),"",$Z$9) -> Android 16 | AA29: =if(isblank(F29),"",$Z$9) -> Android 16 | AB29: SKU, CLR2, GOOD, SUB6, EU/UK, FL5 | AC29: Pixel 10, Frost, 128GB, UK/EU | AD29: BD1A.250702.001 | AE29: BD3A.250721.001.E1 | AF29: BD1A.250702.001 | AG29: BD3A.250721.001.E1 | AH29: {=if(isblank(E29),"",xlookup(F29,z_Others!$B$21:$B$45,z_Others!$F$21:$F$45,"TBD",0,1))} -> 00 | AI29: {=if(isblank(E29),"", xlookup(E29,'Import_FL5_LH_PVTMP_Configs (Do'!E:E,'Import_FL5_LH_PVTMP_Configs (Do'!O:O,"TBD",0,1))} -> G710-07800-00 | AK29: {=if(isblank(E29),"", xlookup(E29,'Import_FL5_LH_PVTMP_Configs (Do'!E:E,'Import_FL5_LH_PVTMP_Configs (Do'!Q:Q,"TBD",0,1))} -> G650-14694-05 | AL29: {=if(isblank(E29),"", xlookup(E29,'Import_FL5_LH_PVTMP_Configs (Do'!E:E,'Import_FL5_LH_PVTMP_Configs (Do'!M:M,"TBD",0,1))} -> G710-07670-01 | AM29: {=if(isblank(E29),"", xlookup(E29,'Import_FL5_LH_PVTMP_Configs (Do'!E:E,'Import_FL5_LH_PVTMP_Configs (Do'!N:N,"TBD",0,1))} -> G730-09533-02 | AN29: {=if(isblank(E29),"", xlookup(E29,'Import_FL5_LH_PVTMP_Configs (Do'!E:E,'Import_FL5_LH_PVTMP_Configs (Do'!K:K,"TBD",0,1))} -> G950-15935-11 | AO29: {=if(isblank(E29),"",XLOOKUP(E29,'FL5_G954 Pkg ASSY (Pkg BOM)'!L:L,'FL5_G954 Pkg ASSY (Pkg BOM)'!G:G,"N/A",0,1))} -> G954-08542-00 | AP29: {=if(isblank(E29),"",xlookup(E29,'FL5_G962 Country kit (Accesorie'!L:L,'FL5_G962 Country kit (Accesorie'!G:G,"N/A",0,1))} -> G962-00511-00 | AQ29: G990-08489-21-05 G990-08489-21-B | AR29: G990-09563-00-A G990-09563-00-B | AS29: 128GB | AT29: =if(isblank(E29),"","Yes") -> Yes | AU29: =if(isblank(E29),"",if(mid(E29,9,2)="GB", "Yes","No")) -> Yes | AV29: =if(isblank(E29),"",if(mid(E29,9,2)="IN", "Yes","No")) -> No | AX29: 840353926943 | AY29: 0840353926943 | AZ29: {=if(isblank(E29),"", xlookup(E29,Import_FL5_LH_PVT_BM!D:D,Import_FL5_LH_PVT_BM!AK:AK,$F$4,0,1))} -> MP | BA29: =if(isblank(E29),"",if(D29="Retail Pack","Retail_10ct",if(D29="Bulk Pack","Bulk_30ct"))) -> Retail_10ct | BB29: {=if(isblank(E29),"",xlookup(F29,z_Others!$B$21:$B$42,z_Others!$G$21:$G$42,"No",0,1))} -> ROW Master Carton Label (EAN) | BC29: {=if(isblank(E29),"",xlookup(F29,z_Others!$B$21:$B$42,z_Others!$H$21:$H$42,"No",0,1))} -> Standard Pallet Label (BTO) Standard Pallet Label (BTS) | BD29: {=if(isblank(E29),"",xlookup(E29,'Import_VN_Label approve'!E:E,'Import_VN_Label approve'!L:L,"N/A",0,1))} -> G990-08490-21-05 G990-08490-21-B | BE29: {=if(isblank(E29),"",xlookup(E29,'Import_VN_Label approve'!E:E,'Import_VN_Label approve'!N:N,"N/A",0,1))} -> G990-09563-00-A G990-09563-00-B | BG29: FL5-MP-彩盒包+鐳雕SIM | BH29: FL5-MP-Colorbox+laserSIM | BI29: 45773 | BJ29: {=if(isblank(E29),"", xlookup(D29,z_Others!$B$5:$B$17,z_Others!$C$5:$C$17,"",0,1))} -> 智能手機 | BK29: 45782 | BL29: {=if(isblank(E29),"",xlookup(E29,'FL5_MP POR_LH_報關備案_G950 & GA'!F:F,'FL5_MP POR_LH_報關備案_G950 & GA'!E:E,"No Need",0,1))} -> Close | BM29: {=if(isblank(E29),"",xlookup($BM$9&E29,'Import_FL5 MPS (06.06.25) - Sor'!E25:E334&'Import_FL5 MPS (06.06.25) - Sor'!F25:F334,'Import_FL5 MPS (06.06.25) - Sor'!ES25:ES334,"No demand",0,1))} -> No demand | BN29: {=if(isblank(E29),"",xlookup($BN$9&E29,'Import_FL5 MPS (06.06.25) - Sor'!E25:E334&'Import_FL5 MPS (06.06.25) - Sor'!F25:F334,'Import_FL5 MPS (06.06.25) - Sor'!ES25:ES334,"No demand",0,1))} -> No demand | BO29: {=if(isblank(E29),"",xlookup($BO$9&E29,'Import_FL5 MPS (06.06.25) - Sor'!E25:E334&'Import_FL5 MPS (06.06.25) - Sor'!F25:F334,'Import_FL5 MPS (06.06.25) - Sor'!ES25:ES334,"No demand",0,1))} -> No demand | BP29: {=if(isblank(E29),"", xlookup(E29,'Import_LH_Label approve'!E:E,'Import_LH_Label approve'!L:L,"",0,1))} -> NA | BQ29: {=if(isblank(E29),"",xlookup(E29,'Import_VN_Label approve'!E:E,'Import_VN_Label approve'!M:M,"N/A",0,1))} -> N/A
B30: 19 | C30: Pristine | D30: Retail Pack | E30: GA10215-GB | F30: UK/EU | G30: EMA | H30: {=xlookup(F30,z_Others!$B$21:$B$45,z_Others!$E$21:$E$45,"",0,1)} -> Sub6 | I30: CLR3 | J30: {=if(isblank(E30),"",xlookup(I30,z_Others!$M$17:$M$20,z_Others!$O$17:$O$20,"",0,1))} -> Lemongrass | K30: {=xlookup(I30,z_Others!$M$17:$M$20,z_Others!$N$17:$N$20,"",0,1)} -> YEL | L30: {=xlookup(F30,z_Others!$B$21:$B$45,z_Others!$D$21:$D$45,"",0,1)} -> GK2MP | M30: {=xlookup(F30,z_Others!$B$21:$B$45,z_Others!$C$21:$C$45,"",0,1)} -> ROW | N30: 35440766 | O30: 35 440766 070000 35 440766 370000 35 440766 670000 35 815482 000000 35 815482 300000 | P30: 35 440766 999999 35 440766 669999 35 440766 999999 35 815482 299999 35 815482 599999 | Q30: 04:00:6E:C4:01:C2 64:9D:38:C7:BC:9E 64:9D:38:DE:9F:FE 64:9D:38:EC:5B:9E B0:D5:FB:A3:48:10 34:39:16:36:EE:80 B0:D5:FB:DD:43:D0 34:39:16:5D:00:FC 30:E0:44:6D:2C:72 | R30: 04:00:6E:C8:95:A1 64:9D:38:CC:50:7D 64:9D:38:E3:33:DD 64:9D:38:F0:EF:7D B0:D5:FB:AA:E9:2F 34:39:16:3C:A3:6F B0:D5:FB:DF:2F:FF 34:39:16:64:A2:1B 30:E0:44:74:CD:91 | S30: {=if(isblank(E30),"",xlookup($S$9&M30,z_Others!$X$5:$X$17&z_Others!$W$5:$W$17,z_Others!$Z$5:$Z$17,"",0,1))} -> 35795514 | T30: {=if(isblank(E30),"",xlookup($S$9&M30,z_Others!$X$5:$X$17&z_Others!$W$5:$W$17,z_Others!$AH$5:$AH$17,"",0,1))} -> 35 795514 040000x | U30: {=if(isblank(E30),"",xlookup($S$9&M30,z_Others!$X$5:$X$17&z_Others!$W$5:$W$17,z_Others!$AI$5:$AI$17,"",0,1))} -> 35 795514 999999x | V30: =if(isblank(E30),"",$V$9) -> 64:9D:38:32:91:82 B0:D5:FB:C6:60:70 | W30: =if(isblank(E30),"",$W$9) -> 64:9D:38:37:25:61 B0:D5:FB:CE:01:8F | X30: =if(isblank(E30),"",$X$9) -> MP1.0 | Z30: =if(isblank(E30),"",$Z$9) -> Android 16 | AA30: =if(isblank(F30),"",$Z$9) -> Android 16 | AB30: SKU, CLR3, GOOD, SUB6, EU/UK, FL5 | AC30: Pixel 10, Lemongrass, 128GB, UK/EU | AD30: BD1A.250702.001 | AE30: BD3A.250721.001.E1 | AF30: BD1A.250702.001 | AG30: BD3A.250721.001.E1 | AH30: {=if(isblank(E30),"",xlookup(F30,z_Others!$B$21:$B$45,z_Others!$F$21:$F$45,"TBD",0,1))} -> 00 | AI30: {=if(isblank(E30),"", xlookup(E30,'Import_FL5_LH_PVTMP_Configs (Do'!E:E,'Import_FL5_LH_PVTMP_Configs (Do'!O:O,"TBD",0,1))} -> G710-07800-00 | AK30: {=if(isblank(E30),"", xlookup(E30,'Import_FL5_LH_PVTMP_Configs (Do'!E:E,'Import_FL5_LH_PVTMP_Configs (Do'!Q:Q,"TBD",0,1))} -> G650-14694-05 | AL30: {=if(isblank(E30),"", xlookup(E30,'Import_FL5_LH_PVTMP_Configs (Do'!E:E,'Import_FL5_LH_PVTMP_Configs (Do'!M:M,"TBD",0,1))} -> G710-07670-01 | AM30: {=if(isblank(E30),"", xlookup(E30,'Import_FL5_LH_PVTMP_Configs (Do'!E:E,'Import_FL5_LH_PVTMP_Configs (Do'!N:N,"TBD",0,1))} -> G730-09533-03 | AN30: {=if(isblank(E30),"", xlookup(E30,'Import_FL5_LH_PVTMP_Configs (Do'!E:E,'Import_FL5_LH_PVTMP_Configs (Do'!K:K,"TBD",0,1))} -> G950-15935-12 | AO30: {=if(isblank(E30),"",XLOOKUP(E30,'FL5_G954 Pkg ASSY (Pkg BOM)'!L:L,'FL5_G954 Pkg ASSY (Pkg BOM)'!G:G,"N/A",0,1))} -> G954-08542-00 | AP30: {=if(isblank(E30),"",xlookup(E30,'FL5_G962 Country kit (Accesorie'!L:L,'FL5_G962 Country kit (Accesorie'!G:G,"N/A",0,1))} -> G962-00511-00 | AQ30: G990-08489-31-05 G990-08489-31-B | AR30: G990-09563-00-A G990-09563-00-B | AS30: 128GB | AT30: =if(isblank(E30),"","Yes") -> Yes | AU30: =if(isblank(E30),"",if(mid(E30,9,2)="GB", "Yes","No")) -> Yes | AV30: =if(isblank(E30),"",if(mid(E30,9,2)="IN", "Yes","No")) -> No | AX30: 840353926929 | AY30: 0840353926929 | AZ30: {=if(isblank(E30),"", xlookup(E30,Import_FL5_LH_PVT_BM!D:D,Import_FL5_LH_PVT_BM!AK:AK,$F$4,0,1))} -> MP | BA30: =if(isblank(E30),"",if(D30="Retail Pack","Retail_10ct",if(D30="Bulk Pack","Bulk_30ct"))) -> Retail_10ct | BB30: {=if(isblank(E30),"",xlookup(F30,z_Others!$B$21:$B$42,z_Others!$G$21:$G$42,"No",0,1))} -> ROW Master Carton Label (EAN) | BC30: {=if(isblank(E30),"",xlookup(F30,z_Others!$B$21:$B$42,z_Others!$H$21:$H$42,"No",0,1))} -> Standard Pallet Label (BTO) Standard Pallet Label (BTS) | BD30: {=if(isblank(E30),"",xlookup(E30,'Import_VN_Label approve'!E:E,'Import_VN_Label approve'!L:L,"N/A",0,1))} -> G990-08490-31-05 G990-08490-31-B | BE30: {=if(isblank(E30),"",xlookup(E30,'Import_VN_Label approve'!E:E,'Import_VN_Label approve'!N:N,"N/A",0,1))} -> G990-09563-00-A G990-09563-00-B | BG30: FL5-MP-彩盒包+鐳雕SIM | BH30: FL5-MP-Colorbox+laserSIM | BI30: 45773 | BJ30: {=if(isblank(E30),"", xlookup(D30,z_Others!$B$5:$B$17,z_Others!$C$5:$C$17,"",0,1))} -> 智能手機 | BK30: 45765 | BL30: {=if(isblank(E30),"",xlookup(E30,'FL5_MP POR_LH_報關備案_G950 & GA'!F:F,'FL5_MP POR_LH_報關備案_G950 & GA'!E:E,"No Need",0,1))} -> Close | BM30: {=if(isblank(E30),"",xlookup($BM$9&E30,'Import_FL5 MPS (06.06.25) - Sor'!E26:E334&'Import_FL5 MPS (06.06.25) - Sor'!F26:F334,'Import_FL5 MPS (06.06.25) - Sor'!ES26:ES334,"No demand",0,1))} -> No demand | BN30: {=if(isblank(E30),"",xlookup($BN$9&E30,'Import_FL5 MPS (06.06.25) - Sor'!E26:E334&'Import_FL5 MPS (06.06.25) - Sor'!F26:F334,'Import_FL5 MPS (06.06.25) - Sor'!ES26:ES334,"No demand",0,1))} -> No demand | BO30: {=if(isblank(E30),"",xlookup($BO$9&E30,'Import_FL5 MPS (06.06.25) - Sor'!E26:E334&'Import_FL5 MPS (06.06.25) - Sor'!F26:F334,'Import_FL5 MPS (06.06.25) - Sor'!ES26:ES334,"No demand",0,1))} -> No demand | BP30: {=if(isblank(E30),"", xlookup(E30,'Import_LH_Label approve'!E:E,'Import_LH_Label approve'!L:L,"",0,1))} -> NA | BQ30: {=if(isblank(E30),"",xlookup(E30,'Import_VN_Label approve'!E:E,'Import_VN_Label approve'!M:M,"N/A",0,1))} -> N/A
B31: 20 | C31: Pristine | D31: Retail Pack | E31: GA10216-GB | F31: UK/EU | G31: EMA | H31: {=xlookup(F31,z_Others!$B$21:$B$45,z_Others!$E$21:$E$45,"",0,1)} -> Sub6 | I31: CLR4 | J31: {=if(isblank(E31),"",xlookup(I31,z_Others!$M$17:$M$20,z_Others!$O$17:$O$20,"",0,1))} -> Indigo | K31: {=xlookup(I31,z_Others!$M$17:$M$20,z_Others!$N$17:$N$20,"",0,1)} -> BUE | L31: {=xlookup(F31,z_Others!$B$21:$B$45,z_Others!$D$21:$D$45,"",0,1)} -> GK2MP | M31: {=xlookup(F31,z_Others!$B$21:$B$45,z_Others!$C$21:$C$45,"",0,1)} -> ROW | N31: 35440766 | O31: 35 440766 070000 35 440766 370000 35 440766 670000 35 815482 000000 35 815482 300000 | P31: 35 440766 999999 35 440766 669999 35 440766 999999 35 815482 299999 35 815482 599999 | Q31: 04:00:6E:C4:01:C2 64:9D:38:C7:BC:9E 64:9D:38:DE:9F:FE 64:9D:38:EC:5B:9E B0:D5:FB:A3:48:10 34:39:16:36:EE:80 B0:D5:FB:DD:43:D0 34:39:16:5D:00:FC 30:E0:44:6D:2C:72 | R31: 04:00:6E:C8:95:A1 64:9D:38:CC:50:7D 64:9D:38:E3:33:DD 64:9D:38:F0:EF:7D B0:D5:FB:AA:E9:2F 34:39:16:3C:A3:6F B0:D5:FB:DF:2F:FF 34:39:16:64:A2:1B 30:E0:44:74:CD:91 | S31: {=if(isblank(E31),"",xlookup($S$9&M31,z_Others!$X$5:$X$17&z_Others!$W$5:$W$17,z_Others!$Z$5:$Z$17,"",0,1))} -> 35795514 | T31: {=if(isblank(E31),"",xlookup($S$9&M31,z_Others!$X$5:$X$17&z_Others!$W$5:$W$17,z_Others!$AH$5:$AH$17,"",0,1))} -> 35 795514 040000x | U31: {=if(isblank(E31),"",xlookup($S$9&M31,z_Others!$X$5:$X$17&z_Others!$W$5:$W$17,z_Others!$AI$5:$AI$17,"",0,1))} -> 35 795514 999999x | V31: =if(isblank(E31),"",$V$9) -> 64:9D:38:32:91:82 B0:D5:FB:C6:60:70 | W31: =if(isblank(E31),"",$W$9) -> 64:9D:38:37:25:61 B0:D5:FB:CE:01:8F | X31: =if(isblank(E31),"",$X$9) -> MP1.0 | Z31: =if(isblank(E31),"",$Z$9) -> Android 16 | AA31: =if(isblank(F31),"",$Z$9) -> Android 16 | AB31: SKU, CLR4, GOOD, SUB6, EU/UK, FL5 | AC31: Pixel 10, Indigo, 128GB, UK/EU | AD31: BD1A.250702.001 | AE31: BD3A.250721.001.E1 | AF31: BD1A.250702.001 | AG31: BD3A.250721.001.E1 | AH31: {=if(isblank(E31),"",xlookup(F31,z_Others!$B$21:$B$45,z_Others!$F$21:$F$45,"TBD",0,1))} -> 00 | AI31: {=if(isblank(E31),"", xlookup(E31,'Import_FL5_LH_PVTMP_Configs (Do'!E:E,'Import_FL5_LH_PVTMP_Configs (Do'!O:O,"TBD",0,1))} -> G710-07800-00 | AK31: {=if(isblank(E31),"", xlookup(E31,'Import_FL5_LH_PVTMP_Configs (Do'!E:E,'Import_FL5_LH_PVTMP_Configs (Do'!Q:Q,"TBD",0,1))} -> G650-14694-05 | AL31: {=if(isblank(E31),"", xlookup(E31,'Import_FL5_LH_PVTMP_Configs (Do'!E:E,'Import_FL5_LH_PVTMP_Configs (Do'!M:M,"TBD",0,1))} -> G710-07670-01 | AM31: {=if(isblank(E31),"", xlookup(E31,'Import_FL5_LH_PVTMP_Configs (Do'!E:E,'Import_FL5_LH_PVTMP_Configs (Do'!N:N,"TBD",0,1))} -> G730-09533-04 | AN31: {=if(isblank(E31),"", xlookup(E31,'Import_FL5_LH_PVTMP_Configs (Do'!E:E,'Import_FL5_LH_PVTMP_Configs (Do'!K:K,"TBD",0,1))} -> G950-15935-13 | AO31: {=if(isblank(E31),"",XLOOKUP(E31,'FL5_G954 Pkg ASSY (Pkg BOM)'!L:L,'FL5_G954 Pkg ASSY (Pkg BOM)'!G:G,"N/A",0,1))} -> G954-08542-00 | AP31: {=if(isblank(E31),"",xlookup(E31,'FL5_G962 Country kit (Accesorie'!L:L,'FL5_G962 Country kit (Accesorie'!G:G,"N/A",0,1))} -> G962-00511-00 | AQ31: G990-08489-41-05 G990-08489-41-B | AR31: G990-09563-00-A G990-09563-00-B | AS31: 128GB | AT31: =if(isblank(E31),"","Yes") -> Yes | AU31: =if(isblank(E31),"",if(mid(E31,9,2)="GB", "Yes","No")) -> Yes | AV31: =if(isblank(E31),"",if(mid(E31,9,2)="IN", "Yes","No")) -> No | AX31: 840353926981 | AY31: 0840353926981 | AZ31: {=if(isblank(E31),"", xlookup(E31,Import_FL5_LH_PVT_BM!D:D,Import_FL5_LH_PVT_BM!AK:AK,$F$4,0,1))} -> MP | BA31: =if(isblank(E31),"",if(D31="Retail Pack","Retail_10ct",if(D31="Bulk Pack","Bulk_30ct"))) -> Retail_10ct | BB31: {=if(isblank(E31),"",xlookup(F31,z_Others!$B$21:$B$42,z_Others!$G$21:$G$42,"No",0,1))} -> ROW Master Carton Label (EAN) | BC31: {=if(isblank(E31),"",xlookup(F31,z_Others!$B$21:$B$42,z_Others!$H$21:$H$42,"No",0,1))} -> Standard Pallet Label (BTO) Standard Pallet Label (BTS) | BD31: {=if(isblank(E31),"",xlookup(E31,'Import_VN_Label approve'!E:E,'Import_VN_Label approve'!L:L,"N/A",0,1))} -> G990-08490-41-05 G990-08490-41-B | BE31: {=if(isblank(E31),"",xlookup(E31,'Import_VN_Label approve'!E:E,'Import_VN_Label approve'!N:N,"N/A",0,1))} -> G990-09563-00-A G990-09563-00-B | BG31: FL5-MP-彩盒包+鐳雕SIM | BH31: FL5-MP-Colorbox+laserSIM | BI31: 45773 | BJ31: {=if(isblank(E31),"", xlookup(D31,z_Others!$B$5:$B$17,z_Others!$C$5:$C$17,"",0,1))} -> 智能手機 | BK31: 45765 | BL31: {=if(isblank(E31),"",xlookup(E31,'FL5_MP POR_LH_報關備案_G950 & GA'!F:F,'FL5_MP POR_LH_報關備案_G950 & GA'!E:E,"No Need",0,1))} -> Close | BM31: {=if(isblank(E31),"",xlookup($BM$9&E31,'Import_FL5 MPS (06.06.25) - Sor'!E27:E334&'Import_FL5 MPS (06.06.25) - Sor'!F27:F334,'Import_FL5 MPS (06.06.25) - Sor'!ES27:ES334,"No demand",0,1))} -> No demand | BN31: {=if(isblank(E31),"",xlookup($BN$9&E31,'Import_FL5 MPS (06.06.25) - Sor'!E27:E334&'Import_FL5 MPS (06.06.25) - Sor'!F27:F334,'Import_FL5 MPS (06.06.25) - Sor'!ES27:ES334,"No demand",0,1))} -> No demand | BO31: {=if(isblank(E31),"",xlookup($BO$9&E31,'Import_FL5 MPS (06.06.25) - Sor'!E27:E334&'Import_FL5 MPS (06.06.25) - Sor'!F27:F334,'Import_FL5 MPS (06.06.25) - Sor'!ES27:ES334,"No demand",0,1))} -> No demand | BP31: {=if(isblank(E31),"", xlookup(E31,'Import_LH_Label approve'!E:E,'Import_LH_Label approve'!L:L,"",0,1))} -> NA | BQ31: {=if(isblank(E31),"",xlookup(E31,'Import_VN_Label approve'!E:E,'Import_VN_Label approve'!M:M,"N/A",0,1))} -> N/A
B32: 21 | C32: Pristine | D32: Retail Pack | E32: GA09744-JP | F32: JP | G32: AJP | H32: {=xlookup(F32,z_Others!$B$21:$B$45,z_Others!$E$21:$E$45,"",0,1)} -> JPN | I32: CLR1 | J32: {=if(isblank(E32),"",xlookup(I32,z_Others!$M$17:$M$20,z_Others!$O$17:$O$20,"",0,1))} -> Obsidian | K32: {=xlookup(I32,z_Others!$M$17:$M$20,z_Others!$N$17:$N$20,"",0,1)} -> BLK | L32: {=xlookup(F32,z_Others!$B$21:$B$45,z_Others!$D$21:$D$45,"",0,1)} -> GL066 | M32: {=xlookup(F32,z_Others!$B$21:$B$45,z_Others!$C$21:$C$45,"",0,1)} -> JPN | N32: 35416229 | O32: 35 416229 020000x 35 416229 320000x 35 416229 620000x | P32: 35 416229 999999x 35 416229 619999x 35 416229 999999x | Q32: 04:00:6E:C4:01:C2 64:9D:38:C7:BC:9E 64:9D:38:DE:9F:FE 64:9D:38:EC:5B:9E B0:D5:FB:A3:48:10 34:39:16:36:EE:80 B0:D5:FB:DD:43:D0 34:39:16:5D:00:FC 30:E0:44:6D:2C:72 | R32: 04:00:6E:C8:95:A1 64:9D:38:CC:50:7D 64:9D:38:E3:33:DD 64:9D:38:F0:EF:7D B0:D5:FB:AA:E9:2F 34:39:16:3C:A3:6F B0:D5:FB:DF:2F:FF 34:39:16:64:A2:1B 30:E0:44:74:CD:91 | S32: {=if(isblank(E32),"",xlookup($S$9&M32,z_Others!$X$5:$X$17&z_Others!$W$5:$W$17,z_Others!$Z$5:$Z$17,"",0,1))} -> 35444932 | T32: {=if(isblank(E32),"",xlookup($S$9&M32,z_Others!$X$5:$X$17&z_Others!$W$5:$W$17,z_Others!$AH$5:$AH$17,"",0,1))} -> 35 444932 020000x | U32: {=if(isblank(E32),"",xlookup($S$9&M32,z_Others!$X$5:$X$17&z_Others!$W$5:$W$17,z_Others!$AI$5:$AI$17,"",0,1))} -> 35 444932 999999x | V32: =if(isblank(E32),"",$V$9) -> 64:9D:38:32:91:82 B0:D5:FB:C6:60:70 | W32: =if(isblank(E32),"",$W$9) -> 64:9D:38:37:25:61 B0:D5:FB:CE:01:8F | X32: =if(isblank(E32),"",$X$9) -> MP1.0 | Z32: =if(isblank(E32),"",$Z$9) -> Android 16 | AA32: =if(isblank(F32),"",$Z$9) -> Android 16 | AB32: SKU, CLR1, GOOD, SUB6, JP, FL5 | AC32: Pixel 10, Obsidian, 128GB, JP | AD32: BD1A.250702.001 | AE32: BD3A.250721.001.E1 | AF32: BD1A.250702.001 | AG32: BD3A.250721.001.E1 | AH32: {=if(isblank(E32),"",xlookup(F32,z_Others!$B$21:$B$45,z_Others!$F$21:$F$45,"TBD",0,1))} -> 00 | AI32: {=if(isblank(E32),"", xlookup(E32,'Import_FL5_LH_PVTMP_Configs (Do'!E:E,'Import_FL5_LH_PVTMP_Configs (Do'!O:O,"TBD",0,1))} -> G710-07800-00 | AK32: {=if(isblank(E32),"", xlookup(E32,'Import_FL5_LH_PVTMP_Configs (Do'!E:E,'Import_FL5_LH_PVTMP_Configs (Do'!Q:Q,"TBD",0,1))} -> G650-14694-05 | AL32: {=if(isblank(E32),"", xlookup(E32,'Import_FL5_LH_PVTMP_Configs (Do'!E:E,'Import_FL5_LH_PVTMP_Configs (Do'!M:M,"TBD",0,1))} -> G710-07670-01 | AM32: {=if(isblank(E32),"", xlookup(E32,'Import_FL5_LH_PVTMP_Configs (Do'!E:E,'Import_FL5_LH_PVTMP_Configs (Do'!N:N,"TBD",0,1))} -> G730-09533-01 | AN32: {=if(isblank(E32),"", xlookup(E32,'Import_FL5_LH_PVTMP_Configs (Do'!E:E,'Import_FL5_LH_PVTMP_Configs (Do'!K:K,"TBD",0,1))} -> G950-15935-10 | AO32: {=if(isblank(E32),"",XLOOKUP(E32,'FL5_G954 Pkg ASSY (Pkg BOM)'!L:L,'FL5_G954 Pkg ASSY (Pkg BOM)'!G:G,"N/A",0,1))} -> G954-08541-00 | AP32: {=if(isblank(E32),"",xlookup(E32,'FL5_G962 Country kit (Accesorie'!L:L,'FL5_G962 Country kit (Accesorie'!G:G,"N/A",0,1))} -> G962-00511-00 | AQ32: G990-08485-11-03- G990-08485-11-B | AR32: G990-09562-00-A G990-09562-00-B | AS32: 128GB | AT32: =if(isblank(E32),"","Yes") -> Yes | AU32: =if(isblank(E32),"",if(mid(E32,9,2)="GB", "Yes","No")) -> No | AV32: =if(isblank(E32),"",if(mid(E32,9,2)="IN", "Yes","No")) -> No | AX32: 840353926899 | AY32: 0840353926899 | AZ32: {=if(isblank(E32),"", xlookup(E32,Import_FL5_LH_PVT_BM!D:D,Import_FL5_LH_PVT_BM!AK:AK,$F$4,0,1))} -> MP | BA32: =if(isblank(E32),"",if(D32="Retail Pack","Retail_10ct",if(D32="Bulk Pack","Bulk_30ct"))) -> Retail_10ct | BB32: {=if(isblank(E32),"",xlookup(F32,z_Others!$B$21:$B$42,z_Others!$G$21:$G$42,"No",0,1))} -> ROW Master Carton Label (UPC) | BC32: {=if(isblank(E32),"",xlookup(F32,z_Others!$B$21:$B$42,z_Others!$H$21:$H$42,"No",0,1))} -> Standard Pallet Label (BTO) Standard Pallet Label (BTS) | BD32: {=if(isblank(E32),"",xlookup(E32,'Import_VN_Label approve'!E:E,'Import_VN_Label approve'!L:L,"N/A",0,1))} -> G990-08486-11-03 G990-08486-11-B | BE32: {=if(isblank(E32),"",xlookup(E32,'Import_VN_Label approve'!E:E,'Import_VN_Label approve'!N:N,"N/A",0,1))} -> G990-09562-00-01 G990-09562-00-A | BG32: FL5-MP-彩盒包+鐳雕SIM | BH32: FL5-MP-Colorbox+laserSIM | BI32: 45773 | BJ32: {=if(isblank(E32),"", xlookup(D32,z_Others!$B$5:$B$17,z_Others!$C$5:$C$17,"",0,1))} -> 智能手機 | BK32: 45765 | BL32: {=if(isblank(E32),"",xlookup(E32,'FL5_MP POR_LH_報關備案_G950 & GA'!F:F,'FL5_MP POR_LH_報關備案_G950 & GA'!E:E,"No Need",0,1))} -> Close | BM32: {=if(isblank(E32),"",xlookup($BM$9&E32,'Import_FL5 MPS (06.06.25) - Sor'!E28:E334&'Import_FL5 MPS (06.06.25) - Sor'!F28:F334,'Import_FL5 MPS (06.06.25) - Sor'!ES28:ES334,"No demand",0,1))} -> No demand | BN32: {=if(isblank(E32),"",xlookup($BN$9&E32,'Import_FL5 MPS (06.06.25) - Sor'!E28:E334&'Import_FL5 MPS (06.06.25) - Sor'!F28:F334,'Import_FL5 MPS (06.06.25) - Sor'!ES28:ES334,"No demand",0,1))} -> No demand | BO32: {=if(isblank(E32),"",xlookup($BO$9&E32,'Import_FL5 MPS (06.06.25) - Sor'!E28:E334&'Import_FL5 MPS (06.06.25) - Sor'!F28:F334,'Import_FL5 MPS (06.06.25) - Sor'!ES28:ES334,"No demand",0,1))} -> No demand | BP32: {=if(isblank(E32),"", xlookup(E32,'Import_LH_Label approve'!E:E,'Import_LH_Label approve'!L:L,"",0,1))} -> NA | BQ32: {=if(isblank(E32),"",xlookup(E32,'Import_VN_Label approve'!E:E,'Import_VN_Label approve'!M:M,"N/A",0,1))} -> N/A
B33: 22 | C33: Pristine | D33: Retail Pack | E33: GA10214-JP | F33: JP | G33: AJP | H33: {=xlookup(F33,z_Others!$B$21:$B$45,z_Others!$E$21:$E$45,"",0,1)} -> JPN | I33: CLR2 | J33: {=if(isblank(E33),"",xlookup(I33,z_Others!$M$17:$M$20,z_Others!$O$17:$O$20,"",0,1))} -> Frost | K33: {=xlookup(I33,z_Others!$M$17:$M$20,z_Others!$N$17:$N$20,"",0,1)} -> PPL | L33: {=xlookup(F33,z_Others!$B$21:$B$45,z_Others!$D$21:$D$45,"",0,1)} -> GL066 | M33: {=xlookup(F33,z_Others!$B$21:$B$45,z_Others!$C$21:$C$45,"",0,1)} -> JPN | N33: 35416229 | O33: 35 416229 020000x 35 416229 320000x 35 416229 620000x | P33: 35 416229 999999x 35 416229 619999x 35 416229 999999x | Q33: 04:00:6E:C4:01:C2 64:9D:38:C7:BC:9E 64:9D:38:DE:9F:FE 64:9D:38:EC:5B:9E B0:D5:FB:A3:48:10 34:39:16:36:EE:80 B0:D5:FB:DD:43:D0 34:39:16:5D:00:FC 30:E0:44:6D:2C:72 | R33: 04:00:6E:C8:95:A1 64:9D:38:CC:50:7D 64:9D:38:E3:33:DD 64:9D:38:F0:EF:7D B0:D5:FB:AA:E9:2F 34:39:16:3C:A3:6F B0:D5:FB:DF:2F:FF 34:39:16:64:A2:1B 30:E0:44:74:CD:91 | S33: {=if(isblank(E33),"",xlookup($S$9&M33,z_Others!$X$5:$X$17&z_Others!$W$5:$W$17,z_Others!$Z$5:$Z$17,"",0,1))} -> 35444932 | T33: {=if(isblank(E33),"",xlookup($S$9&M33,z_Others!$X$5:$X$17&z_Others!$W$5:$W$17,z_Others!$AH$5:$AH$17,"",0,1))} -> 35 444932 020000x | U33: {=if(isblank(E33),"",xlookup($S$9&M33,z_Others!$X$5:$X$17&z_Others!$W$5:$W$17,z_Others!$AI$5:$AI$17,"",0,1))} -> 35 444932 999999x | V33: =if(isblank(E33),"",$V$9) -> 64:9D:38:32:91:82 B0:D5:FB:C6:60:70 | W33: =if(isblank(E33),"",$W$9) -> 64:9D:38:37:25:61 B0:D5:FB:CE:01:8F | X33: =if(isblank(E33),"",$X$9) -> MP1.0 | Z33: =if(isblank(E33),"",$Z$9) -> Android 16 | AA33: =if(isblank(F33),"",$Z$9) -> Android 16 | AB33: SKU, CLR2, GOOD, SUB6, JP, FL5 | AC33: Pixel 10, Frost, 128GB, JP | AD33: BD1A.250702.001 | AE33: BD3A.250721.001.E1 | AF33: BD1A.250702.001 | AG33: BD3A.250721.001.E1 | AH33: {=if(isblank(E33),"",xlookup(F33,z_Others!$B$21:$B$45,z_Others!$F$21:$F$45,"TBD",0,1))} -> 00 | AI33: {=if(isblank(E33),"", xlookup(E33,'Import_FL5_LH_PVTMP_Configs (Do'!E:E,'Import_FL5_LH_PVTMP_Configs (Do'!O:O,"TBD",0,1))} -> G710-07800-00 | AK33: {=if(isblank(E33),"", xlookup(E33,'Import_FL5_LH_PVTMP_Configs (Do'!E:E,'Import_FL5_LH_PVTMP_Configs (Do'!Q:Q,"TBD",0,1))} -> G650-14694-05 | AL33: {=if(isblank(E33),"", xlookup(E33,'Import_FL5_LH_PVTMP_Configs (Do'!E:E,'Import_FL5_LH_PVTMP_Configs (Do'!M:M,"TBD",0,1))} -> G710-07670-01 | AM33: {=if(isblank(E33),"", xlookup(E33,'Import_FL5_LH_PVTMP_Configs (Do'!E:E,'Import_FL5_LH_PVTMP_Configs (Do'!N:N,"TBD",0,1))} -> G730-09533-02 | AN33: {=if(isblank(E33),"", xlookup(E33,'Import_FL5_LH_PVTMP_Configs (Do'!E:E,'Import_FL5_LH_PVTMP_Configs (Do'!K:K,"TBD",0,1))} -> G950-15935-11 | AO33: {=if(isblank(E33),"",XLOOKUP(E33,'FL5_G954 Pkg ASSY (Pkg BOM)'!L:L,'FL5_G954 Pkg ASSY (Pkg BOM)'!G:G,"N/A",0,1))} -> G954-08541-00 | AP33: {=if(isblank(E33),"",xlookup(E33,'FL5_G962 Country kit (Accesorie'!L:L,'FL5_G962 Country kit (Accesorie'!G:G,"N/A",0,1))} -> G962-00511-00 | AQ33: G990-08485-21-03 G990-08485-21-B | AR33: G990-09562-00-A G990-09562-00-B | AS33: 128GB | AT33: =if(isblank(E33),"","Yes") -> Yes | AU33: =if(isblank(E33),"",if(mid(E33,9,2)="GB", "Yes","No")) -> No | AV33: =if(isblank(E33),"",if(mid(E33,9,2)="IN", "Yes","No")) -> No | AX33: 840353926974 | AY33: 0840353926974 | AZ33: {=if(isblank(E33),"", xlookup(E33,Import_FL5_LH_PVT_BM!D:D,Import_FL5_LH_PVT_BM!AK:AK,$F$4,0,1))} -> MP | BA33: =if(isblank(E33),"",if(D33="Retail Pack","Retail_10ct",if(D33="Bulk Pack","Bulk_30ct"))) -> Retail_10ct | BB33: {=if(isblank(E33),"",xlookup(F33,z_Others!$B$21:$B$42,z_Others!$G$21:$G$42,"No",0,1))} -> ROW Master Carton Label (UPC) | BC33: {=if(isblank(E33),"",xlookup(F33,z_Others!$B$21:$B$42,z_Others!$H$21:$H$42,"No",0,1))} -> Standard Pallet Label (BTO) Standard Pallet Label (BTS) | BD33: {=if(isblank(E33),"",xlookup(E33,'Import_VN_Label approve'!E:E,'Import_VN_Label approve'!L:L,"N/A",0,1))} -> G990-08486-21-03 G990-08486-21-B | BE33: {=if(isblank(E33),"",xlookup(E33,'Import_VN_Label approve'!E:E,'Import_VN_Label approve'!N:N,"N/A",0,1))} -> G990-09562-00-01 G990-09562-00-A | BG33: FL5-MP-彩盒包+鐳雕SIM | BH33: FL5-MP-Colorbox+laserSIM | BI33: 45773 | BJ33: {=if(isblank(E33),"", xlookup(D33,z_Others!$B$5:$B$17,z_Others!$C$5:$C$17,"",0,1))} -> 智能手機 | BK33: 45765 | BL33: {=if(isblank(E33),"",xlookup(E33,'FL5_MP POR_LH_報關備案_G950 & GA'!F:F,'FL5_MP POR_LH_報關備案_G950 & GA'!E:E,"No Need",0,1))} -> Close | BM33: {=if(isblank(E33),"",xlookup($BM$9&E33,'Import_FL5 MPS (06.06.25) - Sor'!E29:E334&'Import_FL5 MPS (06.06.25) - Sor'!F29:F334,'Import_FL5 MPS (06.06.25) - Sor'!ES29:ES334,"No demand",0,1))} -> No demand | BN33: {=if(isblank(E33),"",xlookup($BN$9&E33,'Import_FL5 MPS (06.06.25) - Sor'!E29:E334&'Import_FL5 MPS (06.06.25) - Sor'!F29:F334,'Import_FL5 MPS (06.06.25) - Sor'!ES29:ES334,"No demand",0,1))} -> No demand | BO33: {=if(isblank(E33),"",xlookup($BO$9&E33,'Import_FL5 MPS (06.06.25) - Sor'!E29:E334&'Import_FL5 MPS (06.06.25) - Sor'!F29:F334,'Import_FL5 MPS (06.06.25) - Sor'!ES29:ES334,"No demand",0,1))} -> No demand | BP33: {=if(isblank(E33),"", xlookup(E33,'Import_LH_Label approve'!E:E,'Import_LH_Label approve'!L:L,"",0,1))} -> NA | BQ33: {=if(isblank(E33),"",xlookup(E33,'Import_VN_Label approve'!E:E,'Import_VN_Label approve'!M:M,"N/A",0,1))} -> N/A
B34: 23 | C34: Pristine | D34: Retail Pack | E34: GA10215-JP | F34: JP | G34: AJP | H34: {=xlookup(F34,z_Others!$B$21:$B$45,z_Others!$E$21:$E$45,"",0,1)} -> JPN | I34: CLR3 | J34: {=if(isblank(E34),"",xlookup(I34,z_Others!$M$17:$M$20,z_Others!$O$17:$O$20,"",0,1))} -> Lemongrass | K34: {=xlookup(I34,z_Others!$M$17:$M$20,z_Others!$N$17:$N$20,"",0,1)} -> YEL | L34: {=xlookup(F34,z_Others!$B$21:$B$45,z_Others!$D$21:$D$45,"",0,1)} -> GL066 | M34: {=xlookup(F34,z_Others!$B$21:$B$45,z_Others!$C$21:$C$45,"",0,1)} -> JPN | N34: 35416229 | O34: 35 416229 020000x 35 416229 320000x 35 416229 620000x | P34: 35 416229 999999x 35 416229 619999x 35 416229 999999x | Q34: 04:00:6E:C4:01:C2 64:9D:38:C7:BC:9E 64:9D:38:DE:9F:FE 64:9D:38:EC:5B:9E B0:D5:FB:A3:48:10 34:39:16:36:EE:80 B0:D5:FB:DD:43:D0 34:39:16:5D:00:FC 30:E0:44:6D:2C:72 | R34: 04:00:6E:C8:95:A1 64:9D:38:CC:50:7D 64:9D:38:E3:33:DD 64:9D:38:F0:EF:7D B0:D5:FB:AA:E9:2F 34:39:16:3C:A3:6F B0:D5:FB:DF:2F:FF 34:39:16:64:A2:1B 30:E0:44:74:CD:91 | S34: {=if(isblank(E34),"",xlookup($S$9&M34,z_Others!$X$5:$X$17&z_Others!$W$5:$W$17,z_Others!$Z$5:$Z$17,"",0,1))} -> 35444932 | T34: {=if(isblank(E34),"",xlookup($S$9&M34,z_Others!$X$5:$X$17&z_Others!$W$5:$W$17,z_Others!$AH$5:$AH$17,"",0,1))} -> 35 444932 020000x | U34: {=if(isblank(E34),"",xlookup($S$9&M34,z_Others!$X$5:$X$17&z_Others!$W$5:$W$17,z_Others!$AI$5:$AI$17,"",0,1))} -> 35 444932 999999x | V34: =if(isblank(E34),"",$V$9) -> 64:9D:38:32:91:82 B0:D5:FB:C6:60:70 | W34: =if(isblank(E34),"",$W$9) -> 64:9D:38:37:25:61 B0:D5:FB:CE:01:8F | X34: =if(isblank(E34),"",$X$9) -> MP1.0 | Z34: =if(isblank(E34),"",$Z$9) -> Android 16 | AA34: =if(isblank(F34),"",$Z$9) -> Android 16 | AB34: SKU, CLR3, GOOD, SUB6, JP, FL5 | AC34: Pixel 10, Lemongrass, 128GB, JP | AD34: BD1A.250702.001 | AE34: BD3A.250721.001.E1 | AF34: BD1A.250702.001 | AG34: BD3A.250721.001.E1 | AH34: {=if(isblank(E34),"",xlookup(F34,z_Others!$B$21:$B$45,z_Others!$F$21:$F$45,"TBD",0,1))} -> 00 | AI34: {=if(isblank(E34),"", xlookup(E34,'Import_FL5_LH_PVTMP_Configs (Do'!E:E,'Import_FL5_LH_PVTMP_Configs (Do'!O:O,"TBD",0,1))} -> G710-07800-00 | AK34: {=if(isblank(E34),"", xlookup(E34,'Import_FL5_LH_PVTMP_Configs (Do'!E:E,'Import_FL5_LH_PVTMP_Configs (Do'!Q:Q,"TBD",0,1))} -> G650-14694-05 | AL34: {=if(isblank(E34),"", xlookup(E34,'Import_FL5_LH_PVTMP_Configs (Do'!E:E,'Import_FL5_LH_PVTMP_Configs (Do'!M:M,"TBD",0,1))} -> G710-07670-01 | AM34: {=if(isblank(E34),"", xlookup(E34,'Import_FL5_LH_PVTMP_Configs (Do'!E:E,'Import_FL5_LH_PVTMP_Configs (Do'!N:N,"TBD",0,1))} -> G730-09533-03 | AN34: {=if(isblank(E34),"", xlookup(E34,'Import_FL5_LH_PVTMP_Configs (Do'!E:E,'Import_FL5_LH_PVTMP_Configs (Do'!K:K,"TBD",0,1))} -> G950-15935-12 | AO34: {=if(isblank(E34),"",XLOOKUP(E34,'FL5_G954 Pkg ASSY (Pkg BOM)'!L:L,'FL5_G954 Pkg ASSY (Pkg BOM)'!G:G,"N/A",0,1))} -> G954-08541-00 | AP34: {=if(isblank(E34),"",xlookup(E34,'FL5_G962 Country kit (Accesorie'!L:L,'FL5_G962 Country kit (Accesorie'!G:G,"N/A",0,1))} -> G962-00511-00 | AQ34: G990-08485-31-03 G990-08485-31-B | AR34: G990-09562-00-A G990-09562-00-B | AS34: 128GB | AT34: =if(isblank(E34),"","Yes") -> Yes | AU34: =if(isblank(E34),"",if(mid(E34,9,2)="GB", "Yes","No")) -> No | AV34: =if(isblank(E34),"",if(mid(E34,9,2)="IN", "Yes","No")) -> No | AX34: 840353926912 | AY34: 0840353926912 | AZ34: {=if(isblank(E34),"", xlookup(E34,Import_FL5_LH_PVT_BM!D:D,Import_FL5_LH_PVT_BM!AK:AK,$F$4,0,1))} -> MP | BA34: =if(isblank(E34),"",if(D34="Retail Pack","Retail_10ct",if(D34="Bulk Pack","Bulk_30ct"))) -> Retail_10ct | BB34: {=if(isblank(E34),"",xlookup(F34,z_Others!$B$21:$B$42,z_Others!$G$21:$G$42,"No",0,1))} -> ROW Master Carton Label (UPC) | BC34: {=if(isblank(E34),"",xlookup(F34,z_Others!$B$21:$B$42,z_Others!$H$21:$H$42,"No",0,1))} -> Standard Pallet Label (BTO) Standard Pallet Label (BTS) | BD34: {=if(isblank(E34),"",xlookup(E34,'Import_VN_Label approve'!E:E,'Import_VN_Label approve'!L:L,"N/A",0,1))} -> G990-08486-31-03 G990-08486-31-B | BE34: {=if(isblank(E34),"",xlookup(E34,'Import_VN_Label approve'!E:E,'Import_VN_Label approve'!N:N,"N/A",0,1))} -> G990-09562-00-01 G990-09562-00-A | BG34: FL5-MP-彩盒包+鐳雕SIM | BH34: FL5-MP-Colorbox+laserSIM | BI34: 45773 | BJ34: {=if(isblank(E34),"", xlookup(D34,z_Others!$B$5:$B$17,z_Others!$C$5:$C$17,"",0,1))} -> 智能手機 | BK34: 45765 | BL34: {=if(isblank(E34),"",xlookup(E34,'FL5_MP POR_LH_報關備案_G950 & GA'!F:F,'FL5_MP POR_LH_報關備案_G950 & GA'!E:E,"No Need",0,1))} -> Close | BM34: {=if(isblank(E34),"",xlookup($BM$9&E34,'Import_FL5 MPS (06.06.25) - Sor'!E30:E334&'Import_FL5 MPS (06.06.25) - Sor'!F30:F334,'Import_FL5 MPS (06.06.25) - Sor'!ES30:ES334,"No demand",0,1))} -> No demand | BN34: {=if(isblank(E34),"",xlookup($BN$9&E34,'Import_FL5 MPS (06.06.25) - Sor'!E30:E334&'Import_FL5 MPS (06.06.25) - Sor'!F30:F334,'Import_FL5 MPS (06.06.25) - Sor'!ES30:ES334,"No demand",0,1))} -> No demand | BO34: {=if(isblank(E34),"",xlookup($BO$9&E34,'Import_FL5 MPS (06.06.25) - Sor'!E30:E334&'Import_FL5 MPS (06.06.25) - Sor'!F30:F334,'Import_FL5 MPS (06.06.25) - Sor'!ES30:ES334,"No demand",0,1))} -> No demand | BP34: {=if(isblank(E34),"", xlookup(E34,'Import_LH_Label approve'!E:E,'Import_LH_Label approve'!L:L,"",0,1))} -> NA | BQ34: {=if(isblank(E34),"",xlookup(E34,'Import_VN_Label approve'!E:E,'Import_VN_Label approve'!M:M,"N/A",0,1))} -> N/A
B35: 24 | C35: Pristine | D35: Retail Pack | E35: GA10216-JP | F35: JP | G35: AJP | H35: {=xlookup(F35,z_Others!$B$21:$B$45,z_Others!$E$21:$E$45,"",0,1)} -> JPN | I35: CLR4 | J35: {=if(isblank(E35),"",xlookup(I35,z_Others!$M$17:$M$20,z_Others!$O$17:$O$20,"",0,1))} -> Indigo | K35: {=xlookup(I35,z_Others!$M$17:$M$20,z_Others!$N$17:$N$20,"",0,1)} -> BUE | L35: {=xlookup(F35,z_Others!$B$21:$B$45,z_Others!$D$21:$D$45,"",0,1)} -> GL066 | M35: {=xlookup(F35,z_Others!$B$21:$B$45,z_Others!$C$21:$C$45,"",0,1)} -> JPN | N35: 35416229 | O35: 35 416229 020000x 35 416229 320000x 35 416229 620000x | P35: 35 416229 999999x 35 416229 619999x 35 416229 999999x | Q35: 04:00:6E:C4:01:C2 64:9D:38:C7:BC:9E 64:9D:38:DE:9F:FE 64:9D:38:EC:5B:9E B0:D5:FB:A3:48:10 34:39:16:36:EE:80 B0:D5:FB:DD:43:D0 34:39:16:5D:00:FC 30:E0:44:6D:2C:72 | R35: 04:00:6E:C8:95:A1 64:9D:38:CC:50:7D 64:9D:38:E3:33:DD 64:9D:38:F0:EF:7D B0:D5:FB:AA:E9:2F 34:39:16:3C:A3:6F B0:D5:FB:DF:2F:FF 34:39:16:64:A2:1B 30:E0:44:74:CD:91 | S35: {=if(isblank(E35),"",xlookup($S$9&M35,z_Others!$X$5:$X$17&z_Others!$W$5:$W$17,z_Others!$Z$5:$Z$17,"",0,1))} -> 35444932 | T35: {=if(isblank(E35),"",xlookup($S$9&M35,z_Others!$X$5:$X$17&z_Others!$W$5:$W$17,z_Others!$AH$5:$AH$17,"",0,1))} -> 35 444932 020000x | U35: {=if(isblank(E35),"",xlookup($S$9&M35,z_Others!$X$5:$X$17&z_Others!$W$5:$W$17,z_Others!$AI$5:$AI$17,"",0,1))} -> 35 444932 999999x | V35: =if(isblank(E35),"",$V$9) -> 64:9D:38:32:91:82 B0:D5:FB:C6:60:70 | W35: =if(isblank(E35),"",$W$9) -> 64:9D:38:37:25:61 B0:D5:FB:CE:01:8F | X35: =if(isblank(E35),"",$X$9) -> MP1.0 | Z35: =if(isblank(E35),"",$Z$9) -> Android 16 | AA35: =if(isblank(F35),"",$Z$9) -> Android 16 | AB35: SKU, CLR4, GOOD, SUB6, JP, FL5 | AC35: Pixel 10, Indigo, 128GB, JP | AD35: BD1A.250702.001 | AE35: BD3A.250721.001.E1 | AF35: BD1A.250702.001 | AG35: BD3A.250721.001.E1 | AH35: {=if(isblank(E35),"",xlookup(F35,z_Others!$B$21:$B$45,z_Others!$F$21:$F$45,"TBD",0,1))} -> 00 | AI35: {=if(isblank(E35),"", xlookup(E35,'Import_FL5_LH_PVTMP_Configs (Do'!E:E,'Import_FL5_LH_PVTMP_Configs (Do'!O:O,"TBD",0,1))} -> G710-07800-00 | AK35: {=if(isblank(E35),"", xlookup(E35,'Import_FL5_LH_PVTMP_Configs (Do'!E:E,'Import_FL5_LH_PVTMP_Configs (Do'!Q:Q,"TBD",0,1))} -> G650-14694-05 | AL35: {=if(isblank(E35),"", xlookup(E35,'Import_FL5_LH_PVTMP_Configs (Do'!E:E,'Import_FL5_LH_PVTMP_Configs (Do'!M:M,"TBD",0,1))} -> G710-07670-01 | AM35: {=if(isblank(E35),"", xlookup(E35,'Import_FL5_LH_PVTMP_Configs (Do'!E:E,'Import_FL5_LH_PVTMP_Configs (Do'!N:N,"TBD",0,1))} -> G730-09533-04 | AN35: {=if(isblank(E35),"", xlookup(E35,'Import_FL5_LH_PVTMP_Configs (Do'!E:E,'Import_FL5_LH_PVTMP_Configs (Do'!K:K,"TBD",0,1))} -> G950-15935-13 | AO35: {=if(isblank(E35),"",XLOOKUP(E35,'FL5_G954 Pkg ASSY (Pkg BOM)'!L:L,'FL5_G954 Pkg ASSY (Pkg BOM)'!G:G,"N/A",0,1))} -> G954-08541-00 | AP35: {=if(isblank(E35),"",xlookup(E35,'FL5_G962 Country kit (Accesorie'!L:L,'FL5_G962 Country kit (Accesorie'!G:G,"N/A",0,1))} -> G962-00511-00 | AQ35: G990-08485-41-03 G990-08485-41-B | AR35: G990-09562-00-A G990-09562-00-B | AS35: 128GB | AT35: =if(isblank(E35),"","Yes") -> Yes | AU35: =if(isblank(E35),"",if(mid(E35,9,2)="GB", "Yes","No")) -> No | AV35: =if(isblank(E35),"",if(mid(E35,9,2)="IN", "Yes","No")) -> No | AX35: 840353926936 | AY35: 0840353926936 | AZ35: {=if(isblank(E35),"", xlookup(E35,Import_FL5_LH_PVT_BM!D:D,Import_FL5_LH_PVT_BM!AK:AK,$F$4,0,1))} -> MP | BA35: =if(isblank(E35),"",if(D35="Retail Pack","Retail_10ct",if(D35="Bulk Pack","Bulk_30ct"))) -> Retail_10ct | BB35: {=if(isblank(E35),"",xlookup(F35,z_Others!$B$21:$B$42,z_Others!$G$21:$G$42,"No",0,1))} -> ROW Master Carton Label (UPC) | BC35: {=if(isblank(E35),"",xlookup(F35,z_Others!$B$21:$B$42,z_Others!$H$21:$H$42,"No",0,1))} -> Standard Pallet Label (BTO) Standard Pallet Label (BTS) | BD35: {=if(isblank(E35),"",xlookup(E35,'Import_VN_Label approve'!E:E,'Import_VN_Label approve'!L:L,"N/A",0,1))} -> G990-08486-41-03 G990-08486-41-B | BE35: {=if(isblank(E35),"",xlookup(E35,'Import_VN_Label approve'!E:E,'Import_VN_Label approve'!N:N,"N/A",0,1))} -> G990-09562-00-01 G990-09562-00-A | BG35: FL5-MP-彩盒包+鐳雕SIM | BH35: FL5-MP-Colorbox+laserSIM | BI35: 45773 | BJ35: {=if(isblank(E35),"", xlookup(D35,z_Others!$B$5:$B$17,z_Others!$C$5:$C$17,"",0,1))} -> 智能手機 | BK35: 45765 | BL35: {=if(isblank(E35),"",xlookup(E35,'FL5_MP POR_LH_報關備案_G950 & GA'!F:F,'FL5_MP POR_LH_報關備案_G950 & GA'!E:E,"No Need",0,1))} -> Close | BM35: {=if(isblank(E35),"",xlookup($BM$9&E35,'Import_FL5 MPS (06.06.25) - Sor'!E31:E334&'Import_FL5 MPS (06.06.25) - Sor'!F31:F334,'Import_FL5 MPS (06.06.25) - Sor'!ES31:ES334,"No demand",0,1))} -> No demand | BN35: {=if(isblank(E35),"",xlookup($BN$9&E35,'Import_FL5 MPS (06.06.25) - Sor'!E31:E334&'Import_FL5 MPS (06.06.25) - Sor'!F31:F334,'Import_FL5 MPS (06.06.25) - Sor'!ES31:ES334,"No demand",0,1))} -> No demand | BO35: {=if(isblank(E35),"",xlookup($BO$9&E35,'Import_FL5 MPS (06.06.25) - Sor'!E31:E334&'Import_FL5 MPS (06.06.25) - Sor'!F31:F334,'Import_FL5 MPS (06.06.25) - Sor'!ES31:ES334,"No demand",0,1))} -> No demand | BP35: {=if(isblank(E35),"", xlookup(E35,'Import_LH_Label approve'!E:E,'Import_LH_Label approve'!L:L,"",0,1))} -> NA | BQ35: {=if(isblank(E35),"",xlookup(E35,'Import_VN_Label approve'!E:E,'Import_VN_Label approve'!M:M,"N/A",0,1))} -> N/A
B36: 25 | C36: Pristine | D36: Cancel | E36: GA09744-IN | F36: IN | G36: NCA | H36: {=xlookup(F36,z_Others!$B$21:$B$45,z_Others!$E$21:$E$45,"",0,1)} -> Sub6 | I36: CLR1 | J36: {=if(isblank(E36),"",xlookup(I36,z_Others!$M$17:$M$20,z_Others!$O$17:$O$20,"",0,1))} -> Obsidian | K36: {=xlookup(I36,z_Others!$M$17:$M$20,z_Others!$N$17:$N$20,"",0,1)} -> BLK | L36: {=xlookup(F36,z_Others!$B$21:$B$45,z_Others!$D$21:$D$45,"",0,1)} -> GK2MP | M36: {=xlookup(F36,z_Others!$B$21:$B$45,z_Others!$C$21:$C$45,"",0,1)} -> ROW | N36: {=if(isblank(E36),"",xlookup($N$9&M36,z_Others!$X$5:$X$17&z_Others!$W$5:$W$17,z_Others!$Z$5:$Z$17,"",0,1))} -> 35440766 | O36: 35 440766 070000 35 440766 370000 35 440766 670000 35 815482 000000 35 815482 300000 | P36: 35 440766 999999 35 440766 669999 35 440766 999999 35 815482 299999 35 815482 599999 | Q36: 04:00:6E:C4:01:C2 64:9D:38:C7:BC:9E 64:9D:38:DE:9F:FE 64:9D:38:EC:5B:9E B0:D5:FB:A3:48:10 34:39:16:36:EE:80 B0:D5:FB:DD:43:D0 34:39:16:5D:00:FC 30:E0:44:6D:2C:72 | R36: 04:00:6E:C8:95:A1 64:9D:38:CC:50:7D 64:9D:38:E3:33:DD 64:9D:38:F0:EF:7D B0:D5:FB:AA:E9:2F 34:39:16:3C:A3:6F B0:D5:FB:DF:2F:FF 34:39:16:64:A2:1B 30:E0:44:74:CD:91 | S36: {=if(isblank(E36),"",xlookup($S$9&M36,z_Others!$X$5:$X$17&z_Others!$W$5:$W$17,z_Others!$Z$5:$Z$17,"",0,1))} -> 35795514 | T36: {=if(isblank(E36),"",xlookup($S$9&M36,z_Others!$X$5:$X$17&z_Others!$W$5:$W$17,z_Others!$AH$5:$AH$17,"",0,1))} -> 35 795514 040000x | U36: {=if(isblank(E36),"",xlookup($S$9&M36,z_Others!$X$5:$X$17&z_Others!$W$5:$W$17,z_Others!$AI$5:$AI$17,"",0,1))} -> 35 795514 999999x | V36: =if(isblank(E36),"",$V$9) -> 64:9D:38:32:91:82 B0:D5:FB:C6:60:70 | W36: =if(isblank(E36),"",$W$9) -> 64:9D:38:37:25:61 B0:D5:FB:CE:01:8F | X36: =if(isblank(E36),"",$X$9) -> MP1.0 | Z36: =if(isblank(E36),"",$Z$9) -> Android 16 | AA36: =if(isblank(E36),"",IF(AG36="AD1A.240530.047","Android 14",IF(AG36="AP3A.241105.008","Android 15","TBD"))) -> TBD | AB36: SKU, CLR1, GOOD, SUB6, IN, FL5 | AH36: {=if(isblank(E36),"",xlookup(F36,z_Others!$B$21:$B$45,z_Others!$F$21:$F$45,"TBD",0,1))} -> 00 | AI36: {=if(isblank(E36),"", xlookup(E36,'Import_FL5_LH_PVTMP_Configs (Do'!E:E,'Import_FL5_LH_PVTMP_Configs (Do'!O:O,"TBD",0,1))} -> TBD | AK36: {=if(isblank(E36),"", xlookup(E36,'Import_FL5_LH_PVTMP_Configs (Do'!E:E,'Import_FL5_LH_PVTMP_Configs (Do'!Q:Q,"TBD",0,1))} -> TBD | AL36: {=if(isblank(E36),"", xlookup(E36,'Import_FL5_LH_PVTMP_Configs (Do'!E:E,'Import_FL5_LH_PVTMP_Configs (Do'!M:M,"TBD",0,1))} -> TBD | AM36: {=if(isblank(E36),"", xlookup(E36,'Import_FL5_LH_PVTMP_Configs (Do'!E:E,'Import_FL5_LH_PVTMP_Configs (Do'!N:N,"TBD",0,1))} -> TBD | AN36: {=if(isblank(E36),"", xlookup(E36,'Import_FL5_LH_PVTMP_Configs (Do'!E:E,'Import_FL5_LH_PVTMP_Configs (Do'!K:K,"TBD",0,1))} -> TBD | AO36: {=if(isblank(E36),"",XLOOKUP(E36,'FL5_G954 Pkg ASSY (Pkg BOM)'!L:L,'FL5_G954 Pkg ASSY (Pkg BOM)'!G:G,"N/A",0,1))} -> N/A | AP36: {=if(isblank(E36),"",xlookup(E36,'FL5_G962 Country kit (Accesorie'!L:L,'FL5_G962 Country kit (Accesorie'!G:G,"N/A",0,1))} -> N/A | AQ36: {=if(isblank(E36),"", xlookup(E36,'Import_LH_Label approve'!E:E,'Import_LH_Label approve'!M:M,"",0,1))} -> TBD | AR36: {=if(isblank(E36),"",xlookup(E36,'Import_LH_Label approve'!E:E,'Import_LH_Label approve'!N:N,"",0,1))} -> TBD | AS36: 128GB | AT36: =if(isblank(E36),"","Yes") -> Yes | AU36: =if(isblank(E36),"",if(mid(E36,9,2)="GB", "Yes","No")) -> No | AV36: =if(isblank(E36),"",if(mid(E36,9,2)="IN", "Yes","No")) -> Yes | AX36: TBD | AY36: TBD | AZ36: {=if(isblank(E36),"", xlookup(E36,Import_FL5_LH_PVT_BM!D:D,Import_FL5_LH_PVT_BM!AK:AK,$F$4,0,1))} -> MP | BA36: =if(isblank(E36),"",if(D36="Retail Pack","Retail_10ct",if(D36="Bulk Pack","Bulk_30ct"))) -> FALSE | BB36: {=if(isblank(E36),"",xlookup(F36,z_Others!$B$21:$B$42,z_Others!$G$21:$G$42,"No",0,1))} -> IN Master Carton Label | BC36: {=if(isblank(E36),"",xlookup(F36,z_Others!$B$21:$B$42,z_Others!$H$21:$H$42,"No",0,1))} -> Standard Pallet Label (BTO) Standard Pallet Label (BTS) | BD36: {=if(isblank(E36),"",xlookup(E36,'Import_VN_Label approve'!E:E,'Import_VN_Label approve'!L:L,"N/A",0,1))} -> TBD | BE36: {=if(isblank(E36),"",xlookup(E36,'Import_VN_Label approve'!E:E,'Import_VN_Label approve'!N:N,"N/A",0,1))} -> TBD | BJ36: {=if(isblank(E36),"", xlookup(D36,z_Others!$B$5:$B$17,z_Others!$C$5:$C$17,"",0,1))} | BL36: {=if(isblank(E36),"",xlookup(E36,'FL5_MP POR_LH_報關備案_G950 & GA'!F:F,'FL5_MP POR_LH_報關備案_G950 & GA'!E:E,"No Need",0,1))} -> No Need | BM36: {=if(isblank(E36),"",xlookup($BM$9&E36,'Import_FL5 MPS (06.06.25) - Sor'!E32:E334&'Import_FL5 MPS (06.06.25) - Sor'!F32:F334,'Import_FL5 MPS (06.06.25) - Sor'!ES32:ES334,"No demand",0,1))} -> No demand | BN36: {=if(isblank(E36),"",xlookup($BN$9&E36,'Import_FL5 MPS (06.06.25) - Sor'!E32:E334&'Import_FL5 MPS (06.06.25) - Sor'!F32:F334,'Import_FL5 MPS (06.06.25) - Sor'!ES32:ES334,"No demand",0,1))} -> No demand | BO36: {=if(isblank(E36),"",xlookup($BO$9&E36,'Import_FL5 MPS (06.06.25) - Sor'!E32:E334&'Import_FL5 MPS (06.06.25) - Sor'!F32:F334,'Import_FL5 MPS (06.06.25) - Sor'!ES32:ES334,"No demand",0,1))} -> No demand | BP36: {=if(isblank(E36),"", xlookup(E36,'Import_LH_Label approve'!E:E,'Import_LH_Label approve'!L:L,"",0,1))} | BQ36: {=if(isblank(E36),"",xlookup(E36,'Import_VN_Label approve'!E:E,'Import_VN_Label approve'!M:M,"N/A",0,1))} | BR36: [20250410]: PLM cancel.
B37: 26 | C37: Pristine | D37: Cancel | E37: GA10214-IN | F37: IN | G37: NCA | H37: {=xlookup(F37,z_Others!$B$21:$B$45,z_Others!$E$21:$E$45,"",0,1)} -> Sub6 | I37: CLR2 | J37: {=if(isblank(E37),"",xlookup(I37,z_Others!$M$17:$M$20,z_Others!$O$17:$O$20,"",0,1))} -> Frost | K37: {=xlookup(I37,z_Others!$M$17:$M$20,z_Others!$N$17:$N$20,"",0,1)} -> PPL | L37: {=xlookup(F37,z_Others!$B$21:$B$45,z_Others!$D$21:$D$45,"",0,1)} -> GK2MP | M37: {=xlookup(F37,z_Others!$B$21:$B$45,z_Others!$C$21:$C$45,"",0,1)} -> ROW | N37: {=if(isblank(E37),"",xlookup($N$9&M37,z_Others!$X$5:$X$17&z_Others!$W$5:$W$17,z_Others!$Z$5:$Z$17,"",0,1))} -> 35440766 | O37: 35 440766 070000 35 440766 370000 35 440766 670000 35 815482 000000 35 815482 300000 | P37: 35 440766 999999 35 440766 669999 35 440766 999999 35 815482 299999 35 815482 599999 | Q37: 04:00:6E:C4:01:C2 64:9D:38:C7:BC:9E 64:9D:38:DE:9F:FE 64:9D:38:EC:5B:9E B0:D5:FB:A3:48:10 34:39:16:36:EE:80 B0:D5:FB:DD:43:D0 34:39:16:5D:00:FC 30:E0:44:6D:2C:72 | R37: 04:00:6E:C8:95:A1 64:9D:38:CC:50:7D 64:9D:38:E3:33:DD 64:9D:38:F0:EF:7D B0:D5:FB:AA:E9:2F 34:39:16:3C:A3:6F B0:D5:FB:DF:2F:FF 34:39:16:64:A2:1B 30:E0:44:74:CD:91 | S37: {=if(isblank(E37),"",xlookup($S$9&M37,z_Others!$X$5:$X$17&z_Others!$W$5:$W$17,z_Others!$Z$5:$Z$17,"",0,1))} -> 35795514 | T37: {=if(isblank(E37),"",xlookup($S$9&M37,z_Others!$X$5:$X$17&z_Others!$W$5:$W$17,z_Others!$AH$5:$AH$17,"",0,1))} -> 35 795514 040000x | U37: {=if(isblank(E37),"",xlookup($S$9&M37,z_Others!$X$5:$X$17&z_Others!$W$5:$W$17,z_Others!$AI$5:$AI$17,"",0,1))} -> 35 795514 999999x | V37: =if(isblank(E37),"",$V$9) -> 64:9D:38:32:91:82 B0:D5:FB:C6:60:70 | W37: =if(isblank(E37),"",$W$9) -> 64:9D:38:37:25:61 B0:D5:FB:CE:01:8F | X37: =if(isblank(E37),"",$X$9) -> MP1.0 | Z37: =if(isblank(E37),"",$Z$9) -> Android 16 | AA37: =if(isblank(E37),"",IF(AG37="AD1A.240530.047","Android 14",IF(AG37="AP3A.241105.008","Android 15","TBD"))) -> TBD | AB37: SKU, CLR2, GOOD, SUB6, IN, FL5 | AH37: {=if(isblank(E37),"",xlookup(F37,z_Others!$B$21:$B$45,z_Others!$F$21:$F$45,"TBD",0,1))} -> 00 | AI37: {=if(isblank(E37),"", xlookup(E37,'Import_FL5_LH_PVTMP_Configs (Do'!E:E,'Import_FL5_LH_PVTMP_Configs (Do'!O:O,"TBD",0,1))} -> TBD | AK37: {=if(isblank(E37),"", xlookup(E37,'Import_FL5_LH_PVTMP_Configs (Do'!E:E,'Import_FL5_LH_PVTMP_Configs (Do'!Q:Q,"TBD",0,1))} -> TBD | AL37: {=if(isblank(E37),"", xlookup(E37,'Import_FL5_LH_PVTMP_Configs (Do'!E:E,'Import_FL5_LH_PVTMP_Configs (Do'!M:M,"TBD",0,1))} -> TBD | AM37: {=if(isblank(E37),"", xlookup(E37,'Import_FL5_LH_PVTMP_Configs (Do'!E:E,'Import_FL5_LH_PVTMP_Configs (Do'!N:N,"TBD",0,1))} -> TBD | AN37: {=if(isblank(E37),"", xlookup(E37,'Import_FL5_LH_PVTMP_Configs (Do'!E:E,'Import_FL5_LH_PVTMP_Configs (Do'!K:K,"TBD",0,1))} -> TBD | AO37: {=if(isblank(E37),"",XLOOKUP(E37,'FL5_G954 Pkg ASSY (Pkg BOM)'!L:L,'FL5_G954 Pkg ASSY (Pkg BOM)'!G:G,"N/A",0,1))} -> N/A | AP37: {=if(isblank(E37),"",xlookup(E37,'FL5_G962 Country kit (Accesorie'!L:L,'FL5_G962 Country kit (Accesorie'!G:G,"N/A",0,1))} -> N/A | AQ37: {=if(isblank(E37),"", xlookup(E37,'Import_LH_Label approve'!E:E,'Import_LH_Label approve'!M:M,"",0,1))} -> TBD | AR37: {=if(isblank(E37),"",xlookup(E37,'Import_LH_Label approve'!E:E,'Import_LH_Label approve'!N:N,"",0,1))} -> TBD | AS37: 128GB | AT37: =if(isblank(E37),"","Yes") -> Yes | AU37: =if(isblank(E37),"",if(mid(E37,9,2)="GB", "Yes","No")) -> No | AV37: =if(isblank(E37),"",if(mid(E37,9,2)="IN", "Yes","No")) -> Yes | AX37: TBD | AY37: TBD | AZ37: {=if(isblank(E37),"", xlookup(E37,Import_FL5_LH_PVT_BM!D:D,Import_FL5_LH_PVT_BM!AK:AK,$F$4,0,1))} -> MP | BA37: =if(isblank(E37),"",if(D37="Retail Pack","Retail_10ct",if(D37="Bulk Pack","Bulk_30ct"))) -> FALSE | BB37: {=if(isblank(E37),"",xlookup(F37,z_Others!$B$21:$B$42,z_Others!$G$21:$G$42,"No",0,1))} -> IN Master Carton Label | BC37: {=if(isblank(E37),"",xlookup(F37,z_Others!$B$21:$B$42,z_Others!$H$21:$H$42,"No",0,1))} -> Standard Pallet Label (BTO) Standard Pallet Label (BTS) | BD37: {=if(isblank(E37),"",xlookup(E37,'Import_VN_Label approve'!E:E,'Import_VN_Label approve'!L:L,"N/A",0,1))} -> TBD | BE37: {=if(isblank(E37),"",xlookup(E37,'Import_VN_Label approve'!E:E,'Import_VN_Label approve'!N:N,"N/A",0,1))} -> TBD | BJ37: {=if(isblank(E37),"", xlookup(D37,z_Others!$B$5:$B$17,z_Others!$C$5:$C$17,"",0,1))} | BL37: {=if(isblank(E37),"",xlookup(E37,'FL5_MP POR_LH_報關備案_G950 & GA'!F:F,'FL5_MP POR_LH_報關備案_G950 & GA'!E:E,"No Need",0,1))} -> No Need | BM37: {=if(isblank(E37),"",xlookup($BM$9&E37,'Import_FL5 MPS (06.06.25) - Sor'!E33:E334&'Import_FL5 MPS (06.06.25) - Sor'!F33:F334,'Import_FL5 MPS (06.06.25) - Sor'!ES33:ES334,"No demand",0,1))} -> No demand | BN37: {=if(isblank(E37),"",xlookup($BN$9&E37,'Import_FL5 MPS (06.06.25) - Sor'!E33:E334&'Import_FL5 MPS (06.06.25) - Sor'!F33:F334,'Import_FL5 MPS (06.06.25) - Sor'!ES33:ES334,"No demand",0,1))} -> No demand | BO37: {=if(isblank(E37),"",xlookup($BO$9&E37,'Import_FL5 MPS (06.06.25) - Sor'!E33:E334&'Import_FL5 MPS (06.06.25) - Sor'!F33:F334,'Import_FL5 MPS (06.06.25) - Sor'!ES33:ES334,"No demand",0,1))} -> No demand | BP37: {=if(isblank(E37),"", xlookup(E37,'Import_LH_Label approve'!E:E,'Import_LH_Label approve'!L:L,"",0,1))} | BQ37: {=if(isblank(E37),"",xlookup(E37,'Import_VN_Label approve'!E:E,'Import_VN_Label approve'!M:M,"N/A",0,1))} | BR37: [20250410]: PLM cancel.
B38: 27 | C38: Pristine | D38: Cancel | E38: GA10215-IN | F38: IN | G38: NCA | H38: {=xlookup(F38,z_Others!$B$21:$B$45,z_Others!$E$21:$E$45,"",0,1)} -> Sub6 | I38: CLR3 | J38: {=if(isblank(E38),"",xlookup(I38,z_Others!$M$17:$M$20,z_Others!$O$17:$O$20,"",0,1))} -> Lemongrass | K38: {=xlookup(I38,z_Others!$M$17:$M$20,z_Others!$N$17:$N$20,"",0,1)} -> YEL | L38: {=xlookup(F38,z_Others!$B$21:$B$45,z_Others!$D$21:$D$45,"",0,1)} -> GK2MP | M38: {=xlookup(F38,z_Others!$B$21:$B$45,z_Others!$C$21:$C$45,"",0,1)} -> ROW | N38: {=if(isblank(E38),"",xlookup($N$9&M38,z_Others!$X$5:$X$17&z_Others!$W$5:$W$17,z_Others!$Z$5:$Z$17,"",0,1))} -> 35440766 | O38: 35 440766 070000 35 440766 370000 35 440766 670000 35 815482 000000 35 815482 300000 | P38: 35 440766 999999 35 440766 669999 35 440766 999999 35 815482 299999 35 815482 599999 | Q38: 04:00:6E:C4:01:C2 64:9D:38:C7:BC:9E 64:9D:38:DE:9F:FE 64:9D:38:EC:5B:9E B0:D5:FB:A3:48:10 34:39:16:36:EE:80 B0:D5:FB:DD:43:D0 34:39:16:5D:00:FC 30:E0:44:6D:2C:72 | R38: 04:00:6E:C8:95:A1 64:9D:38:CC:50:7D 64:9D:38:E3:33:DD 64:9D:38:F0:EF:7D B0:D5:FB:AA:E9:2F 34:39:16:3C:A3:6F B0:D5:FB:DF:2F:FF 34:39:16:64:A2:1B 30:E0:44:74:CD:91 | S38: {=if(isblank(E38),"",xlookup($S$9&M38,z_Others!$X$5:$X$17&z_Others!$W$5:$W$17,z_Others!$Z$5:$Z$17,"",0,1))} -> 35795514 | T38: {=if(isblank(E38),"",xlookup($S$9&M38,z_Others!$X$5:$X$17&z_Others!$W$5:$W$17,z_Others!$AH$5:$AH$17,"",0,1))} -> 35 795514 040000x | U38: {=if(isblank(E38),"",xlookup($S$9&M38,z_Others!$X$5:$X$17&z_Others!$W$5:$W$17,z_Others!$AI$5:$AI$17,"",0,1))} -> 35 795514 999999x | V38: =if(isblank(E38),"",$V$9) -> 64:9D:38:32:91:82 B0:D5:FB:C6:60:70 | W38: =if(isblank(E38),"",$W$9) -> 64:9D:38:37:25:61 B0:D5:FB:CE:01:8F | X38: =if(isblank(E38),"",$X$9) -> MP1.0 | Z38: =if(isblank(E38),"",$Z$9) -> Android 16 | AA38: =if(isblank(E38),"",IF(AG38="AD1A.240530.047","Android 14",IF(AG38="AP3A.241105.008","Android 15","TBD"))) -> TBD | AB38: SKU, CLR3, GOOD, SUB6, IN, FL5 | AH38: {=if(isblank(E38),"",xlookup(F38,z_Others!$B$21:$B$45,z_Others!$F$21:$F$45,"TBD",0,1))} -> 00 | AI38: {=if(isblank(E38),"", xlookup(E38,'Import_FL5_LH_PVTMP_Configs (Do'!E:E,'Import_FL5_LH_PVTMP_Configs (Do'!O:O,"TBD",0,1))} -> TBD | AK38: {=if(isblank(E38),"", xlookup(E38,'Import_FL5_LH_PVTMP_Configs (Do'!E:E,'Import_FL5_LH_PVTMP_Configs (Do'!Q:Q,"TBD",0,1))} -> TBD | AL38: {=if(isblank(E38),"", xlookup(E38,'Import_FL5_LH_PVTMP_Configs (Do'!E:E,'Import_FL5_LH_PVTMP_Configs (Do'!M:M,"TBD",0,1))} -> TBD | AM38: {=if(isblank(E38),"", xlookup(E38,'Import_FL5_LH_PVTMP_Configs (Do'!E:E,'Import_FL5_LH_PVTMP_Configs (Do'!N:N,"TBD",0,1))} -> TBD | AN38: {=if(isblank(E38),"", xlookup(E38,'Import_FL5_LH_PVTMP_Configs (Do'!E:E,'Import_FL5_LH_PVTMP_Configs (Do'!K:K,"TBD",0,1))} -> TBD | AO38: {=if(isblank(E38),"",XLOOKUP(E38,'FL5_G954 Pkg ASSY (Pkg BOM)'!L:L,'FL5_G954 Pkg ASSY (Pkg BOM)'!G:G,"N/A",0,1))} -> N/A | AP38: {=if(isblank(E38),"",xlookup(E38,'FL5_G962 Country kit (Accesorie'!L:L,'FL5_G962 Country kit (Accesorie'!G:G,"N/A",0,1))} -> N/A | AQ38: {=if(isblank(E38),"", xlookup(E38,'Import_LH_Label approve'!E:E,'Import_LH_Label approve'!M:M,"",0,1))} -> TBD | AR38: {=if(isblank(E38),"",xlookup(E38,'Import_LH_Label approve'!E:E,'Import_LH_Label approve'!N:N,"",0,1))} -> TBD | AS38: 128GB | AT38: =if(isblank(E38),"","Yes") -> Yes | AU38: =if(isblank(E38),"",if(mid(E38,9,2)="GB", "Yes","No")) -> No | AV38: =if(isblank(E38),"",if(mid(E38,9,2)="IN", "Yes","No")) -> Yes | AX38: TBD | AY38: TBD | AZ38: {=if(isblank(E38),"", xlookup(E38,Import_FL5_LH_PVT_BM!D:D,Import_FL5_LH_PVT_BM!AK:AK,$F$4,0,1))} -> MP | BA38: =if(isblank(E38),"",if(D38="Retail Pack","Retail_10ct",if(D38="Bulk Pack","Bulk_30ct"))) -> FALSE | BB38: {=if(isblank(E38),"",xlookup(F38,z_Others!$B$21:$B$42,z_Others!$G$21:$G$42,"No",0,1))} -> IN Master Carton Label | BC38: {=if(isblank(E38),"",xlookup(F38,z_Others!$B$21:$B$42,z_Others!$H$21:$H$42,"No",0,1))} -> Standard Pallet Label (BTO) Standard Pallet Label (BTS) | BD38: {=if(isblank(E38),"",xlookup(E38,'Import_VN_Label approve'!E:E,'Import_VN_Label approve'!L:L,"N/A",0,1))} -> TBD | BE38: {=if(isblank(E38),"",xlookup(E38,'Import_VN_Label approve'!E:E,'Import_VN_Label approve'!N:N,"N/A",0,1))} -> TBD | BJ38: {=if(isblank(E38),"", xlookup(D38,z_Others!$B$5:$B$17,z_Others!$C$5:$C$17,"",0,1))} | BL38: {=if(isblank(E38),"",xlookup(E38,'FL5_MP POR_LH_報關備案_G950 & GA'!F:F,'FL5_MP POR_LH_報關備案_G950 & GA'!E:E,"No Need",0,1))} -> No Need | BM38: {=if(isblank(E38),"",xlookup($BM$9&E38,'Import_FL5 MPS (06.06.25) - Sor'!E34:E334&'Import_FL5 MPS (06.06.25) - Sor'!F34:F334,'Import_FL5 MPS (06.06.25) - Sor'!ES34:ES334,"No demand",0,1))} -> No demand | BN38: {=if(isblank(E38),"",xlookup($BN$9&E38,'Import_FL5 MPS (06.06.25) - Sor'!E34:E334&'Import_FL5 MPS (06.06.25) - Sor'!F34:F334,'Import_FL5 MPS (06.06.25) - Sor'!ES34:ES334,"No demand",0,1))} -> No demand | BO38: {=if(isblank(E38),"",xlookup($BO$9&E38,'Import_FL5 MPS (06.06.25) - Sor'!E34:E334&'Import_FL5 MPS (06.06.25) - Sor'!F34:F334,'Import_FL5 MPS (06.06.25) - Sor'!ES34:ES334,"No demand",0,1))} -> No demand | BP38: {=if(isblank(E38),"", xlookup(E38,'Import_LH_Label approve'!E:E,'Import_LH_Label approve'!L:L,"",0,1))} | BQ38: {=if(isblank(E38),"",xlookup(E38,'Import_VN_Label approve'!E:E,'Import_VN_Label approve'!M:M,"N/A",0,1))} | BR38: [20250410]: PLM cancel.
B39: 28 | C39: Pristine | D39: Cancel | E39: GA10216-IN | F39: IN | G39: NCA | H39: {=xlookup(F39,z_Others!$B$21:$B$45,z_Others!$E$21:$E$45,"",0,1)} -> Sub6 | I39: CLR4 | J39: {=if(isblank(E39),"",xlookup(I39,z_Others!$M$17:$M$20,z_Others!$O$17:$O$20,"",0,1))} -> Indigo | K39: {=xlookup(I39,z_Others!$M$17:$M$20,z_Others!$N$17:$N$20,"",0,1)} -> BUE | L39: {=xlookup(F39,z_Others!$B$21:$B$45,z_Others!$D$21:$D$45,"",0,1)} -> GK2MP | M39: {=xlookup(F39,z_Others!$B$21:$B$45,z_Others!$C$21:$C$45,"",0,1)} -> ROW | N39: {=if(isblank(E39),"",xlookup($N$9&M39,z_Others!$X$5:$X$17&z_Others!$W$5:$W$17,z_Others!$Z$5:$Z$17,"",0,1))} -> 35440766 | O39: 35 440766 070000 35 440766 370000 35 440766 670000 35 815482 000000 35 815482 300000 | P39: 35 440766 999999 35 440766 669999 35 440766 999999 35 815482 299999 35 815482 599999 | Q39: 04:00:6E:C4:01:C2 64:9D:38:C7:BC:9E 64:9D:38:DE:9F:FE 64:9D:38:EC:5B:9E B0:D5:FB:A3:48:10 34:39:16:36:EE:80 B0:D5:FB:DD:43:D0 34:39:16:5D:00:FC 30:E0:44:6D:2C:72 | R39: 04:00:6E:C8:95:A1 64:9D:38:CC:50:7D 64:9D:38:E3:33:DD 64:9D:38:F0:EF:7D B0:D5:FB:AA:E9:2F 34:39:16:3C:A3:6F B0:D5:FB:DF:2F:FF 34:39:16:64:A2:1B 30:E0:44:74:CD:91 | S39: {=if(isblank(E39),"",xlookup($S$9&M39,z_Others!$X$5:$X$17&z_Others!$W$5:$W$17,z_Others!$Z$5:$Z$17,"",0,1))} -> 35795514 | T39: {=if(isblank(E39),"",xlookup($S$9&M39,z_Others!$X$5:$X$17&z_Others!$W$5:$W$17,z_Others!$AH$5:$AH$17,"",0,1))} -> 35 795514 040000x | U39: {=if(isblank(E39),"",xlookup($S$9&M39,z_Others!$X$5:$X$17&z_Others!$W$5:$W$17,z_Others!$AI$5:$AI$17,"",0,1))} -> 35 795514 999999x | V39: =if(isblank(E39),"",$V$9) -> 64:9D:38:32:91:82 B0:D5:FB:C6:60:70 | W39: =if(isblank(E39),"",$W$9) -> 64:9D:38:37:25:61 B0:D5:FB:CE:01:8F | X39: =if(isblank(E39),"",$X$9) -> MP1.0 | Z39: =if(isblank(E39),"",$Z$9) -> Android 16 | AA39: =if(isblank(E39),"",IF(AG39="AD1A.240530.047","Android 14",IF(AG39="AP3A.241105.008","Android 15","TBD"))) -> TBD | AB39: SKU, CLR4, GOOD, SUB6, IN, FL5 | AH39: {=if(isblank(E39),"",xlookup(F39,z_Others!$B$21:$B$45,z_Others!$F$21:$F$45,"TBD",0,1))} -> 00 | AI39: {=if(isblank(E39),"", xlookup(E39,'Import_FL5_LH_PVTMP_Configs (Do'!E:E,'Import_FL5_LH_PVTMP_Configs (Do'!O:O,"TBD",0,1))} -> TBD | AK39: {=if(isblank(E39),"", xlookup(E39,'Import_FL5_LH_PVTMP_Configs (Do'!E:E,'Import_FL5_LH_PVTMP_Configs (Do'!Q:Q,"TBD",0,1))} -> TBD | AL39: {=if(isblank(E39),"", xlookup(E39,'Import_FL5_LH_PVTMP_Configs (Do'!E:E,'Import_FL5_LH_PVTMP_Configs (Do'!M:M,"TBD",0,1))} -> TBD | AM39: {=if(isblank(E39),"", xlookup(E39,'Import_FL5_LH_PVTMP_Configs (Do'!E:E,'Import_FL5_LH_PVTMP_Configs (Do'!N:N,"TBD",0,1))} -> TBD | AN39: {=if(isblank(E39),"", xlookup(E39,'Import_FL5_LH_PVTMP_Configs (Do'!E:E,'Import_FL5_LH_PVTMP_Configs (Do'!K:K,"TBD",0,1))} -> TBD | AO39: {=if(isblank(E39),"",XLOOKUP(E39,'FL5_G954 Pkg ASSY (Pkg BOM)'!L:L,'FL5_G954 Pkg ASSY (Pkg BOM)'!G:G,"N/A",0,1))} -> N/A | AP39: {=if(isblank(E39),"",xlookup(E39,'FL5_G962 Country kit (Accesorie'!L:L,'FL5_G962 Country kit (Accesorie'!G:G,"N/A",0,1))} -> N/A | AQ39: {=if(isblank(E39),"", xlookup(E39,'Import_LH_Label approve'!E:E,'Import_LH_Label approve'!M:M,"",0,1))} -> TBD | AR39: {=if(isblank(E39),"",xlookup(E39,'Import_LH_Label approve'!E:E,'Import_LH_Label approve'!N:N,"",0,1))} -> TBD | AS39: 128GB | AT39: =if(isblank(E39),"","Yes") -> Yes | AU39: =if(isblank(E39),"",if(mid(E39,9,2)="GB", "Yes","No")) -> No | AV39: =if(isblank(E39),"",if(mid(E39,9,2)="IN", "Yes","No")) -> Yes | AX39: TBD | AY39: TBD | AZ39: {=if(isblank(E39),"", xlookup(E39,Import_FL5_LH_PVT_BM!D:D,Import_FL5_LH_PVT_BM!AK:AK,$F$4,0,1))} -> MP | BA39: =if(isblank(E39),"",if(D39="Retail Pack","Retail_10ct",if(D39="Bulk Pack","Bulk_30ct"))) -> FALSE | BB39: {=if(isblank(E39),"",xlookup(F39,z_Others!$B$21:$B$42,z_Others!$G$21:$G$42,"No",0,1))} -> IN Master Carton Label | BC39: {=if(isblank(E39),"",xlookup(F39,z_Others!$B$21:$B$42,z_Others!$H$21:$H$42,"No",0,1))} -> Standard Pallet Label (BTO) Standard Pallet Label (BTS) | BD39: {=if(isblank(E39),"",xlookup(E39,'Import_VN_Label approve'!E:E,'Import_VN_Label approve'!L:L,"N/A",0,1))} -> TBD | BE39: {=if(isblank(E39),"",xlookup(E39,'Import_VN_Label approve'!E:E,'Import_VN_Label approve'!N:N,"N/A",0,1))} -> TBD | BJ39: {=if(isblank(E39),"", xlookup(D39,z_Others!$B$5:$B$17,z_Others!$C$5:$C$17,"",0,1))} | BL39: {=if(isblank(E39),"",xlookup(E39,'FL5_MP POR_LH_報關備案_G950 & GA'!F:F,'FL5_MP POR_LH_報關備案_G950 & GA'!E:E,"No Need",0,1))} -> No Need | BM39: {=if(isblank(E39),"",xlookup($BM$9&E39,'Import_FL5 MPS (06.06.25) - Sor'!E35:E334&'Import_FL5 MPS (06.06.25) - Sor'!F35:F334,'Import_FL5 MPS (06.06.25) - Sor'!ES35:ES334,"No demand",0,1))} -> No demand | BN39: {=if(isblank(E39),"",xlookup($BN$9&E39,'Import_FL5 MPS (06.06.25) - Sor'!E35:E334&'Import_FL5 MPS (06.06.25) - Sor'!F35:F334,'Import_FL5 MPS (06.06.25) - Sor'!ES35:ES334,"No demand",0,1))} -> No demand | BO39: {=if(isblank(E39),"",xlookup($BO$9&E39,'Import_FL5 MPS (06.06.25) - Sor'!E35:E334&'Import_FL5 MPS (06.06.25) - Sor'!F35:F334,'Import_FL5 MPS (06.06.25) - Sor'!ES35:ES334,"No demand",0,1))} -> No demand | BP39: {=if(isblank(E39),"", xlookup(E39,'Import_LH_Label approve'!E:E,'Import_LH_Label approve'!L:L,"",0,1))} | BQ39: {=if(isblank(E39),"",xlookup(E39,'Import_VN_Label approve'!E:E,'Import_VN_Label approve'!M:M,"N/A",0,1))} | BR39: [20250410]: PLM cancel.
B40: 29 | C40: Pristine | D40: Retail Pack | E40: GA09880-US | F40: VZW, US | G40: UVZ | H40: {=xlookup(F40,z_Others!$B$21:$B$45,z_Others!$E$21:$E$45,"",0,1)} -> mmWave | I40: CLR1 | J40: {=if(isblank(E40),"",xlookup(I40,z_Others!$M$17:$M$20,z_Others!$O$17:$O$20,"",0,1))} -> Obsidian | K40: {=xlookup(I40,z_Others!$M$17:$M$20,z_Others!$N$17:$N$20,"",0,1)} -> BLK | L40: {=xlookup(F40,z_Others!$B$21:$B$45,z_Others!$D$21:$D$45,"",0,1)} -> GLBW0 | M40: {=xlookup(F40,z_Others!$B$21:$B$45,z_Others!$C$21:$C$45,"",0,1)} -> VZW | N40: {=if(isblank(E40),"",xlookup($N$9&M40,z_Others!$X$5:$X$17&z_Others!$W$5:$W$17,z_Others!$Z$5:$Z$17,"",0,1))} -> 35560678 | O40: {=if(isblank(E40),"",xlookup($N$9&M40,z_Others!$X$5:$X$17&z_Others!$W$5:$W$17,z_Others!$AH$5:$AH$17,"",0,1))} -> 35 560678 020000x | P40: {=if(isblank(E40),"",xlookup($N$9&M40,z_Others!$X$5:$X$17&z_Others!$W$5:$W$17,z_Others!$AI$5:$AI$17,"",0,1))} -> 35 560678 999999x | Q40: 04:00:6E:C4:01:C2 64:9D:38:C7:BC:9E 64:9D:38:DE:9F:FE 64:9D:38:EC:5B:9E B0:D5:FB:A3:48:10 34:39:16:36:EE:80 B0:D5:FB:DD:43:D0 34:39:16:5D:00:FC 30:E0:44:6D:2C:72 | R40: 04:00:6E:C8:95:A1 64:9D:38:CC:50:7D 64:9D:38:E3:33:DD 64:9D:38:F0:EF:7D B0:D5:FB:AA:E9:2F 34:39:16:3C:A3:6F B0:D5:FB:DF:2F:FF 34:39:16:64:A2:1B 30:E0:44:74:CD:91 | S40: {=if(isblank(E40),"",xlookup($S$9&M40,z_Others!$X$5:$X$17&z_Others!$W$5:$W$17,z_Others!$Z$5:$Z$17,"",0,1))} -> 35931451 | T40: {=if(isblank(E40),"",xlookup($S$9&M40,z_Others!$X$5:$X$17&z_Others!$W$5:$W$17,z_Others!$AH$5:$AH$17,"",0,1))} -> 35 931451 020000x | U40: {=if(isblank(E40),"",xlookup($S$9&M40,z_Others!$X$5:$X$17&z_Others!$W$5:$W$17,z_Others!$AI$5:$AI$17,"",0,1))} -> 35 931451 999999x | V40: =if(isblank(E40),"",$V$9) -> 64:9D:38:32:91:82 B0:D5:FB:C6:60:70 | W40: =if(isblank(E40),"",$W$9) -> 64:9D:38:37:25:61 B0:D5:FB:CE:01:8F | X40: =if(isblank(E40),"",$X$9) -> MP1.0 | Z40: =if(isblank(E40),"",$Z$9) -> Android 16 | AA40: =if(isblank(F40),"",$Z$9) -> Android 16 | AB40: SKU, CLR1, BETTER, MMWAVE, VZW, US, FL5 | AC40: Pixel 10, Obsidian, 256GB, VZW, US | AD40: BD1A.250702.001.A3 | AE40: BD3A.250721.001.E1 | AF40: BD1A.250702.001.A3 | AG40: BD3A.250721.001.E1 | AH40: {=if(isblank(E40),"",xlookup(F40,z_Others!$B$21:$B$45,z_Others!$F$21:$F$45,"TBD",0,1))} -> US | AI40: {=if(isblank(E40),"", xlookup(E40,'Import_FL5_LH_PVTMP_Configs (Do'!E:E,'Import_FL5_LH_PVTMP_Configs (Do'!O:O,"TBD",0,1))} -> G710-07800-11 | AK40: {=if(isblank(E40),"", xlookup(E40,'Import_FL5_LH_PVTMP_Configs (Do'!E:E,'Import_FL5_LH_PVTMP_Configs (Do'!Q:Q,"TBD",0,1))} -> G650-14694-05 | AL40: {=if(isblank(E40),"", xlookup(E40,'Import_FL5_LH_PVTMP_Configs (Do'!E:E,'Import_FL5_LH_PVTMP_Configs (Do'!M:M,"TBD",0,1))} -> G710-07670-01 | AM40: {=if(isblank(E40),"", xlookup(E40,'Import_FL5_LH_PVTMP_Configs (Do'!E:E,'Import_FL5_LH_PVTMP_Configs (Do'!N:N,"TBD",0,1))} -> G730-09533-01 | AN40: {=if(isblank(E40),"", xlookup(E40,'Import_FL5_LH_PVTMP_Configs (Do'!E:E,'Import_FL5_LH_PVTMP_Configs (Do'!K:K,"TBD",0,1))} -> G950-15935-04 | AO40: {=if(isblank(E40),"",XLOOKUP(E40,'FL5_G954 Pkg ASSY (Pkg BOM)'!L:L,'FL5_G954 Pkg ASSY (Pkg BOM)'!G:G,"N/A",0,1))} -> G954-08540-00 | AP40: {=if(isblank(E40),"",xlookup(E40,'FL5_G962 Country kit (Accesorie'!L:L,'FL5_G962 Country kit (Accesorie'!G:G,"N/A",0,1))} -> G962-00511-00 | AQ40: {=if(isblank(E40),"", xlookup(E40,'Import_LH_Label approve'!E:E,'Import_LH_Label approve'!M:M,"",0,1))} -> G990-08380-12-01 G990-08380-12-A | AR40: {=if(isblank(E40),"",xlookup(E40,'Import_LH_Label approve'!E:E,'Import_LH_Label approve'!N:N,"",0,1))} -> G990-08382-11-01 G990-08382-11-A | AS40: 256GB | AT40: =if(isblank(E40),"","Yes") -> Yes | AU40: =if(isblank(E40),"",if(mid(E40,9,2)="GB", "Yes","No")) -> No | AV40: =if(isblank(E40),"",if(mid(E40,9,2)="IN", "Yes","No")) -> No | AX40: 840353926486 | AY40: 0840353926486 | AZ40: {=if(isblank(E40),"", xlookup(E40,Import_FL5_LH_PVT_BM!D:D,Import_FL5_LH_PVT_BM!AK:AK,$F$4,0,1))} -> MP | BA40: =if(isblank(E40),"",if(D40="Retail Pack","Retail_10ct",if(D40="Bulk Pack","Bulk_30ct"))) -> Retail_10ct | BB40: {=if(isblank(E40),"",xlookup(F40,z_Others!$B$21:$B$42,z_Others!$G$21:$G$42,"No",0,1))} -> VZN Master Carton Label | BC40: {=if(isblank(E40),"",xlookup(F40,z_Others!$B$21:$B$42,z_Others!$H$21:$H$42,"No",0,1))} -> VZN Pallet Label (BTS) | BD40: {=if(isblank(E40),"",xlookup(E40,'Import_VN_Label approve'!E:E,'Import_VN_Label approve'!L:L,"N/A",0,1))} -> G990-08482-12-01 G990-08482-12-A | BE40: {=if(isblank(E40),"",xlookup(E40,'Import_VN_Label approve'!E:E,'Import_VN_Label approve'!N:N,"N/A",0,1))} -> G990-08382-11-01 G990-08382-11-A | BG40: FL5-MP-彩盒包 | BH40: FL5-MP-Colorbox | BI40: 45773 | BJ40: {=if(isblank(E40),"", xlookup(D40,z_Others!$B$5:$B$17,z_Others!$C$5:$C$17,"",0,1))} -> 智能手機 | BK40: 45782 | BL40: {=if(isblank(E40),"",xlookup(E40,'FL5_MP POR_LH_報關備案_G950 & GA'!F:F,'FL5_MP POR_LH_報關備案_G950 & GA'!E:E,"No Need",0,1))} -> Close | BM40: {=if(isblank(E40),"",xlookup($BM$9&E40,'Import_FL5 MPS (06.06.25) - Sor'!E36:E334&'Import_FL5 MPS (06.06.25) - Sor'!F36:F334,'Import_FL5 MPS (06.06.25) - Sor'!ES36:ES334,"No demand",0,1))} -> No demand | BN40: {=if(isblank(E40),"",xlookup($BN$9&E40,'Import_FL5 MPS (06.06.25) - Sor'!E36:E334&'Import_FL5 MPS (06.06.25) - Sor'!F36:F334,'Import_FL5 MPS (06.06.25) - Sor'!ES36:ES334,"No demand",0,1))} -> No demand | BO40: {=if(isblank(E40),"",xlookup($BO$9&E40,'Import_FL5 MPS (06.06.25) - Sor'!E36:E334&'Import_FL5 MPS (06.06.25) - Sor'!F36:F334,'Import_FL5 MPS (06.06.25) - Sor'!ES36:ES334,"No demand",0,1))} -> No demand | BP40: {=if(isblank(E40),"", xlookup(E40,'Import_LH_Label approve'!E:E,'Import_LH_Label approve'!L:L,"",0,1))} | BQ40: {=if(isblank(E40),"",xlookup(E40,'Import_VN_Label approve'!E:E,'Import_VN_Label approve'!M:M,"N/A",0,1))}
B41: 30 | C41: Pristine | D41: Retail Pack | E41: GA10243-US | F41: VZW, US | G41: UVZ | H41: {=xlookup(F41,z_Others!$B$21:$B$45,z_Others!$E$21:$E$45,"",0,1)} -> mmWave | I41: CLR4 | J41: {=if(isblank(E41),"",xlookup(I41,z_Others!$M$17:$M$20,z_Others!$O$17:$O$20,"",0,1))} -> Indigo | K41: {=xlookup(I41,z_Others!$M$17:$M$20,z_Others!$N$17:$N$20,"",0,1)} -> BUE | L41: {=xlookup(F41,z_Others!$B$21:$B$45,z_Others!$D$21:$D$45,"",0,1)} -> GLBW0 | M41: {=xlookup(F41,z_Others!$B$21:$B$45,z_Others!$C$21:$C$45,"",0,1)} -> VZW | N41: {=if(isblank(E41),"",xlookup($N$9&M41,z_Others!$X$5:$X$17&z_Others!$W$5:$W$17,z_Others!$Z$5:$Z$17,"",0,1))} -> 35560678 | O41: {=if(isblank(E41),"",xlookup($N$9&M41,z_Others!$X$5:$X$17&z_Others!$W$5:$W$17,z_Others!$AH$5:$AH$17,"",0,1))} -> 35 560678 020000x | P41: {=if(isblank(E41),"",xlookup($N$9&M41,z_Others!$X$5:$X$17&z_Others!$W$5:$W$17,z_Others!$AI$5:$AI$17,"",0,1))} -> 35 560678 999999x | Q41: 04:00:6E:C4:01:C2 64:9D:38:C7:BC:9E 64:9D:38:DE:9F:FE 64:9D:38:EC:5B:9E B0:D5:FB:A3:48:10 34:39:16:36:EE:80 B0:D5:FB:DD:43:D0 34:39:16:5D:00:FC 30:E0:44:6D:2C:72 | R41: 04:00:6E:C8:95:A1 64:9D:38:CC:50:7D 64:9D:38:E3:33:DD 64:9D:38:F0:EF:7D B0:D5:FB:AA:E9:2F 34:39:16:3C:A3:6F B0:D5:FB:DF:2F:FF 34:39:16:64:A2:1B 30:E0:44:74:CD:91 | S41: {=if(isblank(E41),"",xlookup($S$9&M41,z_Others!$X$5:$X$17&z_Others!$W$5:$W$17,z_Others!$Z$5:$Z$17,"",0,1))} -> 35931451 | T41: {=if(isblank(E41),"",xlookup($S$9&M41,z_Others!$X$5:$X$17&z_Others!$W$5:$W$17,z_Others!$AH$5:$AH$17,"",0,1))} -> 35 931451 020000x | U41: {=if(isblank(E41),"",xlookup($S$9&M41,z_Others!$X$5:$X$17&z_Others!$W$5:$W$17,z_Others!$AI$5:$AI$17,"",0,1))} -> 35 931451 999999x | V41: =if(isblank(E41),"",$V$9) -> 64:9D:38:32:91:82 B0:D5:FB:C6:60:70 | W41: =if(isblank(E41),"",$W$9) -> 64:9D:38:37:25:61 B0:D5:FB:CE:01:8F | X41: =if(isblank(E41),"",$X$9) -> MP1.0 | Z41: =if(isblank(E41),"",$Z$9) -> Android 16 | AA41: =if(isblank(F41),"",$Z$9) -> Android 16 | AB41: SKU, CLR4, BETTER, MMWAVE, VZW, US, FL5 | AC41: Pixel 10, Indigo, 256GB, VZW, US | AD41: BD1A.250702.001.A3 | AE41: BD3A.250721.001.E1 | AF41: BD1A.250702.001.A3 | AG41: BD3A.250721.001.E1 | AH41: {=if(isblank(E41),"",xlookup(F41,z_Others!$B$21:$B$45,z_Others!$F$21:$F$45,"TBD",0,1))} -> US | AI41: {=if(isblank(E41),"", xlookup(E41,'Import_FL5_LH_PVTMP_Configs (Do'!E:E,'Import_FL5_LH_PVTMP_Configs (Do'!O:O,"TBD",0,1))} -> G710-07800-11 | AK41: {=if(isblank(E41),"", xlookup(E41,'Import_FL5_LH_PVTMP_Configs (Do'!E:E,'Import_FL5_LH_PVTMP_Configs (Do'!Q:Q,"TBD",0,1))} -> G650-14694-05 | AL41: {=if(isblank(E41),"", xlookup(E41,'Import_FL5_LH_PVTMP_Configs (Do'!E:E,'Import_FL5_LH_PVTMP_Configs (Do'!M:M,"TBD",0,1))} -> G710-07670-01 | AM41: {=if(isblank(E41),"", xlookup(E41,'Import_FL5_LH_PVTMP_Configs (Do'!E:E,'Import_FL5_LH_PVTMP_Configs (Do'!N:N,"TBD",0,1))} -> G730-09533-04 | AN41: {=if(isblank(E41),"", xlookup(E41,'Import_FL5_LH_PVTMP_Configs (Do'!E:E,'Import_FL5_LH_PVTMP_Configs (Do'!K:K,"TBD",0,1))} -> G950-15935-07 | AO41: {=if(isblank(E41),"",XLOOKUP(E41,'FL5_G954 Pkg ASSY (Pkg BOM)'!L:L,'FL5_G954 Pkg ASSY (Pkg BOM)'!G:G,"N/A",0,1))} -> G954-08540-00 | AP41: {=if(isblank(E41),"",xlookup(E41,'FL5_G962 Country kit (Accesorie'!L:L,'FL5_G962 Country kit (Accesorie'!G:G,"N/A",0,1))} -> G962-00511-00 | AQ41: {=if(isblank(E41),"", xlookup(E41,'Import_LH_Label approve'!E:E,'Import_LH_Label approve'!M:M,"",0,1))} -> G990-08380-42-01 G990-08380-42-A | AR41: {=if(isblank(E41),"",xlookup(E41,'Import_LH_Label approve'!E:E,'Import_LH_Label approve'!N:N,"",0,1))} -> G990-08382-11-01 G990-08382-11-A | AS41: 256GB | AT41: =if(isblank(E41),"","Yes") -> Yes | AU41: =if(isblank(E41),"",if(mid(E41,9,2)="GB", "Yes","No")) -> No | AV41: =if(isblank(E41),"",if(mid(E41,9,2)="IN", "Yes","No")) -> No | AX41: 840353926493 | AY41: 0840353926493 | AZ41: {=if(isblank(E41),"", xlookup(E41,Import_FL5_LH_PVT_BM!D:D,Import_FL5_LH_PVT_BM!AK:AK,$F$4,0,1))} -> MP | BA41: =if(isblank(E41),"",if(D41="Retail Pack","Retail_10ct",if(D41="Bulk Pack","Bulk_30ct"))) -> Retail_10ct | BB41: {=if(isblank(E41),"",xlookup(F41,z_Others!$B$21:$B$42,z_Others!$G$21:$G$42,"No",0,1))} -> VZN Master Carton Label | BC41: {=if(isblank(E41),"",xlookup(F41,z_Others!$B$21:$B$42,z_Others!$H$21:$H$42,"No",0,1))} -> VZN Pallet Label (BTS) | BD41: {=if(isblank(E41),"",xlookup(E41,'Import_VN_Label approve'!E:E,'Import_VN_Label approve'!L:L,"N/A",0,1))} -> G990-08482-42-01 G990-08482-42-A | BE41: {=if(isblank(E41),"",xlookup(E41,'Import_VN_Label approve'!E:E,'Import_VN_Label approve'!N:N,"N/A",0,1))} -> G990-08382-11-01 G990-08382-11-A | BG41: FL5-MP-彩盒包 | BH41: FL5-MP-Colorbox | BI41: 45773 | BJ41: {=if(isblank(E41),"", xlookup(D41,z_Others!$B$5:$B$17,z_Others!$C$5:$C$17,"",0,1))} -> 智能手機 | BK41: 45782 | BL41: {=if(isblank(E41),"",xlookup(E41,'FL5_MP POR_LH_報關備案_G950 & GA'!F:F,'FL5_MP POR_LH_報關備案_G950 & GA'!E:E,"No Need",0,1))} -> Close | BM41: {=if(isblank(E41),"",xlookup($BM$9&E41,'Import_FL5 MPS (06.06.25) - Sor'!E37:E334&'Import_FL5 MPS (06.06.25) - Sor'!F37:F334,'Import_FL5 MPS (06.06.25) - Sor'!ES37:ES334,"No demand",0,1))} -> No demand | BN41: {=if(isblank(E41),"",xlookup($BN$9&E41,'Import_FL5 MPS (06.06.25) - Sor'!E37:E334&'Import_FL5 MPS (06.06.25) - Sor'!F37:F334,'Import_FL5 MPS (06.06.25) - Sor'!ES37:ES334,"No demand",0,1))} -> No demand | BO41: {=if(isblank(E41),"",xlookup($BO$9&E41,'Import_FL5 MPS (06.06.25) - Sor'!E37:E334&'Import_FL5 MPS (06.06.25) - Sor'!F37:F334,'Import_FL5 MPS (06.06.25) - Sor'!ES37:ES334,"No demand",0,1))} -> No demand | BP41: {=if(isblank(E41),"", xlookup(E41,'Import_LH_Label approve'!E:E,'Import_LH_Label approve'!L:L,"",0,1))} | BQ41: {=if(isblank(E41),"",xlookup(E41,'Import_VN_Label approve'!E:E,'Import_VN_Label approve'!M:M,"N/A",0,1))}
B42: 31 | C42: Pristine | D42: Retail Pack | E42: GA09882-US | F42: TMO, US | G42: UTM | H42: {=xlookup(F42,z_Others!$B$21:$B$45,z_Others!$E$21:$E$45,"",0,1)} -> mmWave | I42: CLR1 | J42: {=if(isblank(E42),"",xlookup(I42,z_Others!$M$17:$M$20,z_Others!$O$17:$O$20,"",0,1))} -> Obsidian | K42: {=xlookup(I42,z_Others!$M$17:$M$20,z_Others!$N$17:$N$20,"",0,1)} -> BLK | L42: {=xlookup(F42,z_Others!$B$21:$B$45,z_Others!$D$21:$D$45,"",0,1)} -> GLBW0 | M42: {=xlookup(F42,z_Others!$B$21:$B$45,z_Others!$C$21:$C$45,"",0,1)} -> TMO | N42: {=if(isblank(E42),"",xlookup($N$9&M42,z_Others!$X$5:$X$17&z_Others!$W$5:$W$17,z_Others!$Z$5:$Z$17,"",0,1))} -> 35163422 | O42: {=if(isblank(E42),"",xlookup($N$9&M42,z_Others!$X$5:$X$17&z_Others!$W$5:$W$17,z_Others!$AH$5:$AH$17,"",0,1))} -> 35 163422 020000x | P42: {=if(isblank(E42),"",xlookup($N$9&M42,z_Others!$X$5:$X$17&z_Others!$W$5:$W$17,z_Others!$AI$5:$AI$17,"",0,1))} -> 35 163422 999999x | Q42: 04:00:6E:C4:01:C2 64:9D:38:C7:BC:9E 64:9D:38:DE:9F:FE 64:9D:38:EC:5B:9E B0:D5:FB:A3:48:10 34:39:16:36:EE:80 B0:D5:FB:DD:43:D0 34:39:16:5D:00:FC 30:E0:44:6D:2C:72 | R42: 04:00:6E:C8:95:A1 64:9D:38:CC:50:7D 64:9D:38:E3:33:DD 64:9D:38:F0:EF:7D B0:D5:FB:AA:E9:2F 34:39:16:3C:A3:6F B0:D5:FB:DF:2F:FF 34:39:16:64:A2:1B 30:E0:44:74:CD:91 | S42: {=if(isblank(E42),"",xlookup($S$9&M42,z_Others!$X$5:$X$17&z_Others!$W$5:$W$17,z_Others!$Z$5:$Z$17,"",0,1))} -> 35676321 | T42: {=if(isblank(E42),"",xlookup($S$9&M42,z_Others!$X$5:$X$17&z_Others!$W$5:$W$17,z_Others!$AH$5:$AH$17,"",0,1))} -> 35 676321 020000x | U42: {=if(isblank(E42),"",xlookup($S$9&M42,z_Others!$X$5:$X$17&z_Others!$W$5:$W$17,z_Others!$AI$5:$AI$17,"",0,1))} -> 35 676321 999999x | V42: =if(isblank(E42),"",$V$9) -> 64:9D:38:32:91:82 B0:D5:FB:C6:60:70 | W42: =if(isblank(E42),"",$W$9) -> 64:9D:38:37:25:61 B0:D5:FB:CE:01:8F | X42: =if(isblank(E42),"",$X$9) -> MP1.0 | Z42: =if(isblank(E42),"",$Z$9) -> Android 16 | AA42: =if(isblank(F42),"",$Z$9) -> Android 16 | AB42: SKU, CLR1, BETTER, MMWAVE, TMO, US, FL5 | AC42: Pixel 10, Obsidian, 256GB, TMO, US | AD42: BD1A.250702.001 | AE42: BD3A.250721.001.E1 | AF42: BD1A.250702.001 | AG42: BD3A.250721.001.E1 | AH42: {=if(isblank(E42),"",xlookup(F42,z_Others!$B$21:$B$45,z_Others!$F$21:$F$45,"TBD",0,1))} -> US | AI42: {=if(isblank(E42),"", xlookup(E42,'Import_FL5_LH_PVTMP_Configs (Do'!E:E,'Import_FL5_LH_PVTMP_Configs (Do'!O:O,"TBD",0,1))} -> G710-07800-11 | AK42: {=if(isblank(E42),"", xlookup(E42,'Import_FL5_LH_PVTMP_Configs (Do'!E:E,'Import_FL5_LH_PVTMP_Configs (Do'!Q:Q,"TBD",0,1))} -> G650-14694-05 | AL42: {=if(isblank(E42),"", xlookup(E42,'Import_FL5_LH_PVTMP_Configs (Do'!E:E,'Import_FL5_LH_PVTMP_Configs (Do'!M:M,"TBD",0,1))} -> G710-07670-01 | AM42: {=if(isblank(E42),"", xlookup(E42,'Import_FL5_LH_PVTMP_Configs (Do'!E:E,'Import_FL5_LH_PVTMP_Configs (Do'!N:N,"TBD",0,1))} -> G730-09533-01 | AN42: {=if(isblank(E42),"", xlookup(E42,'Import_FL5_LH_PVTMP_Configs (Do'!E:E,'Import_FL5_LH_PVTMP_Configs (Do'!K:K,"TBD",0,1))} -> G950-15935-04 | AO42: {=if(isblank(E42),"",XLOOKUP(E42,'FL5_G954 Pkg ASSY (Pkg BOM)'!L:L,'FL5_G954 Pkg ASSY (Pkg BOM)'!G:G,"N/A",0,1))} -> G954-08540-00 | AP42: {=if(isblank(E42),"",xlookup(E42,'FL5_G962 Country kit (Accesorie'!L:L,'FL5_G962 Country kit (Accesorie'!G:G,"N/A",0,1))} -> G962-00511-00 | AQ42: {=if(isblank(E42),"", xlookup(E42,'Import_LH_Label approve'!E:E,'Import_LH_Label approve'!M:M,"",0,1))} -> G990-08380-12-01 G990-08380-12-A | AR42: {=if(isblank(E42),"",xlookup(E42,'Import_LH_Label approve'!E:E,'Import_LH_Label approve'!N:N,"",0,1))} -> G990-08492-12-02 G990-08492-12-A | AS42: 256GB | AT42: =if(isblank(E42),"","Yes") -> Yes | AU42: =if(isblank(E42),"",if(mid(E42,9,2)="GB", "Yes","No")) -> No | AV42: =if(isblank(E42),"",if(mid(E42,9,2)="IN", "Yes","No")) -> No | AW42: 840353926721 | AX42: 840353926721 | AY42: 0840353926721 | AZ42: {=if(isblank(E42),"", xlookup(E42,Import_FL5_LH_PVT_BM!D:D,Import_FL5_LH_PVT_BM!AK:AK,$F$4,0,1))} -> MP | BA42: =if(isblank(E42),"",if(D42="Retail Pack","Retail_10ct",if(D42="Bulk Pack","Bulk_30ct"))) -> Retail_10ct | BB42: {=if(isblank(E42),"",xlookup(F42,z_Others!$B$21:$B$42,z_Others!$G$21:$G$42,"No",0,1))} -> TMO Master Carton Label | BC42: {=if(isblank(E42),"",xlookup(F42,z_Others!$B$21:$B$42,z_Others!$H$21:$H$42,"No",0,1))} -> T-Mobile Pallet Label (BTO) T-Mobile Pallet Label (BTS) | BD42: {=if(isblank(E42),"",xlookup(E42,'Import_VN_Label approve'!E:E,'Import_VN_Label approve'!L:L,"N/A",0,1))} -> G990-08482-12-01 G990-08482-12-A | BE42: {=if(isblank(E42),"",xlookup(E42,'Import_VN_Label approve'!E:E,'Import_VN_Label approve'!N:N,"N/A",0,1))} -> G990-08492-12-02 G990-08492-12-A | BG42: FL5-MP-彩盒包 | BH42: FL5-MP-Colorbox | BI42: 45773 | BJ42: {=if(isblank(E42),"", xlookup(D42,z_Others!$B$5:$B$17,z_Others!$C$5:$C$17,"",0,1))} -> 智能手機 | BK42: 45782 | BL42: {=if(isblank(E42),"",xlookup(E42,'FL5_MP POR_LH_報關備案_G950 & GA'!F:F,'FL5_MP POR_LH_報關備案_G950 & GA'!E:E,"No Need",0,1))} -> Close | BM42: {=if(isblank(E42),"",xlookup($BM$9&E42,'Import_FL5 MPS (06.06.25) - Sor'!E38:E334&'Import_FL5 MPS (06.06.25) - Sor'!F38:F334,'Import_FL5 MPS (06.06.25) - Sor'!ES38:ES334,"No demand",0,1))} -> No demand | BN42: {=if(isblank(E42),"",xlookup($BN$9&E42,'Import_FL5 MPS (06.06.25) - Sor'!E38:E334&'Import_FL5 MPS (06.06.25) - Sor'!F38:F334,'Import_FL5 MPS (06.06.25) - Sor'!ES38:ES334,"No demand",0,1))} -> No demand | BO42: {=if(isblank(E42),"",xlookup($BO$9&E42,'Import_FL5 MPS (06.06.25) - Sor'!E38:E334&'Import_FL5 MPS (06.06.25) - Sor'!F38:F334,'Import_FL5 MPS (06.06.25) - Sor'!ES38:ES334,"No demand",0,1))} -> No demand | BP42: {=if(isblank(E42),"", xlookup(E42,'Import_LH_Label approve'!E:E,'Import_LH_Label approve'!L:L,"",0,1))} | BQ42: {=if(isblank(E42),"",xlookup(E42,'Import_VN_Label approve'!E:E,'Import_VN_Label approve'!M:M,"N/A",0,1))}
B43: 32 | C43: Pristine | D43: Retail Pack | E43: GA09883-US | F43: GSTORE, US | G43: UGS | H43: {=xlookup(F43,z_Others!$B$21:$B$45,z_Others!$E$21:$E$45,"",0,1)} -> mmWave | I43: CLR1 | J43: {=if(isblank(E43),"",xlookup(I43,z_Others!$M$17:$M$20,z_Others!$O$17:$O$20,"",0,1))} -> Obsidian | K43: {=xlookup(I43,z_Others!$M$17:$M$20,z_Others!$N$17:$N$20,"",0,1)} -> BLK | L43: {=xlookup(F43,z_Others!$B$21:$B$45,z_Others!$D$21:$D$45,"",0,1)} -> GLBW0 | M43: {=xlookup(F43,z_Others!$B$21:$B$45,z_Others!$C$21:$C$45,"",0,1)} -> NA | N43: {=if(isblank(E43),"",xlookup($N$9&M43,z_Others!$X$5:$X$17&z_Others!$W$5:$W$17,z_Others!$Z$5:$Z$17,"",0,1))} -> 35124436 | O43: {=if(isblank(E43),"",xlookup($N$9&M43,z_Others!$X$5:$X$17&z_Others!$W$5:$W$17,z_Others!$AH$5:$AH$17,"",0,1))} -> 35 124436 070000x | P43: {=if(isblank(E43),"",xlookup($N$9&M43,z_Others!$X$5:$X$17&z_Others!$W$5:$W$17,z_Others!$AI$5:$AI$17,"",0,1))} -> 35 124436 999999x | Q43: 04:00:6E:C4:01:C2 64:9D:38:C7:BC:9E 64:9D:38:DE:9F:FE 64:9D:38:EC:5B:9E B0:D5:FB:A3:48:10 34:39:16:36:EE:80 B0:D5:FB:DD:43:D0 34:39:16:5D:00:FC 30:E0:44:6D:2C:72 | R43: 04:00:6E:C8:95:A1 64:9D:38:CC:50:7D 64:9D:38:E3:33:DD 64:9D:38:F0:EF:7D B0:D5:FB:AA:E9:2F 34:39:16:3C:A3:6F B0:D5:FB:DF:2F:FF 34:39:16:64:A2:1B 30:E0:44:74:CD:91 | S43: {=if(isblank(E43),"",xlookup($S$9&M43,z_Others!$X$5:$X$17&z_Others!$W$5:$W$17,z_Others!$Z$5:$Z$17,"",0,1))} -> 35676628 | T43: {=if(isblank(E43),"",xlookup($S$9&M43,z_Others!$X$5:$X$17&z_Others!$W$5:$W$17,z_Others!$AH$5:$AH$17,"",0,1))} -> 35 676628 040000x 35 676628 340000x | U43: {=if(isblank(E43),"",xlookup($S$9&M43,z_Others!$X$5:$X$17&z_Others!$W$5:$W$17,z_Others!$AI$5:$AI$17,"",0,1))} -> 35 676628 999999x 35 676628 639999x | V43: =if(isblank(E43),"",$V$9) -> 64:9D:38:32:91:82 B0:D5:FB:C6:60:70 | W43: =if(isblank(E43),"",$W$9) -> 64:9D:38:37:25:61 B0:D5:FB:CE:01:8F | X43: =if(isblank(E43),"",$X$9) -> MP1.0 | Z43: =if(isblank(E43),"",$Z$9) -> Android 16 | AA43: =if(isblank(F43),"",$Z$9) -> Android 16 | AB43: SKU, CLR1, BETTER, MMWAVE, GSTORE, US, FL5 | AC43: Pixel 10, Obsidian, 256GB, GSTORE, US | AD43: BD1A.250702.001 | AE43: BD3A.250721.001.E1 | AF43: BD1A.250702.001 | AG43: BD3A.250721.001.E1 | AH43: {=if(isblank(E43),"",xlookup(F43,z_Others!$B$21:$B$45,z_Others!$F$21:$F$45,"TBD",0,1))} -> 00 | AI43: {=if(isblank(E43),"", xlookup(E43,'Import_FL5_LH_PVTMP_Configs (Do'!E:E,'Import_FL5_LH_PVTMP_Configs (Do'!O:O,"TBD",0,1))} -> G710-07800-11 | AK43: {=if(isblank(E43),"", xlookup(E43,'Import_FL5_LH_PVTMP_Configs (Do'!E:E,'Import_FL5_LH_PVTMP_Configs (Do'!Q:Q,"TBD",0,1))} -> G650-14694-05 | AL43: {=if(isblank(E43),"", xlookup(E43,'Import_FL5_LH_PVTMP_Configs (Do'!E:E,'Import_FL5_LH_PVTMP_Configs (Do'!M:M,"TBD",0,1))} -> G710-07670-01 | AM43: {=if(isblank(E43),"", xlookup(E43,'Import_FL5_LH_PVTMP_Configs (Do'!E:E,'Import_FL5_LH_PVTMP_Configs (Do'!N:N,"TBD",0,1))} -> G730-09533-01 | AN43: {=if(isblank(E43),"", xlookup(E43,'Import_FL5_LH_PVTMP_Configs (Do'!E:E,'Import_FL5_LH_PVTMP_Configs (Do'!K:K,"TBD",0,1))} -> G950-15935-04 | AO43: {=if(isblank(E43),"",XLOOKUP(E43,'FL5_G954 Pkg ASSY (Pkg BOM)'!L:L,'FL5_G954 Pkg ASSY (Pkg BOM)'!G:G,"N/A",0,1))} -> G954-08540-00 | AP43: {=if(isblank(E43),"",xlookup(E43,'FL5_G962 Country kit (Accesorie'!L:L,'FL5_G962 Country kit (Accesorie'!G:G,"N/A",0,1))} -> G962-00511-00 | AQ43: {=if(isblank(E43),"", xlookup(E43,'Import_LH_Label approve'!E:E,'Import_LH_Label approve'!M:M,"",0,1))} -> G990-08380-12-01 G990-08380-12-A | AR43: {=if(isblank(E43),"",xlookup(E43,'Import_LH_Label approve'!E:E,'Import_LH_Label approve'!N:N,"",0,1))} -> G990-09560-00-A | AS43: 256GB | AT43: =if(isblank(E43),"","Yes") -> Yes | AU43: =if(isblank(E43),"",if(mid(E43,9,2)="GB", "Yes","No")) -> No | AV43: =if(isblank(E43),"",if(mid(E43,9,2)="IN", "Yes","No")) -> No | AX43: 840353926806 | AY43: 0840353926806 | AZ43: {=if(isblank(E43),"", xlookup(E43,Import_FL5_LH_PVT_BM!D:D,Import_FL5_LH_PVT_BM!AK:AK,$F$4,0,1))} -> MP | BA43: =if(isblank(E43),"",if(D43="Retail Pack","Retail_10ct",if(D43="Bulk Pack","Bulk_30ct"))) -> Retail_10ct | BB43: {=if(isblank(E43),"",xlookup(F43,z_Others!$B$21:$B$42,z_Others!$G$21:$G$42,"No",0,1))} -> ROW Master Carton Label (UPC) | BC43: {=if(isblank(E43),"",xlookup(F43,z_Others!$B$21:$B$42,z_Others!$H$21:$H$42,"No",0,1))} -> Standard Pallet Label (BTO) Standard Pallet Label (BTS) | BD43: {=if(isblank(E43),"",xlookup(E43,'Import_VN_Label approve'!E:E,'Import_VN_Label approve'!L:L,"N/A",0,1))} -> G990-08482-12-01 G990-08482-12-A | BE43: {=if(isblank(E43),"",xlookup(E43,'Import_VN_Label approve'!E:E,'Import_VN_Label approve'!N:N,"N/A",0,1))} -> G990-09560-00-A | BG43: FL5-MP-彩盒包 | BH43: FL5-MP-Colorbox | BI43: 45773 | BJ43: {=if(isblank(E43),"", xlookup(D43,z_Others!$B$5:$B$17,z_Others!$C$5:$C$17,"",0,1))} -> 智能手機 | BK43: 45782 | BL43: {=if(isblank(E43),"",xlookup(E43,'FL5_MP POR_LH_報關備案_G950 & GA'!F:F,'FL5_MP POR_LH_報關備案_G950 & GA'!E:E,"No Need",0,1))} -> Close | BM43: {=if(isblank(E43),"",xlookup($BM$9&E43,'Import_FL5 MPS (06.06.25) - Sor'!E39:E334&'Import_FL5 MPS (06.06.25) - Sor'!F39:F334,'Import_FL5 MPS (06.06.25) - Sor'!ES39:ES334,"No demand",0,1))} -> No demand | BN43: {=if(isblank(E43),"",xlookup($BN$9&E43,'Import_FL5 MPS (06.06.25) - Sor'!E39:E334&'Import_FL5 MPS (06.06.25) - Sor'!F39:F334,'Import_FL5 MPS (06.06.25) - Sor'!ES39:ES334,"No demand",0,1))} -> No demand | BO43: {=if(isblank(E43),"",xlookup($BO$9&E43,'Import_FL5 MPS (06.06.25) - Sor'!E39:E334&'Import_FL5 MPS (06.06.25) - Sor'!F39:F334,'Import_FL5 MPS (06.06.25) - Sor'!ES39:ES334,"No demand",0,1))} -> No demand | BP43: {=if(isblank(E43),"", xlookup(E43,'Import_LH_Label approve'!E:E,'Import_LH_Label approve'!L:L,"",0,1))} -> NA | BQ43: {=if(isblank(E43),"",xlookup(E43,'Import_VN_Label approve'!E:E,'Import_VN_Label approve'!M:M,"N/A",0,1))} -> N/A
