Workbook

Sheet BZ5 MP Release Note
A1: Lesson learn: | B1: 所有新增的SKU都需要EPM放到label approval tracking list內, label PE維護模板並ping客戶取到approval後才能生產 | D1: BZ5 VN MP Retail/Carton/Pallet Labels Approval Tracking List | E1: [Int]BZ5 PVT/MP config list | F1: BZ5 SKU Matrix (go/bz5-sku-matrix)
A3: Version | B3: Date | C3: Change Description | D3: Editor
A4: V1 | C4: First version, on-going | D4: Gina周曉萍
A5: V2 | B5: 45819 | C5: Update the AA column SKU desription, cancelled GA10296-US this TMO Pristine SKU | D5: Gina周曉萍
A6: V3 | B6: 45821 | C6: EC released EU SKU need to update the retail label AU Column to REV B, remark in yellow color | D6: Gina周曉萍
A7: V4 | B7: 45821 | C7: Update the AU column - change the SKU RAP label template for the GB SKU to REV B and mark the yellow parts. | D7: Gina周曉萍
A8: V5 | B8: 45848 | C8: FRC Zombie for Non-VZW Sku :BD1A.250702.001 FRC SW for All SKUs: BD1A.250702.001 | D8: Maevy
A9: V6 | B9: 45859 | C9: FRC SW for VZW SKUs: BD1A.250702.001.A3 FRC Zombie for Non VZW SKUs: BD1A.250702.001 | D9: Maevy
A10: V6 | B10: 45861 | C10: New tac range: ** BZ5 ** B0:D5:FB:BE:BF:50 - B0:D5:FB:C6:60:6F Qty: 500K | D10: Maevy
A11: V7 | B11: 45883 | C11: Change "Retail RAP printing GPN REV A" for IN/JP SKUs | D11: Maevy
A12: V8 | B12: 45899 | C12: Change BOB AW GPN from rev B to rev C (for CA SKUs) | D12: Maevy
A13: V9 | B13: 45915 | C13: Change BOB AW GPN (for US SKUs) | D13: Maevy
A14: V10 | B14: 45930 | C14: a new IMEI range for BZ5 NA in VN Range: 35 718913 340000x - 35 718913 639999x new MAC address range for BZ5 in VN Range: 30:E0:44:48:18:42 - 30:E0:44:4F:B9:61

Sheet BZ5 MP Control table_ VN
A1: DRI: Gina (EPM); Suataining OPM | K1: TTL BOM config QTY: | M1: 129 | N1: This table excluded Demo SKU, VN will not produce demo SKU
C2: Update Date: | D2: 45794 | E2: (V6) | J2: Cat. | K2: Config Q'ty | L2: Cat. | M2: Config Q'ty
J3: Pristine | K3: 55 | L3: IQ | M3: =COUNTIF($C$9:$C$300,L3) -> 14
J4: Press | K4: =COUNTIF($C$9:$C$300,J4) -> 16 | L4: CLNR | M4: =COUNTIF($C$9:$C$300,L4) -> 44
J5: Demo | K5: =COUNTIF($C$9:$C$300,J5) -> 0 | L5: Special build
A7: Item | B7: Stage | C7: Purpose | D7: Packout Type （包裝類型） | E7: GB PN (裸機料號) | F7: Laser GBPN (鐳雕裸機料號) | G7: Sales SKU （包裝料號） | H7: SKU Name | I7: MLB GPN 主板料號 | J7: RF Type 基頻種類 | K7: Color key | L7: Color ID (SFC/iFUSE) | M7: Color Name in sleeve | N7: WCC [WiFi Country Code] | O7: Model# 產品型號# | P7: P-SKU | Q7: SKU ID (C-SKU for ATT only) | R7: UPC Code-12 (except EMEA) | S7: EAN Code-13 (EMEA only) | T7: UFS | U7: TAC Code 出貨地 | V7: TAC Start | W7: TAC(IMEI) Start Range | X7: TAC(IMEI) End Range | Y7: WiFi/BT Start Range | Z7: WiFi/BT End Range | AA7: Description (描述,關務備案內容) | AB7: eSIM | AC7: Regulatory /EU laser | AD7: IN COO Laser | AE7: SIMTray Laser | AF7: Unite/Carton 包規 | AG7: Sleeve 袖套 以BOM为准 | AH7: Closure Label 封口貼紙 以BOM为准 | AI7: DOC bundle 以BOM为准 | AJ7: C2C Cable 以BOM为准 | AK7: Device Wrap 以BOM为准 | AL7: IN MRP標籤 | AM7: DEMO LABEL | AN7: LOT X REWORK LABEL 能效标签 | AO7: SFC Routing SFC 路由名稱 | AP7: SW version | AQ7: Zombie OTA SW ROM | AR7: HW Ver. 硬體版本 | AS7: Android Ver. 安卓版本 以手機SW版本附帶為準 | AT7: BOB printing GPN REV C | AU7: Retail RAP printing GPN REV A | AV7: IN MRP printing GPN | AW7: IN MRP Price | AX7: Master Carton Label GPN & Rev for printing | AY7: Pallet Label GPN & Rev for printing | AZ7: Overlabel for Zombie use | BA7: Overlabel artwork
A8: example | B8: PVT/MP | C8: Pristine | D8: 彩盒包 | E8: G950-13298-01 | G8: GA05158-US | H8: VZW, US | I8: G710-05689-00 | J8: mmWave | K8: CLR1 | L8: BLK | M8: Obsidian | N8: US | O8: GR83Y | P8: UVZ | R8: 840353905801 | T8: 128 GB | U8: VZW | V8: 35082327 | W8: 35 082327 020000x 35 082327 520000x 35 082327 570000x 35 082327 670000x 35 082327 770000x | X8: 35 082327 519999x 35 082327 569999x 35 082327 669999x 35 082327 769999x 35 082327 869999x | Y8: 20:F0:94:01:64:0A E8:D5:2B:5D:CE:B2 08:8B:C8:4C:61:C6 C0:1C:6A:A6:88:28 FC:41:16:B0:25:BA 98:98:FB:0E:97:26 98:98:FB:22:6D:46 04:00:6E:87:DB:52 04:00:6E:AE:4F:12 | Z8: 20:F0:94:08:3A:D3 E8:D5:2B:5E:99:07 08:8B:C8:54:02:E5 C0:1C:6A:AE:29:47 FC:41:16:B7:C6:D9 98:98:FB:13:2B:05 98:98:FB:27:01:25 04:00:6E:8C:6F:31 04:00:6E:B2:E2:F1 | AA8: Pixel 9 Pro, Obsidian, 128GB, VZW, US | AB8: Yes | AC8: NO | AD8: NO | AE8: NO | AF8: 10ct | AG8: Yes | AH8: Yes | AI8: Yes | AJ8: Yes | AK8: Yes | AL8: NO | AO8: CM4-MP-彩盒包nomal | AP8: BP1A.250405.007.D1 | AR8: MP1.0 | AZ8: zombie 時使用
A9: 1 | B9: {=IFERROR( INDEX('POR Config List'!A:A,MATCH(G9,'POR Config List'!D:D,0)),"")} -> PVT/MP | C9: {=IFERROR(INDEX('label approval artwork'!E:E,MATCH(G9,'label approval artwork'!F:F,0),""),"")} -> Pristine | D9: =IF(ISBLANK(C9) ,"",IF(C9="CLNR","builk pack","retail pack")) -> retail pack | E9: {=IF(ISBLANK(G9),"",INDEX('POR Config List'!K:K,MATCH(G9,'POR Config List'!D:D,0)))} -> G950-15986-01 | F9: {=IF(ISBLANK(G9),"",INDEX('POR Config List'!J:J,MATCH(G9,'POR Config List'!D:D,0)))} | G9: GA09187-US | H9: {=IF(ISBLANK(G9),"",INDEX('MP SKUs'!G:G,MATCH(G9,'MP SKUs'!A:A,0)))} -> US-VZW | I9: {=IF(ISBLANK(G9),"",INDEX('POR Config List'!O:O,MATCH(G9,'POR Config List'!D:D,0)))} -> G710-07813-00 | J9: {=IF(ISBLANK(G9),"",INDEX('POR Config List'!H:H,MATCH(G9,'POR Config List'!D:D,0)))} -> mmWave | K9: {=IF(ISBLANK(G9),"",INDEX('POR Config List'!G:G,MATCH(G9,'POR Config List'!D:D,0)))} -> CLR1 | L9: =IF(ISBLANK(K9),"", IF(K9="CLR1","BLK",IF(K9="CLR2","WHT",IF(K9="CLR3","GRY",IF(K9="CLR4","GRN"))))) -> BLK | M9: {=IF(ISBLANK(G9),"",INDEX('label approval artwork'!Q:Q,MATCH( G9,'label approval artwork'!F:F,0)))} -> Obsidian | N9: US | O9: {=IF(ISBLANK(G9),"",INDEX('POR Config List'!C:C,MATCH(G9,'POR Config List'!D:D,0)))} -> G4QUR | P9: =IF(ISBLANK(G9),"",IF(H9="US GStore","UGS",IF(H9="US-VZW","UVZ",IF(H9="US - AT&T","UAT",IF(H9="US - Tmobile","UTM",IF(H9="JP","AJP",IF(H9="IN","NCA",IF(H9="CA/TW/SG/AU/MY/MX","NCA",IF(H9="EU(GB, DE, IT, ES, IE, FR, NL, BE, AT, CH, PT, PL, CEE (RO, CZ, HU, SI, LV, LT, EE, FI), NO,SE,DK, SK)","EMA"))))))))) -> UVZ | Q9: {=IF(ISBLANK(G9),"",INDEX('label approval artwork'!J:J,MATCH( G9,'label approval artwork'!F:F,0)))} | R9: {=IFERROR( IF(P9<>"EMA",INDEX('label approval artwork'!H:H,MATCH(G9,'label approval artwork'!F:F,0),"")),"")} -> 840353926042 | T9: {=IF(ISBLANK(G9),"",INDEX('POR Config List'!I:I,MATCH(G9,'POR Config List'!D:D,0)))} -> 128GB | U9: {=INDEX('MP SKUs'!L:L,MATCH(G9,'MP SKUs'!A:A,0))} -> VZW | V9: =LEFT(W9,9) -> 35 531042 | W9: 35 531042 020000 35 531042 320000x | X9: 35 531042 319999 35 531042 619999x | Y9: 04:00:6E:C8:EB:92 64:9D:38:00:00:32 B0:D5:FB:BE:BF:50 30:E0:44:48:18:42 | Z9: 04:00:6E:CA:FE:D1 64:9D:38:02:80:D1 B0:D5:FB:C6:60:6F 30:E0:44:4F:B9:61 | AA9: {=INDEX('POR Config List'!F:F,MATCH(G9,'POR Config List'!D:D,0))} -> Pixel 10 Pro, Obsidian, 128GB, VZW, US | AB9: Yes | AC9: =IF(P9="EMA","Yes","NO") -> NO | AD9: =IF(H9="IN","Yes","NO") -> NO | AE9: =IF(J9="mmwave","NO","Yes") -> NO | AF9: =IF(D9="retail pack","10ct","30ct") -> 10ct | AG9: =IF(D9="retail pack","Yes","NO") -> Yes | AH9: =IF(D9="retail pack","Yes","NO") -> Yes | AI9: =IF(D9="retail pack","Yes","NO") -> Yes | AJ9: =IF(D9="retail pack","Yes","NO") -> Yes | AK9: =IF(D9="retail pack","Yes","NO") -> Yes | AL9: =IF(H9="IN","Yes","NO") -> NO | AM9: =IF(C9="Demo","Yes","NO") -> NO | AN9: =IF(P9="EMA","Yes","NO") -> NO | AO9: BZ5-MP-Colorbox | AP9: BD3A.250721.001.E1 | AR9: MP1.0 | AS9: Android 16 | AT9: G990-08499-11-B | AU9: {=INDEX('label approval artwork'!B:B,MATCH(G9,'label approval artwork'!F:F,0))} -> G990-08505-11-A | AV9: {=IFERROR( INDEX('label approval artwork'!N$1:N$199,MATCH(G9,'label approval artwork'!F$1:F$199,0)),"")} | AX9: VZN Master Carton Label | AY9: VZN Pallet Label -> BTS(Normal case) | AZ9: G952-05413-003AB
A10: 2 | B10: PVT/MP | C10: Pristine | D10: retail pack | E10: G950-15986-03 | G10: GA10276-US | H10: US-VZW | I10: G710-07813-00 | J10: mmWave | K10: CLR3 | L10: GRY | M10: Moonstone | N10: US | O10: G4QUR | P10: UVZ | R10: 840353926066 | T10: 128GB | U10: VZW | V10: 35 531042 | W10: 35 531042 020000 35 531042 320000x | X10: 35 531042 319999 35 531042 619999x | Y10: 04:00:6E:C8:EB:92 64:9D:38:00:00:32 B0:D5:FB:BE:BF:50 30:E0:44:48:18:42 | Z10: 04:00:6E:CA:FE:D1 64:9D:38:02:80:D1 B0:D5:FB:C6:60:6F 30:E0:44:4F:B9:61 | AA10: Pixel 10 Pro, Moonstone, 128GB, VZW, US | AB10: Yes | AC10: NO | AD10: NO | AE10: NO | AF10: 10ct | AG10: Yes | AH10: Yes | AI10: Yes | AJ10: Yes | AK10: Yes | AL10: NO | AM10: NO | AN10: NO | AO10: BZ5-MP-Colorbox | AP10: BD3A.250721.001.E1 | AR10: MP1.0 | AS10: Android 16 | AT10: G990-08499-31-B | AU10: {=INDEX('label approval artwork'!B:B,MATCH(G10,'label approval artwork'!F:F,0))} -> G990-08505-11-A | AX10: VZN Master Carton Label | AY10: VZN Pallet Label -> BTS(Normal case) | AZ10: G952-05413-003AB
A11: 3 | B11: PVT/MP | C11: Pristine | D11: retail pack | E11: G950-18289-01 | G11: GA09896-US | H11: US-VZW | I11: G710-07813-10 | J11: mmWave | K11: CLR1 | L11: BLK | M11: Obsidian | N11: US | O11: G4QUR | P11: UVZ | R11: 840353925328 | T11: 256GB | U11: VZW | V11: 35 531042 | W11: 35 531042 020000 35 531042 320000x | X11: 35 531042 319999 35 531042 619999x | Y11: 04:00:6E:C8:EB:92 64:9D:38:00:00:32 B0:D5:FB:BE:BF:50 30:E0:44:48:18:42 | Z11: 04:00:6E:CA:FE:D1 64:9D:38:02:80:D1 B0:D5:FB:C6:60:6F 30:E0:44:4F:B9:61 | AA11: Pixel 10 Pro, Obsidian, 256GB, VZW, US | AB11: Yes | AC11: NO | AD11: NO | AE11: NO | AF11: 10ct | AG11: Yes | AH11: Yes | AI11: Yes | AJ11: Yes | AK11: Yes | AL11: NO | AM11: NO | AN11: NO | AO11: BZ5-MP-Colorbox | AP11: BD3A.250721.001.E1 | AR11: MP1.0 | AS11: Android 16 | AT11: G990-08499-12-B | AU11: {=INDEX('label approval artwork'!B:B,MATCH(G11,'label approval artwork'!F:F,0))} -> G990-08505-11-A | AX11: VZN Master Carton Label | AY11: VZN Pallet Label -> BTS(Normal case) | AZ11: G952-05413-003AB
A12: 4 | B12: MP | C12: Pristine | D12: retail pack | E12: G950-18289-03 | G12: GA10278-US | H12: US-VZW | I12: G710-07813-10 | J12: mmWave | K12: CLR3 | L12: GRY | M12: Moonstone | N12: US | O12: G4QUR | P12: UVZ | R12: 840353925335 | T12: 256GB | U12: VZW | V12: 35 531042 | W12: 35 531042 020000 35 531042 320000x | X12: 35 531042 319999 35 531042 619999x | Y12: 04:00:6E:C8:EB:92 64:9D:38:00:00:32 B0:D5:FB:BE:BF:50 30:E0:44:48:18:42 | Z12: 04:00:6E:CA:FE:D1 64:9D:38:02:80:D1 B0:D5:FB:C6:60:6F 30:E0:44:4F:B9:61 | AA12: Pixel 10 Pro, Moonstone, 256GB, VZW, US | AB12: Yes | AC12: NO | AD12: NO | AE12: NO | AF12: 10ct | AG12: Yes | AH12: Yes | AI12: Yes | AJ12: Yes | AK12: Yes | AL12: NO | AM12: NO | AN12: NO | AO12: BZ5-MP-Colorbox | AP12: BD3A.250721.001.E1 | AR12: MP1.0 | AS12: Android 16 | AT12: G990-08499-32-B | AU12: {=INDEX('label approval artwork'!B:B,MATCH(G12,'label approval artwork'!F:F,0))} -> G990-08505-11-A | AX12: VZN Master Carton Label | AY12: VZN Pallet Label -> BTS(Normal case) | AZ12: G952-05413-003AB
A13: 5 | B13: PVT/MP | C13: Pristine | D13: retail pack | E13: G950-18291-01 | G13: GA09905-US | H13: US-VZW | I13: G710-07813-20 | J13: mmWave | K13: CLR1 | L13: BLK | M13: Obsidian | N13: US | O13: G4QUR | P13: UVZ | R13: 840353925700 | T13: 512GB | U13: VZW | V13: 35 531042 | W13: 35 531042 020000 35 531042 320000x | X13: 35 531042 319999 35 531042 619999x | Y13: 04:00:6E:C8:EB:92 64:9D:38:00:00:32 B0:D5:FB:BE:BF:50 30:E0:44:48:18:42 | Z13: 04:00:6E:CA:FE:D1 64:9D:38:02:80:D1 B0:D5:FB:C6:60:6F 30:E0:44:4F:B9:61 | AA13: Pixel 10 Pro, Obsidian, 512GB, VZW, US | AB13: Yes | AC13: NO | AD13: NO | AE13: NO | AF13: 10ct | AG13: Yes | AH13: Yes | AI13: Yes | AJ13: Yes | AK13: Yes | AL13: NO | AM13: NO | AN13: NO | AO13: BZ5-MP-Colorbox | AP13: BD3A.250721.001.E1 | AR13: MP1.0 | AS13: Android 16 | AT13: G990-08499-13-B | AU13: {=INDEX('label approval artwork'!B:B,MATCH(G13,'label approval artwork'!F:F,0))} -> G990-08505-11-A | AX13: VZN Master Carton Label | AY13: VZN Pallet Label -> BTS(Normal case) | AZ13: G952-05413-003AB
A14: 6 | B14: MP | C14: Pristine | D14: retail pack | E14: G950-18291-03 | G14: GA10281-US | H14: US-VZW | I14: G710-07813-20 | J14: mmWave | K14: CLR3 | L14: GRY | M14: Moonstone | N14: US | O14: G4QUR | P14: UVZ | R14: 840353925724 | T14: 512GB | U14: VZW | V14: 35 531042 | W14: 35 531042 020000 35 531042 320000x | X14: 35 531042 319999 35 531042 619999x | Y14: 04:00:6E:C8:EB:92 64:9D:38:00:00:32 B0:D5:FB:BE:BF:50 30:E0:44:48:18:42 | Z14: 04:00:6E:CA:FE:D1 64:9D:38:02:80:D1 B0:D5:FB:C6:60:6F 30:E0:44:4F:B9:61 | AA14: Pixel 10 Pro, Moonstone, 512GB, VZW, US | AB14: Yes | AC14: NO | AD14: NO | AE14: NO | AF14: 10ct | AG14: Yes | AH14: Yes | AI14: Yes | AJ14: Yes | AK14: Yes | AL14: NO | AM14: NO | AN14: NO | AO14: BZ5-MP-Colorbox | AP14: BD3A.250721.001.E1 | AR14: MP1.0 | AS14: Android 16 | AT14: G990-08499-33-B | AU14: {=INDEX('label approval artwork'!B:B,MATCH(G14,'label approval artwork'!F:F,0))} -> G990-08505-11-A | AX14: VZN Master Carton Label | AY14: VZN Pallet Label -> BTS(Normal case) | AZ14: G952-05413-003AB
A15: 7 | B15: PVT/MP | C15: Pristine | D15: retail pack | E15: G950-18289-04 | G15: GA10279-US | H15: US-VZW | I15: G710-07813-10 | J15: mmWave | K15: CLR4 | L15: GRN | M15: Jade | N15: US | O15: G4QUR | P15: UVZ | R15: 840353925342 | T15: 256GB | U15: VZW | V15: 35 531042 | W15: 35 531042 020000 35 531042 320000x | X15: 35 531042 319999 35 531042 619999x | Y15: 04:00:6E:C8:EB:92 64:9D:38:00:00:32 B0:D5:FB:BE:BF:50 30:E0:44:48:18:42 | Z15: 04:00:6E:CA:FE:D1 64:9D:38:02:80:D1 B0:D5:FB:C6:60:6F 30:E0:44:4F:B9:61 | AA15: Pixel 10 Pro, Jade, 256GB, VZW, US | AB15: Yes | AC15: NO | AD15: NO | AE15: NO | AF15: 10ct | AG15: Yes | AH15: Yes | AI15: Yes | AJ15: Yes | AK15: Yes | AL15: NO | AM15: NO | AN15: NO | AO15: BZ5-MP-Colorbox | AP15: BD3A.250721.001.E1 | AR15: MP1.0 | AS15: Android 16 | AT15: G990-08499-42-B | AU15: {=INDEX('label approval artwork'!B:B,MATCH(G15,'label approval artwork'!F:F,0))} -> G990-08505-11-A | AX15: VZN Master Carton Label | AY15: VZN Pallet Label -> BTS(Normal case) | AZ15: G952-05413-003AB
A16: 8 | B16: PVT/MP | C16: Pristine | D16: retail pack | E16: G950-15986-01 | G16: GA09885-US | H16: US - AT&T | I16: G710-07813-00 | J16: mmWave | K16: CLR1 | L16: BLK | M16: Obsidian | N16: US | O16: G4QUR | P16: UAT | Q16: 6993E | R16: 840353925069 | T16: 128GB | U16: ATT | V16: 35 980215 | W16: 35 980215 020000 | X16: 35 980215 319999 | Y16: 04:00:6E:C8:EB:92 64:9D:38:00:00:32 B0:D5:FB:BE:BF:50 30:E0:44:48:18:42 | Z16: 04:00:6E:CA:FE:D1 64:9D:38:02:80:D1 B0:D5:FB:C6:60:6F 30:E0:44:4F:B9:61 | AA16: Pixel 10 Pro, Obsidian, 128GB, AT&T, US | AB16: Yes | AC16: NO | AD16: NO | AE16: NO | AF16: 10ct | AG16: Yes | AH16: Yes | AI16: Yes | AJ16: Yes | AK16: Yes | AL16: NO | AM16: NO | AN16: NO | AO16: BZ5-MP-Colorbox | AP16: BD3A.250721.001.E1 | AR16: MP1.0 | AS16: Android 16 | AT16: G990-08499-11-B | AU16: {=INDEX('label approval artwork'!B:B,MATCH(G16,'label approval artwork'!F:F,0))} -> G990-08504-11-A | AX16: MasterCartonLabel_IMEI-EID_ATT_FIH | AY16: ATT Pallet label -> BTS(Normal case) ATT Pallet Label -> BTO(EDI) | AZ16: G952-05413-003AB
A17: 9 | B17: PVT/MP | C17: Pristine | D17: retail pack | E17: G950-15986-03 | G17: GA10285-US | H17: US - AT&T | I17: G710-07813-00 | J17: mmWave | K17: CLR3 | L17: GRY | M17: Moonstone | N17: US | O17: G4QUR | P17: UAT | Q17: 6992E | R17: 840353925083 | T17: 128GB | U17: ATT | V17: 35 980215 | W17: 35 980215 020000 | X17: 35 980215 319999 | Y17: 04:00:6E:C8:EB:92 64:9D:38:00:00:32 B0:D5:FB:BE:BF:50 30:E0:44:48:18:42 | Z17: 04:00:6E:CA:FE:D1 64:9D:38:02:80:D1 B0:D5:FB:C6:60:6F 30:E0:44:4F:B9:61 | AA17: Pixel 10 Pro, Moonstone, 128GB, AT&T, US | AB17: Yes | AC17: NO | AD17: NO | AE17: NO | AF17: 10ct | AG17: Yes | AH17: Yes | AI17: Yes | AJ17: Yes | AK17: Yes | AL17: NO | AM17: NO | AN17: NO | AO17: BZ5-MP-Colorbox | AP17: BD3A.250721.001.E1 | AR17: MP1.0 | AS17: Android 16 | AT17: G990-08499-31-B | AU17: {=INDEX('label approval artwork'!B:B,MATCH(G17,'label approval artwork'!F:F,0))} -> G990-08504-31-A | AX17: MasterCartonLabel_IMEI-EID_ATT_FIH | AY17: ATT Pallet label -> BTS(Normal case) ATT Pallet Label -> BTO(EDI) | AZ17: G952-05413-003AB
A18: 10 | B18: MP | C18: Pristine | D18: retail pack | E18: G950-18289-03 | G18: GA10287-US | H18: US - AT&T | I18: G710-07813-10 | J18: mmWave | K18: CLR3 | L18: GRY | M18: Moonstone | N18: US | O18: G4QUR | P18: UAT | Q18: 6994E | R18: 840353925151 | T18: 256GB | U18: ATT | V18: 35 980215 | W18: 35 980215 020000 | X18: 35 980215 319999 | Y18: 04:00:6E:C8:EB:92 64:9D:38:00:00:32 B0:D5:FB:BE:BF:50 30:E0:44:48:18:42 | Z18: 04:00:6E:CA:FE:D1 64:9D:38:02:80:D1 B0:D5:FB:C6:60:6F 30:E0:44:4F:B9:61 | AA18: Pixel 10 Pro, Moonstone, 256GB, AT&T, US | AB18: Yes | AC18: NO | AD18: NO | AE18: NO | AF18: 10ct | AG18: Yes | AH18: Yes | AI18: Yes | AJ18: Yes | AK18: Yes | AL18: NO | AM18: NO | AN18: NO | AO18: BZ5-MP-Colorbox | AP18: BD3A.250721.001.E1 | AR18: MP1.0 | AS18: Android 16 | AT18: G990-08499-32-B | AU18: {=INDEX('label approval artwork'!B:B,MATCH(G18,'label approval artwork'!F:F,0))} -> G990-08504-32-A | AX18: MasterCartonLabel_IMEI-EID_ATT_FIH | AY18: ATT Pallet label -> BTS(Normal case) ATT Pallet Label -> BTO(EDI) | AZ18: G952-05413-003AB
A19: 11 | B19: PVT/MP | C19: Pristine | D19: retail pack | E19: G950-15986-01 | G19: GA09886-US | H19: US - Tmobile | I19: G710-07813-00 | J19: mmWave | K19: CLR1 | L19: BLK | M19: Obsidian | N19: US | O19: G4QUR | P19: UTM | Q19: 840353925212 | R19: 840353925212 | T19: 128GB | U19: TMO | V19: 35 575145 | W19: 35 575145 020000 | X19: 35 575145 319999 | Y19: 04:00:6E:C8:EB:92 64:9D:38:00:00:32 B0:D5:FB:BE:BF:50 30:E0:44:48:18:42 | Z19: 04:00:6E:CA:FE:D1 64:9D:38:02:80:D1 B0:D5:FB:C6:60:6F 30:E0:44:4F:B9:61 | AA19: Pixel 10 Pro, Obsidian, 128GB, TMO, US | AB19: Yes | AC19: NO | AD19: NO | AE19: NO | AF19: 10ct | AG19: Yes | AH19: Yes | AI19: Yes | AJ19: Yes | AK19: Yes | AL19: NO | AM19: NO | AN19: NO | AO19: BZ5-MP-Colorbox | AP19: BD3A.250721.001.E1 | AR19: MP1.0 | AS19: Android 16 | AT19: G990-08499-11-B | AU19: {=INDEX('label approval artwork'!B:B,MATCH(G19,'label approval artwork'!F:F,0))} -> G990-08506-11-A | AX19: MasterCartonLabel_10 pack_TMO | AY19: T-Mobile Pallet Label-> BTO(EDI) T-Mobile Pallet Label-> BTS(Normal case) | AZ19: G952-05413-003AB
A20: 12 | B20: PVT/MP | C20: Pristine | D20: retail pack | E20: G950-15986-02 | G20: GA10293-US | H20: US - Tmobile | I20: G710-07813-00 | J20: mmWave | K20: CLR2 | L20: WHT | M20: Porcelain | N20: US | O20: G4QUR | P20: UTM | Q20: 840353925236 | R20: 840353925236 | T20: 128GB | U20: TMO | V20: 35 575145 | W20: 35 575145 020000 | X20: 35 575145 319999 | Y20: 04:00:6E:C8:EB:92 64:9D:38:00:00:32 B0:D5:FB:BE:BF:50 30:E0:44:48:18:42 | Z20: 04:00:6E:CA:FE:D1 64:9D:38:02:80:D1 B0:D5:FB:C6:60:6F 30:E0:44:4F:B9:61 | AA20: Pixel 10 Pro, Porcelain, 128GB, TMO, US | AB20: Yes | AC20: NO | AD20: NO | AE20: NO | AF20: 10ct | AG20: Yes | AH20: Yes | AI20: Yes | AJ20: Yes | AK20: Yes | AL20: NO | AM20: NO | AN20: NO | AO20: BZ5-MP-Colorbox | AP20: BD3A.250721.001.E1 | AR20: MP1.0 | AS20: Android 16 | AT20: G990-08499-21-B | AU20: {=INDEX('label approval artwork'!B:B,MATCH(G20,'label approval artwork'!F:F,0))} -> G990-08506-21-A | AX20: MasterCartonLabel_10 pack_TMO | AY20: T-Mobile Pallet Label-> BTO(EDI) T-Mobile Pallet Label-> BTS(Normal case) | AZ20: G952-05413-003AB
A21: 13 | B21: PVT/MP | C21: Pristine | D21: retail pack | E21: G950-15986-03 | G21: GA10294-US | H21: US - Tmobile | I21: G710-07813-00 | J21: mmWave | K21: CLR3 | L21: GRY | M21: Moonstone | N21: US | O21: G4QUR | P21: UTM | Q21: 840353925229 | R21: 840353925229 | T21: 128GB | U21: TMO | V21: 35 575145 | W21: 35 575145 020000 | X21: 35 575145 319999 | Y21: 04:00:6E:C8:EB:92 64:9D:38:00:00:32 B0:D5:FB:BE:BF:50 30:E0:44:48:18:42 | Z21: 04:00:6E:CA:FE:D1 64:9D:38:02:80:D1 B0:D5:FB:C6:60:6F 30:E0:44:4F:B9:61 | AA21: Pixel 10 Pro, Moonstone, 128GB, TMO, US | AB21: Yes | AC21: NO | AD21: NO | AE21: NO | AF21: 10ct | AG21: Yes | AH21: Yes | AI21: Yes | AJ21: Yes | AK21: Yes | AL21: NO | AM21: NO | AN21: NO | AO21: BZ5-MP-Colorbox | AP21: BD3A.250721.001.E1 | AR21: MP1.0 | AS21: Android 16 | AT21: G990-08499-31-B | AU21: {=INDEX('label approval artwork'!B:B,MATCH(G21,'label approval artwork'!F:F,0))} -> G990-08506-31-A | AX21: MasterCartonLabel_10 pack_TMO | AY21: T-Mobile Pallet Label-> BTO(EDI) T-Mobile Pallet Label-> BTS(Normal case) | AZ21: G952-05413-003AB
A22: 14 | B22: MP | C22: Pristine | D22: retail pack | E22: G950-18289-01 | G22: GA09898-US | H22: US - Tmobile | I22: G710-07813-10 | J22: mmWave | K22: CLR1 | L22: BLK | M22: Obsidian | N22: US | O22: G4QUR | P22: UTM | Q22: 840353925243 | R22: 840353925243 | T22: 256GB | U22: TMO | V22: 35 575145 | W22: 35 575145 020000 | X22: 35 575145 319999 | Y22: 04:00:6E:C8:EB:92 64:9D:38:00:00:32 B0:D5:FB:BE:BF:50 30:E0:44:48:18:42 | Z22: 04:00:6E:CA:FE:D1 64:9D:38:02:80:D1 B0:D5:FB:C6:60:6F 30:E0:44:4F:B9:61 | AA22: Pixel 10 Pro, Obsidian, 256GB, TMO, US | AB22: Yes | AC22: NO | AD22: NO | AE22: NO | AF22: 10ct | AG22: Yes | AH22: Yes | AI22: Yes | AJ22: Yes | AK22: Yes | AL22: NO | AM22: NO | AN22: NO | AO22: BZ5-MP-Colorbox | AP22: BD3A.250721.001.E1 | AR22: MP1.0 | AS22: Android 16 | AT22: G990-08499-12-B | AU22: {=INDEX('label approval artwork'!B:B,MATCH(G22,'label approval artwork'!F:F,0))} -> G990-08506-12-A | AX22: MasterCartonLabel_10 pack_TMO | AY22: T-Mobile Pallet Label-> BTO(EDI) T-Mobile Pallet Label-> BTS(Normal case) | AZ22: G952-05413-003AB
A23: 15 | B23: MP Cancelled demand | C23: Pristine | D23: retail pack | E23: G950-18289-03 | G23: GA10296-US | H23: US - Tmobile | I23: G710-07813-10 | J23: mmWave | K23: CLR3 | L23: GRY | M23: Moonstone | N23: US | O23: G4QUR | P23: UTM | Q23: 840353925267 | R23: 840353925267 | T23: 256GB | U23: TMO | V23: 35 575145 | W23: 35 575145 020000 | X23: 35 575145 319999 | Y23: 04:00:6E:C8:EB:92 64:9D:38:00:00:32 | Z23: 04:00:6E:CA:FE:D1 64:9D:38:02:80:D1 B0:D5:FB:C6:60:6F | AA23: #N/A | AB23: Yes | AC23: NO | AD23: NO | AE23: NO | AF23: 10ct | AG23: Yes | AH23: Yes | AI23: Yes | AJ23: Yes | AK23: Yes | AL23: NO | AM23: NO | AN23: NO | AP23: BD3A.250721.001.E1 | AR23: MP1.0 | AS23: Android 16 | AT23: G990-08499-32-B | AU23: {=INDEX('label approval artwork'!B:B,MATCH(G23,'label approval artwork'!F:F,0))} -> MP File_TBD | AX23: MasterCartonLabel_10 pack_TMO | AY23: T-Mobile Pallet Label-> BTO(EDI) T-Mobile Pallet Label-> BTS(Normal case) | AZ23: G952-05413-003AB
A24: 16 | B24: IQ | C24: IQ | D24: retail pack | E24: G950-15986-01 | G24: IQGA09187-US | H24: US-VZW | I24: G710-07813-00 | J24: mmWave | K24: CLR1 | L24: BLK | M24: Obsidian | N24: US | O24: G4QUR | P24: UVZ | R24: 840353936584 | T24: 128GB | U24: VZW | V24: 35 531042 | W24: 35 531042 020000 35 531042 320000x | X24: 35 531042 319999 35 531042 619999x | Y24: 04:00:6E:C8:EB:92 64:9D:38:00:00:32 B0:D5:FB:BE:BF:50 30:E0:44:48:18:42 | Z24: 04:00:6E:CA:FE:D1 64:9D:38:02:80:D1 B0:D5:FB:C6:60:6F 30:E0:44:4F:B9:61 | AA24: Pixel 10 Pro, Obsidian, 128GB, VZW, US, IQ | AB24: Yes | AC24: NO | AD24: NO | AE24: NO | AF24: 10ct | AG24: Yes | AH24: Yes | AI24: Yes | AJ24: Yes | AK24: Yes | AL24: NO | AM24: NO | AN24: NO | AO24: BZ5-MP-Colorbox | AP24: BD3A.250721.001.E1 | AR24: MP1.0 | AS24: Android 16 | AT24: G990-08499-11-B | AU24: {=INDEX('label approval artwork'!B:B,MATCH(G24,'label approval artwork'!F:F,0))} -> G990-08505-11-A | AX24: VZN Master Carton Label | AY24: VZN Pallet Label -> BTS(Normal case) | AZ24: G952-05413-003AB
A25: 17 | B25: IQ | C25: IQ | D25: retail pack | E25: G950-15986-02 | G25: IQGA10275-US | H25: US-VZW | I25: G710-07813-00 | J25: mmWave | K25: CLR2 | L25: WHT | M25: Porcelain | N25: US | O25: G4QUR | P25: UVZ | R25: 840353936591 | T25: 128GB | U25: VZW | V25: 35 531042 | W25: 35 531042 020000 35 531042 320000x | X25: 35 531042 319999 35 531042 619999x | Y25: 04:00:6E:C8:EB:92 64:9D:38:00:00:32 B0:D5:FB:BE:BF:50 30:E0:44:48:18:42 | Z25: 04:00:6E:CA:FE:D1 64:9D:38:02:80:D1 B0:D5:FB:C6:60:6F 30:E0:44:4F:B9:61 | AA25: Pixel 10 Pro, Porcelain, 128GB, VZW, US, IQ | AB25: Yes | AC25: NO | AD25: NO | AE25: NO | AF25: 10ct | AG25: Yes | AH25: Yes | AI25: Yes | AJ25: Yes | AK25: Yes | AL25: NO | AM25: NO | AN25: NO | AO25: BZ5-MP-Colorbox | AP25: BD3A.250721.001.E1 | AR25: MP1.0 | AS25: Android 16 | AT25: G990-08499-21-B | AU25: {=INDEX('label approval artwork'!B:B,MATCH(G25,'label approval artwork'!F:F,0))} -> G990-08505-11-A | AX25: VZN Master Carton Label | AY25: VZN Pallet Label -> BTS(Normal case) | AZ25: G952-05413-003AB
A26: 18 | B26: IQ | C26: IQ | D26: retail pack | E26: G950-15986-03 | G26: IQGA10276-US | H26: US-VZW | I26: G710-07813-00 | J26: mmWave | K26: CLR3 | L26: GRY | M26: Moonstone | N26: US | O26: G4QUR | P26: UVZ | R26: 840353936607 | T26: 128GB | U26: VZW | V26: 35 531042 | W26: 35 531042 020000 35 531042 320000x | X26: 35 531042 319999 35 531042 619999x | Y26: 04:00:6E:C8:EB:92 64:9D:38:00:00:32 B0:D5:FB:BE:BF:50 30:E0:44:48:18:42 | Z26: 04:00:6E:CA:FE:D1 64:9D:38:02:80:D1 B0:D5:FB:C6:60:6F 30:E0:44:4F:B9:61 | AA26: Pixel 10 Pro, Moonstone, 128GB, VZW, US, IQ | AB26: Yes | AC26: NO | AD26: NO | AE26: NO | AF26: 10ct | AG26: Yes | AH26: Yes | AI26: Yes | AJ26: Yes | AK26: Yes | AL26: NO | AM26: NO | AN26: NO | AO26: BZ5-MP-Colorbox | AP26: BD3A.250721.001.E1 | AR26: MP1.0 | AS26: Android 16 | AT26: G990-08499-31-B | AU26: {=INDEX('label approval artwork'!B:B,MATCH(G26,'label approval artwork'!F:F,0))} -> G990-08505-11-A | AX26: VZN Master Carton Label | AY26: VZN Pallet Label -> BTS(Normal case) | AZ26: G952-05413-003AB
A27: 19 | B27: IQ | C27: IQ | D27: retail pack | E27: G950-18289-01 | G27: IQGA09896-US | H27: US-VZW | I27: G710-07813-10 | J27: mmWave | K27: CLR1 | L27: BLK | M27: Obsidian | N27: US | O27: G4QUR | P27: UVZ | R27: 0840353936614 | T27: 256GB | U27: VZW | V27: 35 531042 | W27: 35 531042 020000 35 531042 320000x | X27: 35 531042 319999 35 531042 619999x | Y27: 04:00:6E:C8:EB:92 64:9D:38:00:00:32 B0:D5:FB:BE:BF:50 30:E0:44:48:18:42 | Z27: 04:00:6E:CA:FE:D1 64:9D:38:02:80:D1 B0:D5:FB:C6:60:6F 30:E0:44:4F:B9:61 | AA27: Pixel 10 Pro, Obsidian, 256GB, VZW, US, IQ | AB27: Yes | AC27: NO | AD27: NO | AE27: NO | AF27: 10ct | AG27: Yes | AH27: Yes | AI27: Yes | AJ27: Yes | AK27: Yes | AL27: NO | AM27: NO | AN27: NO | AO27: BZ5-MP-Colorbox | AP27: BD3A.250721.001.E1 | AR27: MP1.0 | AS27: Android 16 | AT27: G990-08499-12-B | AU27: {=INDEX('label approval artwork'!B:B,MATCH(G27,'label approval artwork'!F:F,0))} -> G990-08505-11-A | AX27: VZN Master Carton Label | AY27: VZN Pallet Label -> BTS(Normal case) | AZ27: G952-05413-003AB
A28: 20 | B28: IQ | C28: IQ | D28: retail pack | E28: G950-18289-02 | G28: IQGA10277-US | H28: US-VZW | I28: G710-07813-10 | J28: mmWave | K28: CLR2 | L28: WHT | M28: Porcelain | N28: US | O28: G4QUR | P28: UVZ | R28: 840353936621 | T28: 256GB | U28: VZW | V28: 35 531042 | W28: 35 531042 020000 35 531042 320000x | X28: 35 531042 319999 35 531042 619999x | Y28: 04:00:6E:C8:EB:92 64:9D:38:00:00:32 B0:D5:FB:BE:BF:50 30:E0:44:48:18:42 | Z28: 04:00:6E:CA:FE:D1 64:9D:38:02:80:D1 B0:D5:FB:C6:60:6F 30:E0:44:4F:B9:61 | AA28: Pixel 10 Pro, Porcelain, 256GB, VZW, US, IQ | AB28: Yes | AC28: NO | AD28: NO | AE28: NO | AF28: 10ct | AG28: Yes | AH28: Yes | AI28: Yes | AJ28: Yes | AK28: Yes | AL28: NO | AM28: NO | AN28: NO | AO28: BZ5-MP-Colorbox | AR28: MP1.0 | AS28: Android 16 | AT28: G990-08499-22-B | AU28: {=INDEX('label approval artwork'!B:B,MATCH(G28,'label approval artwork'!F:F,0))} -> G990-08505-11-A | AX28: VZN Master Carton Label | AY28: VZN Pallet Label -> BTS(Normal case) | AZ28: G952-05413-003AB
A29: 21 | B29: IQ | C29: IQ | D29: retail pack | E29: G950-18289-03 | G29: IQGA10278-US | H29: US-VZW | I29: G710-07813-10 | J29: mmWave | K29: CLR3 | L29: GRY | M29: Moonstone | N29: US | O29: G4QUR | P29: UVZ | R29: 840353936638 | T29: 256GB | U29: VZW | V29: 35 531042 | W29: 35 531042 020000 35 531042 320000x | X29: 35 531042 319999 35 531042 619999x | Y29: 04:00:6E:C8:EB:92 64:9D:38:00:00:32 B0:D5:FB:BE:BF:50 30:E0:44:48:18:42 | Z29: 04:00:6E:CA:FE:D1 64:9D:38:02:80:D1 B0:D5:FB:C6:60:6F 30:E0:44:4F:B9:61 | AA29: Pixel 10 Pro, Moonstone, 256GB, VZW, US, IQ | AB29: Yes | AC29: NO | AD29: NO | AE29: NO | AF29: 10ct | AG29: Yes | AH29: Yes | AI29: Yes | AJ29: Yes | AK29: Yes | AL29: NO | AM29: NO | AN29: NO | AO29: BZ5-MP-Colorbox | AP29: BD3A.250721.001.E1 | AR29: MP1.0 | AS29: Android 16 | AT29: G990-08499-32-B | AU29: {=INDEX('label approval artwork'!B:B,MATCH(G29,'label approval artwork'!F:F,0))} -> G990-08505-11-A | AX29: VZN Master Carton Label | AY29: VZN Pallet Label -> BTS(Normal case) | AZ29: G952-05413-003AB
A30: 22 | B30: IQ | C30: IQ | D30: retail pack | E30: G950-18289-04 | G30: IQGA10279-US | H30: US-VZW | I30: G710-07813-10 | J30: mmWave | K30: CLR4 | L30: GRN | M30: Jade | N30: US | O30: G4QUR | P30: UVZ | R30: 840353936645 | T30: 256GB | U30: VZW | V30: 35 531042 | W30: 35 531042 020000 35 531042 320000x | X30: 35 531042 319999 35 531042 619999x | Y30: 04:00:6E:C8:EB:92 64:9D:38:00:00:32 B0:D5:FB:BE:BF:50 30:E0:44:48:18:42 | Z30: 04:00:6E:CA:FE:D1 64:9D:38:02:80:D1 B0:D5:FB:C6:60:6F 30:E0:44:4F:B9:61 | AA30: Pixel 10 Pro, Jade, 256GB, VZW, US, IQ | AB30: Yes | AC30: NO | AD30: NO | AE30: NO | AF30: 10ct | AG30: Yes | AH30: Yes | AI30: Yes | AJ30: Yes | AK30: Yes | AL30: NO | AM30: NO | AN30: NO | AO30: BZ5-MP-Colorbox | AP30: BD3A.250721.001.E1 | AR30: MP1.0 | AS30: Android 16 | AT30: G990-08499-42-B | AU30: {=INDEX('label approval artwork'!B:B,MATCH(G30,'label approval artwork'!F:F,0))} -> G990-08505-11-A | AX30: VZN Master Carton Label | AY30: VZN Pallet Label -> BTS(Normal case) | AZ30: G952-05413-003AB
A31: 23 | B31: IQ | C31: IQ | D31: retail pack | E31: G950-18291-01 | G31: IQGA09905-US | H31: US-VZW | I31: G710-07813-20 | J31: mmWave | K31: CLR1 | L31: BLK | M31: Obsidian | N31: US | O31: G4QUR | P31: UVZ | R31: 840353936652 | T31: 512GB | U31: VZW | V31: 35 531042 | W31: 35 531042 020000 35 531042 320000x | X31: 35 531042 319999 35 531042 619999x | Y31: 04:00:6E:C8:EB:92 64:9D:38:00:00:32 B0:D5:FB:BE:BF:50 30:E0:44:48:18:42 | Z31: 04:00:6E:CA:FE:D1 64:9D:38:02:80:D1 B0:D5:FB:C6:60:6F 30:E0:44:4F:B9:61 | AA31: Pixel 10 Pro, Obsidian, 512GB, VZW, US, IQ | AB31: Yes | AC31: NO | AD31: NO | AE31: NO | AF31: 10ct | AG31: Yes | AH31: Yes | AI31: Yes | AJ31: Yes | AK31: Yes | AL31: NO | AM31: NO | AN31: NO | AO31: BZ5-MP-Colorbox | AP31: BD3A.250721.001.E1 | AR31: MP1.0 | AS31: Android 16 | AT31: G990-08499-13-B | AU31: {=INDEX('label approval artwork'!B:B,MATCH(G31,'label approval artwork'!F:F,0))} -> G990-08505-11-A | AX31: VZN Master Carton Label | AY31: VZN Pallet Label -> BTS(Normal case) | AZ31: G952-05413-003AB
A32: 24 | B32: IQ | C32: IQ | D32: retail pack | E32: G950-18291-02 | G32: IQGA10280-US | H32: US-VZW | I32: G710-07813-20 | J32: mmWave | K32: CLR2 | L32: WHT | M32: Porcelain | N32: US | O32: G4QUR | P32: UVZ | R32: 840353936669 | T32: 512GB | U32: VZW | V32: 35 531042 | W32: 35 531042 020000 35 531042 320000x | X32: 35 531042 319999 35 531042 619999x | Y32: 04:00:6E:C8:EB:92 64:9D:38:00:00:32 B0:D5:FB:BE:BF:50 30:E0:44:48:18:42 | Z32: 04:00:6E:CA:FE:D1 64:9D:38:02:80:D1 B0:D5:FB:C6:60:6F 30:E0:44:4F:B9:61 | AA32: Pixel 10 Pro, Porcelain, 512GB, VZW, US, IQ | AB32: Yes | AC32: NO | AD32: NO | AE32: NO | AF32: 10ct | AG32: Yes | AH32: Yes | AI32: Yes | AJ32: Yes | AK32: Yes | AL32: NO | AM32: NO | AN32: NO | AO32: BZ5-MP-Colorbox | AR32: MP1.0 | AS32: Android 16 | AT32: G990-08499-23-B | AU32: {=INDEX('label approval artwork'!B:B,MATCH(G32,'label approval artwork'!F:F,0))} -> G990-08505-11-A | AX32: VZN Master Carton Label | AY32: VZN Pallet Label -> BTS(Normal case) | AZ32: G952-05413-003AB
A33: 25 | B33: IQ | C33: IQ | D33: retail pack | E33: G950-18291-03 | G33: IQGA10281-US | H33: US-VZW | I33: G710-07813-20 | J33: mmWave | K33: CLR3 | L33: GRY | M33: Moonstone | N33: US | O33: G4QUR | P33: UVZ | R33: 840353936676 | T33: 512GB | U33: VZW | V33: 35 531042 | W33: 35 531042 020000 35 531042 320000x | X33: 35 531042 319999 35 531042 619999x | Y33: 04:00:6E:C8:EB:92 64:9D:38:00:00:32 B0:D5:FB:BE:BF:50 30:E0:44:48:18:42 | Z33: 04:00:6E:CA:FE:D1 64:9D:38:02:80:D1 B0:D5:FB:C6:60:6F 30:E0:44:4F:B9:61 | AA33: Pixel 10 Pro, Moonstone, 512GB, VZW, US, IQ | AB33: Yes | AC33: NO | AD33: NO | AE33: NO | AF33: 10ct | AG33: Yes | AH33: Yes | AI33: Yes | AJ33: Yes | AK33: Yes | AL33: NO | AM33: NO | AN33: NO | AO33: BZ5-MP-Colorbox | AP33: BD3A.250721.001.E1 | AR33: MP1.0 | AS33: Android 16 | AT33: G990-08499-33-B | AU33: {=INDEX('label approval artwork'!B:B,MATCH(G33,'label approval artwork'!F:F,0))} -> G990-08505-11-A | AX33: VZN Master Carton Label | AY33: VZN Pallet Label -> BTS(Normal case) | AZ33: G952-05413-003AB
A34: 26 | B34: IQ | C34: IQ | D34: retail pack | E34: G950-18291-04 | G34: IQGA10282-US | H34: US-VZW | I34: G710-07813-20 | J34: mmWave | K34: CLR4 | L34: GRN | M34: Jade | N34: US | O34: G4QUR | P34: UVZ | R34: 840353936683 | T34: 512GB | U34: VZW | V34: 35 531042 | W34: 35 531042 020000 35 531042 320000x | X34: 35 531042 319999 35 531042 619999x | Y34: 04:00:6E:C8:EB:92 64:9D:38:00:00:32 B0:D5:FB:BE:BF:50 30:E0:44:48:18:42 | Z34: 04:00:6E:CA:FE:D1 64:9D:38:02:80:D1 B0:D5:FB:C6:60:6F 30:E0:44:4F:B9:61 | AA34: Pixel 10 Pro, Jade, 512GB, VZW, US, IQ | AB34: Yes | AC34: NO | AD34: NO | AE34: NO | AF34: 10ct | AG34: Yes | AH34: Yes | AI34: Yes | AJ34: Yes | AK34: Yes | AL34: NO | AM34: NO | AN34: NO | AO34: BZ5-MP-Colorbox | AR34: MP1.0 | AS34: Android 16 | AT34: G990-08499-43-B | AU34: {=INDEX('label approval artwork'!B:B,MATCH(G34,'label approval artwork'!F:F,0))} -> G990-08505-11-A | AX34: VZN Master Carton Label | AY34: VZN Pallet Label -> BTS(Normal case) | AZ34: G952-05413-003AB
A35: 27 | B35: IQ | C35: IQ | D35: retail pack | E35: G950-18293-01 | G35: IQGA09930-US | H35: US-VZW | I35: G710-07813-30 | J35: mmWave | K35: CLR1 | L35: BLK | M35: Obsidian | N35: US | O35: G4QUR | P35: UVZ | R35: 840353936690 | T35: 1TB | U35: VZW | V35: 35 531042 | W35: 35 531042 020000 35 531042 320000x | X35: 35 531042 319999 35 531042 619999x | Y35: 04:00:6E:C8:EB:92 64:9D:38:00:00:32 B0:D5:FB:BE:BF:50 30:E0:44:48:18:42 | Z35: 04:00:6E:CA:FE:D1 64:9D:38:02:80:D1 B0:D5:FB:C6:60:6F 30:E0:44:4F:B9:61 | AA35: Pixel 10 Pro, Obsidian, 1TB, VZW, US, IQ | AB35: Yes | AC35: NO | AD35: NO | AE35: NO | AF35: 10ct | AG35: Yes | AH35: Yes | AI35: Yes | AJ35: Yes | AK35: Yes | AL35: NO | AM35: NO | AN35: NO | AO35: BZ5-MP-Colorbox | AR35: MP1.0 | AS35: Android 16 | AT35: G990-08499-14-B | AU35: {=INDEX('label approval artwork'!B:B,MATCH(G35,'label approval artwork'!F:F,0))} -> G990-08505-11-A | AX35: VZN Master Carton Label | AY35: VZN Pallet Label -> BTS(Normal case) | AZ35: G952-05413-003AB
A36: 28 | B36: IQ | C36: IQ | D36: retail pack | E36: G950-18293-03 | G36: IQGA10283-US | H36: US-VZW | I36: G710-07813-30 | J36: mmWave | K36: CLR3 | L36: GRY | M36: Moonstone | N36: US | O36: G4QUR | P36: UVZ | R36: 840353936706 | T36: 1TB | U36: VZW | V36: 35 531042 | W36: 35 531042 020000 35 531042 320000x | X36: 35 531042 319999 35 531042 619999x | Y36: 04:00:6E:C8:EB:92 64:9D:38:00:00:32 B0:D5:FB:BE:BF:50 30:E0:44:48:18:42 | Z36: 04:00:6E:CA:FE:D1 64:9D:38:02:80:D1 B0:D5:FB:C6:60:6F 30:E0:44:4F:B9:61 | AA36: Pixel 10 Pro, Moonstone, 1TB, VZW, US, IQ | AB36: Yes | AC36: NO | AD36: NO | AE36: NO | AF36: 10ct | AG36: Yes | AH36: Yes | AI36: Yes | AJ36: Yes | AK36: Yes | AL36: NO | AM36: NO | AN36: NO | AO36: BZ5-MP-Colorbox | AR36: MP1.0 | AS36: Android 16 | AT36: G990-08499-34-B | AU36: {=INDEX('label approval artwork'!B:B,MATCH(G36,'label approval artwork'!F:F,0))} -> G990-08505-11-A | AX36: VZN Master Carton Label | AY36: VZN Pallet Label -> BTS(Normal case) | AZ36: G952-05413-003AB
A37: 29 | B37: CLNR | C37: CLNR | D37: builk pack | E37: G950-15986-01 | G37: CLNRGOGA09187 | H37: US-VZW | I37: G710-07813-00 | J37: mmWave | K37: CLR1 | L37: BLK | M37: Obsidian | N37: US | O37: G4QUR | P37: UVZ | R37: 840353936713 | T37: 128GB | U37: VZW | V37: 35 531042 | W37: 35 531042 020000 35 531042 320000x | X37: 35 531042 319999 35 531042 619999x | Y37: 04:00:6E:C8:EB:92 64:9D:38:00:00:32 B0:D5:FB:BE:BF:50 30:E0:44:48:18:42 | Z37: 04:00:6E:CA:FE:D1 64:9D:38:02:80:D1 B0:D5:FB:C6:60:6F 30:E0:44:4F:B9:61 | AA37: Pixel 10 Pro, Obsidian, 128GB, VZW, US, FRU | AB37: Yes | AC37: NO | AD37: NO | AE37: NO | AF37: 30ct | AG37: NO | AH37: NO | AI37: NO | AJ37: NO | AK37: NO | AL37: NO | AM37: NO | AN37: NO | AO37: BZ5-MP-ENG-VZN | AP37: BD3A.250721.001.E1 | AR37: MP1.0 | AS37: Android 16 | AT37: {=INDEX('label approval artwork'!A:A,MATCH(G37,'label approval artwork'!F:F,0))} -> #VALUE! | AU37: {=INDEX('label approval artwork'!B:B,MATCH(G37,'label approval artwork'!F:F,0))} -> #VALUE! | AX37: VZN Master Carton Label | AY37: VZN Pallet Label -> BTS(Normal case)
A38: 30 | B38: CLNR | C38: CLNR | D38: builk pack | E38: G950-15986-03 | G38: CLNRGOGA10276 | H38: US-VZW | I38: G710-07813-00 | J38: mmWave | K38: CLR3 | L38: GRY | M38: Moonstone | N38: US | O38: G4QUR | P38: UVZ | R38: 840353936836 | T38: 128GB | U38: VZW | V38: 35 531042 | W38: 35 531042 020000 35 531042 320000x | X38: 35 531042 319999 35 531042 619999x | Y38: 04:00:6E:C8:EB:92 64:9D:38:00:00:32 B0:D5:FB:BE:BF:50 30:E0:44:48:18:42 | Z38: 04:00:6E:CA:FE:D1 64:9D:38:02:80:D1 B0:D5:FB:C6:60:6F 30:E0:44:4F:B9:61 | AA38: Pixel 10 Pro, Moonstone, 128GB, VZW, US, FRU | AB38: Yes | AC38: NO | AD38: NO | AE38: NO | AF38: 30ct | AG38: NO | AH38: NO | AI38: NO | AJ38: NO | AK38: NO | AL38: NO | AM38: NO | AN38: NO | AO38: BZ5-MP-ENG-VZN | AP38: BD3A.250721.001.E1 | AR38: MP1.0 | AS38: Android 16 | AT38: {=INDEX('label approval artwork'!A:A,MATCH(G38,'label approval artwork'!F:F,0))} -> #VALUE! | AU38: {=INDEX('label approval artwork'!B:B,MATCH(G38,'label approval artwork'!F:F,0))} -> #VALUE! | AX38: VZN Master Carton Label | AY38: VZN Pallet Label -> BTS(Normal case)
A39: 31 | B39: CLNR | C39: CLNR | D39: builk pack | E39: G950-18289-01 | G39: CLNRGOGA09896 | H39: US-VZW | I39: G710-07813-10 | J39: mmWave | K39: CLR1 | L39: BLK | M39: Obsidian | N39: US | O39: G4QUR | P39: UVZ | R39: 840353936898 | T39: 256GB | U39: VZW | V39: 35 531042 | W39: 35 531042 020000 35 531042 320000x | X39: 35 531042 319999 35 531042 619999x | Y39: 04:00:6E:C8:EB:92 64:9D:38:00:00:32 B0:D5:FB:BE:BF:50 30:E0:44:48:18:42 | Z39: 04:00:6E:CA:FE:D1 64:9D:38:02:80:D1 B0:D5:FB:C6:60:6F 30:E0:44:4F:B9:61 | AA39: Pixel 10 Pro, Obsidian, 256GB, VZW, US, FRU | AB39: Yes | AC39: NO | AD39: NO | AE39: NO | AF39: 30ct | AG39: NO | AH39: NO | AI39: NO | AJ39: NO | AK39: NO | AL39: NO | AM39: NO | AN39: NO | AO39: BZ5-MP-ENG-VZN | AP39: BD3A.250721.001.E1 | AR39: MP1.0 | AS39: Android 16 | AT39: {=INDEX('label approval artwork'!A:A,MATCH(G39,'label approval artwork'!F:F,0))} -> #VALUE! | AU39: {=INDEX('label approval artwork'!B:B,MATCH(G39,'label approval artwork'!F:F,0))} -> #VALUE! | AX39: VZN Master Carton Label | AY39: VZN Pallet Label -> BTS(Normal case)
A40: 32 | B40: CLNR | C40: CLNR | D40: builk pack | E40: G950-18289-03 | G40: CLNRGOGA10278 | H40: US-VZW | I40: G710-07813-10 | J40: mmWave | K40: CLR3 | L40: GRY | M40: Moonstone | N40: US | O40: G4QUR | P40: UVZ | R40: 840353936911 | T40: 256GB | U40: VZW | V40: 35 531042 | W40: 35 531042 020000 35 531042 320000x | X40: 35 531042 319999 35 531042 619999x | Y40: 04:00:6E:C8:EB:92 64:9D:38:00:00:32 B0:D5:FB:BE:BF:50 30:E0:44:48:18:42 | Z40: 04:00:6E:CA:FE:D1 64:9D:38:02:80:D1 B0:D5:FB:C6:60:6F 30:E0:44:4F:B9:61 | AA40: Pixel 10 Pro, Moonstone, 256GB, VZW, US, FRU | AB40: Yes | AC40: NO | AD40: NO | AE40: NO | AF40: 30ct | AG40: NO | AH40: NO | AI40: NO | AJ40: NO | AK40: NO | AL40: NO | AM40: NO | AN40: NO | AO40: BZ5-MP-ENG-VZN | AP40: BD3A.250721.001.E1 | AR40: MP1.0 | AS40: Android 16 | AT40: {=INDEX('label approval artwork'!A:A,MATCH(G40,'label approval artwork'!F:F,0))} -> #VALUE! | AU40: {=INDEX('label approval artwork'!B:B,MATCH(G40,'label approval artwork'!F:F,0))} -> #VALUE! | AX40: VZN Master Carton Label | AY40: VZN Pallet Label -> BTS(Normal case)
A41: 33 | B41: CLNR | C41: CLNR | D41: builk pack | E41: G950-18289-04 | G41: CLNRGOGA10279 | H41: US-VZW | I41: G710-07813-10 | J41: mmWave | K41: CLR4 | L41: GRN | M41: Jade | N41: US | O41: G4QUR | P41: UVZ | R41: 840353936928 | T41: 256GB | U41: VZW | V41: 35 531042 | W41: 35 531042 020000 35 531042 320000x | X41: 35 531042 319999 35 531042 619999x | Y41: 04:00:6E:C8:EB:92 64:9D:38:00:00:32 B0:D5:FB:BE:BF:50 30:E0:44:48:18:42 | Z41: 04:00:6E:CA:FE:D1 64:9D:38:02:80:D1 B0:D5:FB:C6:60:6F 30:E0:44:4F:B9:61 | AA41: Pixel 10 Pro, Jade, 256GB, VZW, US, FRU | AB41: Yes | AC41: NO | AD41: NO | AE41: NO | AF41: 30ct | AG41: NO | AH41: NO | AI41: NO | AJ41: NO | AK41: NO | AL41: NO | AM41: NO | AN41: NO | AO41: BZ5-MP-ENG-VZN | AP41: BD3A.250721.001.E1 | AR41: MP1.0 | AS41: Android 16 | AT41: {=INDEX('label approval artwork'!A:A,MATCH(G41,'label approval artwork'!F:F,0))} -> #VALUE! | AU41: {=INDEX('label approval artwork'!B:B,MATCH(G41,'label approval artwork'!F:F,0))} -> #VALUE! | AX41: VZN Master Carton Label | AY41: VZN Pallet Label -> BTS(Normal case)
A42: 34 | B42: CLNR | C42: CLNR | D42: builk pack | E42: G950-18291-01 | G42: CLNRGOGA09905 | H42: US-VZW | I42: G710-07813-20 | J42: mmWave | K42: CLR1 | L42: BLK | M42: Obsidian | N42: US | O42: G4QUR | P42: UVZ | R42: 840353936935 | T42: 512GB | U42: VZW | V42: 35 531042 | W42: 35 531042 020000 35 531042 320000x | X42: 35 531042 319999 35 531042 619999x | Y42: 04:00:6E:C8:EB:92 64:9D:38:00:00:32 B0:D5:FB:BE:BF:50 30:E0:44:48:18:42 | Z42: 04:00:6E:CA:FE:D1 64:9D:38:02:80:D1 B0:D5:FB:C6:60:6F 30:E0:44:4F:B9:61 | AA42: Pixel 10 Pro, Obsidian, 512GB, VZW, US, FRU | AB42: Yes | AC42: NO | AD42: NO | AE42: NO | AF42: 30ct | AG42: NO | AH42: NO | AI42: NO | AJ42: NO | AK42: NO | AL42: NO | AM42: NO | AN42: NO | AO42: BZ5-MP-ENG-VZN | AP42: BD3A.250721.001.E1 | AR42: MP1.0 | AS42: Android 16 | AT42: {=INDEX('label approval artwork'!A:A,MATCH(G42,'label approval artwork'!F:F,0))} -> #VALUE! | AU42: {=INDEX('label approval artwork'!B:B,MATCH(G42,'label approval artwork'!F:F,0))} -> #VALUE! | AX42: VZN Master Carton Label | AY42: VZN Pallet Label -> BTS(Normal case)
A43: 35 | B43: CLNR | C43: CLNR | D43: builk pack | E43: G950-18291-03 | G43: CLNRGOGA10281 | H43: US-VZW | I43: G710-07813-20 | J43: mmWave | K43: CLR3 | L43: GRY | M43: Moonstone | N43: US | O43: G4QUR | P43: UVZ | R43: 840353936959 | T43: 512GB | U43: VZW | V43: 35 531042 | W43: 35 531042 020000 35 531042 320000x | X43: 35 531042 319999 35 531042 619999x | Y43: 04:00:6E:C8:EB:92 64:9D:38:00:00:32 B0:D5:FB:BE:BF:50 30:E0:44:48:18:42 | Z43: 04:00:6E:CA:FE:D1 64:9D:38:02:80:D1 B0:D5:FB:C6:60:6F 30:E0:44:4F:B9:61 | AA43: Pixel 10 Pro, Moonstone, 512GB, VZW, US, FRU | AB43: Yes | AC43: NO | AD43: NO | AE43: NO | AF43: 30ct | AG43: NO | AH43: NO | AI43: NO | AJ43: NO | AK43: NO | AL43: NO | AM43: NO | AN43: NO | AO43: BZ5-MP-ENG-VZN | AP43: BD3A.250721.001.E1 | AR43: MP1.0 | AS43: Android 16 | AT43: {=INDEX('label approval artwork'!A:A,MATCH(G43,'label approval artwork'!F:F,0))} -> #VALUE! | AU43: {=INDEX('label approval artwork'!B:B,MATCH(G43,'label approval artwork'!F:F,0))} -> #VALUE! | AX43: VZN Master Carton Label | AY43: VZN Pallet Label -> BTS(Normal case)
A44: 36 | B44: CLNR | C44: CLNR | D44: builk pack | E44: G950-15986-01 | G44: CLNRGA09886 | H44: US - Tmobile | I44: G710-07813-00 | J44: mmWave | K44: CLR1 | L44: BLK | M44: Obsidian | N44: US | O44: G4QUR | P44: UTM | Q44: 840353936720 | R44: 840353936720 | T44: 128GB | U44: TMO | V44: 35 575145 | W44: 35 575145 020000 | X44: 35 575145 319999 | Y44: 04:00:6E:C8:EB:92 64:9D:38:00:00:32 B0:D5:FB:BE:BF:50 30:E0:44:48:18:42 | Z44: 04:00:6E:CA:FE:D1 64:9D:38:02:80:D1 B0:D5:FB:C6:60:6F 30:E0:44:4F:B9:61 | AA44: Pixel 10 Pro, Obsidian, 128GB, TMO, US, FRU | AB44: Yes | AC44: NO | AD44: NO | AE44: NO | AF44: 30ct | AG44: NO | AH44: NO | AI44: NO | AJ44: NO | AK44: NO | AL44: NO | AM44: NO | AN44: NO | AO44: BZ5-MP-ENG-ROW | AP44: BD3A.250721.001.E1 | AR44: MP1.0 | AS44: Android 16 | AT44: {=INDEX('label approval artwork'!A:A,MATCH(G44,'label approval artwork'!F:F,0))} -> #VALUE! | AU44: {=INDEX('label approval artwork'!B:B,MATCH(G44,'label approval artwork'!F:F,0))} -> #VALUE! | AX44: MasterCartonLabel_10 pack_TMO | AY44: T-Mobile Pallet Label-> BTO(EDI) T-Mobile Pallet Label-> BTS(Normal case)
A45: 37 | B45: CLNR | C45: CLNR | D45: builk pack | E45: G950-15986-02 | G45: CLNRGA10293 | H45: US - Tmobile | I45: G710-07813-00 | J45: mmWave | K45: CLR2 | L45: WHT | M45: Porcelain | N45: US | O45: G4QUR | P45: UTM | Q45: 840353936782 | R45: 840353936782 | T45: 128GB | U45: TMO | V45: 35 575145 | W45: 35 575145 020000 | X45: 35 575145 319999 | Y45: 04:00:6E:C8:EB:92 64:9D:38:00:00:32 B0:D5:FB:BE:BF:50 30:E0:44:48:18:42 | Z45: 04:00:6E:CA:FE:D1 64:9D:38:02:80:D1 B0:D5:FB:C6:60:6F 30:E0:44:4F:B9:61 | AA45: Pixel 10 Pro, Porcelain, 128GB, TMO, US, FRU | AB45: Yes | AC45: NO | AD45: NO | AE45: NO | AF45: 30ct | AG45: NO | AH45: NO | AI45: NO | AJ45: NO | AK45: NO | AL45: NO | AM45: NO | AN45: NO | AO45: BZ5-MP-ENG-ROW | AP45: BD3A.250721.001.E1 | AR45: MP1.0 | AS45: Android 16 | AT45: {=INDEX('label approval artwork'!A:A,MATCH(G45,'label approval artwork'!F:F,0))} -> #VALUE! | AU45: {=INDEX('label approval artwork'!B:B,MATCH(G45,'label approval artwork'!F:F,0))} -> #VALUE! | AX45: MasterCartonLabel_10 pack_TMO | AY45: T-Mobile Pallet Label-> BTO(EDI) T-Mobile Pallet Label-> BTS(Normal case)
A46: 38 | B46: CLNR | C46: CLNR | D46: builk pack | E46: G950-15986-03 | G46: CLNRGA10294 | H46: US - Tmobile | I46: G710-07813-00 | J46: mmWave | K46: CLR3 | L46: GRY | M46: Moonstone | N46: US | O46: G4QUR | P46: UTM | Q46: 840353936843 | R46: 840353936843 | T46: 128GB | U46: TMO | V46: 35 575145 | W46: 35 575145 020000 | X46: 35 575145 319999 | Y46: 04:00:6E:C8:EB:92 64:9D:38:00:00:32 B0:D5:FB:BE:BF:50 30:E0:44:48:18:42 | Z46: 04:00:6E:CA:FE:D1 64:9D:38:02:80:D1 B0:D5:FB:C6:60:6F 30:E0:44:4F:B9:61 | AA46: Pixel 10 Pro, Moonstone, 128GB, TMO, US, FRU | AB46: Yes | AC46: NO | AD46: NO | AE46: NO | AF46: 30ct | AG46: NO | AH46: NO | AI46: NO | AJ46: NO | AK46: NO | AL46: NO | AM46: NO | AN46: NO | AO46: BZ5-MP-ENG-ROW | AP46: BD3A.250721.001.E1 | AR46: MP1.0 | AS46: Android 16 | AT46: {=INDEX('label approval artwork'!A:A,MATCH(G46,'label approval artwork'!F:F,0))} -> #VALUE! | AU46: {=INDEX('label approval artwork'!B:B,MATCH(G46,'label approval artwork'!F:F,0))} -> #VALUE! | AX46: MasterCartonLabel_10 pack_TMO | AY46: T-Mobile Pallet Label-> BTO(EDI) T-Mobile Pallet Label-> BTS(Normal case)
A47: 39 | B47: CLNR | C47: CLNR | D47: builk pack | E47: G950-18289-01 | G47: CLNRGA09898 | H47: US - Tmobile | I47: G710-07813-10 | J47: mmWave | K47: CLR1 | L47: BLK | M47: Obsidian | N47: US | O47: G4QUR | P47: UTM | Q47: 840353936997 | R47: 840353936997 | T47: 256GB | U47: TMO | V47: 35 575145 | W47: 35 575145 020000 | X47: 35 575145 319999 | Y47: 04:00:6E:C8:EB:92 64:9D:38:00:00:32 B0:D5:FB:BE:BF:50 30:E0:44:48:18:42 | Z47: 04:00:6E:CA:FE:D1 64:9D:38:02:80:D1 B0:D5:FB:C6:60:6F 30:E0:44:4F:B9:61 | AA47: Pixel 10 Pro, Obsidian, 256GB, TMO, US, FRU | AB47: Yes | AC47: NO | AD47: NO | AE47: NO | AF47: 30ct | AG47: NO | AH47: NO | AI47: NO | AJ47: NO | AK47: NO | AL47: NO | AM47: NO | AN47: NO | AO47: BZ5-MP-ENG-ROW | AP47: BD3A.250721.001.E1 | AR47: MP1.0 | AS47: Android 16 | AT47: {=INDEX('label approval artwork'!A:A,MATCH(G47,'label approval artwork'!F:F,0))} -> #VALUE! | AU47: {=INDEX('label approval artwork'!B:B,MATCH(G47,'label approval artwork'!F:F,0))} -> #VALUE! | AX47: MasterCartonLabel_10 pack_TMO | AY47: T-Mobile Pallet Label-> BTO(EDI) T-Mobile Pallet Label-> BTS(Normal case)
A48: 40 | B48: CLNR | C48: CLNR | D48: builk pack | E48: G950-18289-03 | G48: CLNRGA10296 | H48: US - Tmobile | I48: G710-07813-10 | J48: mmWave | K48: CLR3 | L48: GRY | M48: Moonstone | N48: US | O48: G4QUR | P48: UTM | Q48: 840353937017 | R48: 840353937017 | T48: 256GB | U48: TMO | V48: 35 575145 | W48: 35 575145 020000 | X48: 35 575145 319999 | Y48: 04:00:6E:C8:EB:92 64:9D:38:00:00:32 B0:D5:FB:BE:BF:50 30:E0:44:48:18:42 | Z48: 04:00:6E:CA:FE:D1 64:9D:38:02:80:D1 B0:D5:FB:C6:60:6F 30:E0:44:4F:B9:61 | AA48: Pixel 10 Pro, Moonstone, 256GB, TMO, US, FRU | AB48: Yes | AC48: NO | AD48: NO | AE48: NO | AF48: 30ct | AG48: NO | AH48: NO | AI48: NO | AJ48: NO | AK48: NO | AL48: NO | AM48: NO | AN48: NO | AO48: BZ5-MP-ENG-ROW | AR48: MP1.0 | AS48: Android 16 | AT48: {=INDEX('label approval artwork'!A:A,MATCH(G48,'label approval artwork'!F:F,0))} -> #VALUE! | AU48: {=INDEX('label approval artwork'!B:B,MATCH(G48,'label approval artwork'!F:F,0))} -> #VALUE! | AX48: MasterCartonLabel_10 pack_TMO | AY48: T-Mobile Pallet Label-> BTO(EDI) T-Mobile Pallet Label-> BTS(Normal case)
A49: 41 | B49: IQ | C49: IQ | D49: retail pack | E49: G950-15986-03 | G49: GA11018-US | H49: US - Tmobile | I49: G710-07813-00 | J49: mmWave | K49: CLR3 | L49: GRY | M49: Moonstone | N49: US | O49: G4QUR | P49: UTM | Q49: 840353948297 | R49: 840353948297 | T49: 128GB | U49: TMO | V49: 35 575145 | W49: 35 575145 020000 | X49: 35 575145 319999 | Y49: 04:00:6E:C8:EB:92 64:9D:38:00:00:32 B0:D5:FB:BE:BF:50 30:E0:44:48:18:42 | Z49: 04:00:6E:CA:FE:D1 64:9D:38:02:80:D1 B0:D5:FB:C6:60:6F 30:E0:44:4F:B9:61 | AA49: Pixel 10 Pro, Moonstone, 128GB, TMO, US, IQ | AB49: Yes | AC49: NO | AD49: NO | AE49: NO | AF49: 10ct | AG49: Yes | AH49: Yes | AI49: Yes | AJ49: Yes | AK49: Yes | AL49: NO | AM49: NO | AN49: NO | AO49: BZ5-MP-Colorbox | AP49: BD3A.250721.001.E1 | AR49: MP1.0 | AS49: Android 16 | AT49: G990-08499-31-B | AU49: {=INDEX('label approval artwork'!B:B,MATCH(G49,'label approval artwork'!F:F,0))} -> G990-09735-00-A | AX49: MasterCartonLabel_10 pack_TMO | AY49: T-Mobile Pallet Label-> BTO(EDI) T-Mobile Pallet Label-> BTS(Normal case) | AZ49: G952-05413-003AB
A50: 42 | B50: PVT/MP | C50: Pristine | D50: retail pack | E50: G950-15986-01 | G50: GA09887-US | H50: US GStore | I50: G710-07813-00 | J50: mmWave | K50: CLR1 | L50: BLK | M50: Obsidian | N50: 00 | O50: G4QUR | P50: UGS | R50: 840353925823 | T50: 128GB | U50: NA | V50: 35 718913 | W50: 35 718913 040000 35 718913 340000x | X50: 35 718913 339999 35 718913 639999x | Y50: 04:00:6E:C8:EB:92 64:9D:38:00:00:32 B0:D5:FB:BE:BF:50 30:E0:44:48:18:42 | Z50: 04:00:6E:CA:FE:D1 64:9D:38:02:80:D1 B0:D5:FB:C6:60:6F 30:E0:44:4F:B9:61 | AA50: Pixel 10 Pro, Obsidian, 128GB, GStore, US | AB50: Yes | AC50: NO | AD50: NO | AE50: NO | AF50: 10ct | AG50: Yes | AH50: Yes | AI50: Yes | AJ50: Yes | AK50: Yes | AL50: NO | AM50: NO | AN50: NO | AO50: BZ5-MP-Colorbox | AP50: BD3A.250721.001.E1 | AR50: MP1.0 | AS50: Android 16 | AT50: G990-08499-11-B | AU50: {=INDEX('label approval artwork'!B:B,MATCH(G50,'label approval artwork'!F:F,0))} -> G990-08493-00-A | AV50: N/A | AX50: ROW Master Carton Label (UPC) | AY50: Standard Pallet Label -> BTO(EDI) Standard Pallet Label -> BTS(Normal case)
A51: 43 | B51: PVT/MP | C51: Pristine | D51: retail pack | E51: G950-15986-02 | G51: GA10302-US | H51: US GStore | I51: G710-07813-00 | J51: mmWave | K51: CLR2 | L51: WHT | M51: Porcelain | N51: 00 | O51: G4QUR | P51: UGS | R51: 840353925830 | T51: 128GB | U51: NA | V51: 35 718913 | W51: 35 718913 040000 35 718913 340000x | X51: 35 718913 339999 35 718913 639999x | Y51: 04:00:6E:C8:EB:92 64:9D:38:00:00:32 B0:D5:FB:BE:BF:50 30:E0:44:48:18:42 | Z51: 04:00:6E:CA:FE:D1 64:9D:38:02:80:D1 B0:D5:FB:C6:60:6F 30:E0:44:4F:B9:61 | AA51: Pixel 10 Pro, Porcelain, 128GB, GStore, US | AB51: Yes | AC51: NO | AD51: NO | AE51: NO | AF51: 10ct | AG51: Yes | AH51: Yes | AI51: Yes | AJ51: Yes | AK51: Yes | AL51: NO | AM51: NO | AN51: NO | AO51: BZ5-MP-Colorbox | AP51: BD3A.250721.001.E1 | AR51: MP1.0 | AS51: Android 16 | AT51: G990-08499-21-B | AU51: {=INDEX('label approval artwork'!B:B,MATCH(G51,'label approval artwork'!F:F,0))} -> G990-08493-00-A | AV51: N/A | AX51: ROW Master Carton Label (UPC) | AY51: Standard Pallet Label -> BTO(EDI) Standard Pallet Label -> BTS(Normal case)
A52: 44 | B52: MP | C52: Pristine | D52: retail pack | E52: G950-15986-03 | G52: GA10303-US | H52: US GStore | I52: G710-07813-00 | J52: mmWave | K52: CLR3 | L52: GRY | M52: Moonstone | N52: 00 | O52: G4QUR | P52: UGS | R52: 840353925847 | T52: 128GB | U52: NA | V52: 35 718913 | W52: 35 718913 040000 35 718913 340000x | X52: 35 718913 339999 35 718913 639999x | Y52: 04:00:6E:C8:EB:92 64:9D:38:00:00:32 B0:D5:FB:BE:BF:50 30:E0:44:48:18:42 | Z52: 04:00:6E:CA:FE:D1 64:9D:38:02:80:D1 B0:D5:FB:C6:60:6F 30:E0:44:4F:B9:61 | AA52: Pixel 10 Pro, Moonstone, 128GB, GStore, US | AB52: Yes | AC52: NO | AD52: NO | AE52: NO | AF52: 10ct | AG52: Yes | AH52: Yes | AI52: Yes | AJ52: Yes | AK52: Yes | AL52: NO | AM52: NO | AN52: NO | AO52: BZ5-MP-Colorbox | AP52: BD3A.250721.001.E1 | AR52: MP1.0 | AS52: Android 16 | AT52: G990-08499-31-B | AU52: {=INDEX('label approval artwork'!B:B,MATCH(G52,'label approval artwork'!F:F,0))} -> G990-08493-00-A | AV52: N/A | AX52: ROW Master Carton Label (UPC) | AY52: Standard Pallet Label -> BTO(EDI) Standard Pallet Label -> BTS(Normal case)
A53: 45 | B53: MP | C53: Pristine | D53: retail pack | E53: G950-18289-01 | G53: GA09899-US | H53: US GStore | I53: G710-07813-10 | J53: mmWave | K53: CLR1 | L53: BLK | M53: Obsidian | N53: 00 | O53: G4QUR | P53: UGS | R53: 840353925854 | T53: 256GB | U53: NA | V53: 35 718913 | W53: 35 718913 040000 35 718913 340000x | X53: 35 718913 339999 35 718913 639999x | Y53: 04:00:6E:C8:EB:92 64:9D:38:00:00:32 B0:D5:FB:BE:BF:50 30:E0:44:48:18:42 | Z53: 04:00:6E:CA:FE:D1 64:9D:38:02:80:D1 B0:D5:FB:C6:60:6F 30:E0:44:4F:B9:61 | AA53: Pixel 10 Pro, Obsidian, 256GB, GStore, US | AB53: Yes | AC53: NO | AD53: NO | AE53: NO | AF53: 10ct | AG53: Yes | AH53: Yes | AI53: Yes | AJ53: Yes | AK53: Yes | AL53: NO | AM53: NO | AN53: NO | AO53: BZ5-MP-Colorbox | AP53: BD3A.250721.001.E1 | AR53: MP1.0 | AS53: Android 16 | AT53: G990-08499-12-B | AU53: {=INDEX('label approval artwork'!B:B,MATCH(G53,'label approval artwork'!F:F,0))} -> G990-08493-00-A | AV53: N/A | AX53: ROW Master Carton Label (UPC) | AY53: Standard Pallet Label -> BTO(EDI) Standard Pallet Label -> BTS(Normal case)
A54: 46 | B54: MP | C54: Pristine | D54: retail pack | E54: G950-18289-02 | G54: GA10304-US | H54: US GStore | I54: G710-07813-10 | J54: mmWave | K54: CLR2 | L54: WHT | M54: Porcelain | N54: 00 | O54: G4QUR | P54: UGS | R54: 840353925878 | T54: 256GB | U54: NA | V54: 35 718913 | W54: 35 718913 040000 35 718913 340000x | X54: 35 718913 339999 35 718913 639999x | Y54: 04:00:6E:C8:EB:92 64:9D:38:00:00:32 B0:D5:FB:BE:BF:50 30:E0:44:48:18:42 | Z54: 04:00:6E:CA:FE:D1 64:9D:38:02:80:D1 B0:D5:FB:C6:60:6F 30:E0:44:4F:B9:61 | AA54: Pixel 10 Pro, Porcelain, 256GB, GStore, US | AB54: Yes | AC54: NO | AD54: NO | AE54: NO | AF54: 10ct | AG54: Yes | AH54: Yes | AI54: Yes | AJ54: Yes | AK54: Yes | AL54: NO | AM54: NO | AN54: NO | AO54: BZ5-MP-Colorbox | AP54: BD3A.250721.001.E1 | AR54: MP1.0 | AS54: Android 16 | AT54: G990-08499-22-B | AU54: {=INDEX('label approval artwork'!B:B,MATCH(G54,'label approval artwork'!F:F,0))} -> G990-08493-00-A | AV54: N/A | AX54: ROW Master Carton Label (UPC) | AY54: Standard Pallet Label -> BTO(EDI) Standard Pallet Label -> BTS(Normal case)
A55: 47 | B55: PVT/MP | C55: Pristine | D55: retail pack | E55: G950-18289-03 | G55: GA10305-US | H55: US GStore | I55: G710-07813-10 | J55: mmWave | K55: CLR3 | L55: GRY | M55: Moonstone | N55: 00 | O55: G4QUR | P55: UGS | R55: 840353925861 | T55: 256GB | U55: NA | V55: 35 718913 | W55: 35 718913 040000 35 718913 340000x | X55: 35 718913 339999 35 718913 639999x | Y55: 04:00:6E:C8:EB:92 64:9D:38:00:00:32 B0:D5:FB:BE:BF:50 30:E0:44:48:18:42 | Z55: 04:00:6E:CA:FE:D1 64:9D:38:02:80:D1 B0:D5:FB:C6:60:6F 30:E0:44:4F:B9:61 | AA55: Pixel 10 Pro, Moonstone, 256GB, GStore, US | AB55: Yes | AC55: NO | AD55: NO | AE55: NO | AF55: 10ct | AG55: Yes | AH55: Yes | AI55: Yes | AJ55: Yes | AK55: Yes | AL55: NO | AM55: NO | AN55: NO | AO55: BZ5-MP-Colorbox | AP55: BD3A.250721.001.E1 | AR55: MP1.0 | AS55: Android 16 | AT55: G990-08499-32-B | AU55: {=INDEX('label approval artwork'!B:B,MATCH(G55,'label approval artwork'!F:F,0))} -> G990-08493-00-A | AV55: N/A | AX55: ROW Master Carton Label (UPC) | AY55: Standard Pallet Label -> BTO(EDI) Standard Pallet Label -> BTS(Normal case)
A56: 48 | B56: PVT/MP | C56: Pristine | D56: retail pack | E56: G950-18289-04 | G56: GA10306-US | H56: US GStore | I56: G710-07813-10 | J56: mmWave | K56: CLR4 | L56: GRN | M56: Jade | N56: 00 | O56: G4QUR | P56: UGS | R56: 840353925885 | T56: 256GB | U56: NA | V56: 35 718913 | W56: 35 718913 040000 35 718913 340000x | X56: 35 718913 339999 35 718913 639999x | Y56: 04:00:6E:C8:EB:92 64:9D:38:00:00:32 B0:D5:FB:BE:BF:50 30:E0:44:48:18:42 | Z56: 04:00:6E:CA:FE:D1 64:9D:38:02:80:D1 B0:D5:FB:C6:60:6F 30:E0:44:4F:B9:61 | AA56: Pixel 10 Pro, Jade, 256GB, GStore, US | AB56: Yes | AC56: NO | AD56: NO | AE56: NO | AF56: 10ct | AG56: Yes | AH56: Yes | AI56: Yes | AJ56: Yes | AK56: Yes | AL56: NO | AM56: NO | AN56: NO | AO56: BZ5-MP-Colorbox | AP56: BD3A.250721.001.E1 | AR56: MP1.0 | AS56: Android 16 | AT56: G990-08499-42-B | AU56: {=INDEX('label approval artwork'!B:B,MATCH(G56,'label approval artwork'!F:F,0))} -> G990-08493-00-A | AV56: N/A | AX56: ROW Master Carton Label (UPC) | AY56: Standard Pallet Label -> BTO(EDI) Standard Pallet Label -> BTS(Normal case)
A57: 49 | B57: PVT/MP | C57: Pristine | D57: retail pack | E57: G950-18291-01 | G57: GA09908-US | H57: US GStore | I57: G710-07813-20 | J57: mmWave | K57: CLR1 | L57: BLK | M57: Obsidian | N57: 00 | O57: G4QUR | P57: UGS | R57: 840353925892 | T57: 512GB | U57: NA | V57: 35 718913 | W57: 35 718913 040000 35 718913 340000x | X57: 35 718913 339999 35 718913 639999x | Y57: 04:00:6E:C8:EB:92 64:9D:38:00:00:32 B0:D5:FB:BE:BF:50 30:E0:44:48:18:42 | Z57: 04:00:6E:CA:FE:D1 64:9D:38:02:80:D1 B0:D5:FB:C6:60:6F 30:E0:44:4F:B9:61 | AA57: Pixel 10 Pro, Obsidian, 512GB, GStore, US | AB57: Yes | AC57: NO | AD57: NO | AE57: NO | AF57: 10ct | AG57: Yes | AH57: Yes | AI57: Yes | AJ57: Yes | AK57: Yes | AL57: NO | AM57: NO | AN57: NO | AO57: BZ5-MP-Colorbox | AP57: BD3A.250721.001.E1 | AR57: MP1.0 | AS57: Android 16 | AT57: G990-08499-13-B | AU57: {=INDEX('label approval artwork'!B:B,MATCH(G57,'label approval artwork'!F:F,0))} -> G990-08493-00-A | AV57: N/A | AX57: ROW Master Carton Label (UPC) | AY57: Standard Pallet Label -> BTO(EDI) Standard Pallet Label -> BTS(Normal case)
A58: 50 | B58: PVT/MP | C58: Pristine | D58: retail pack | E58: G950-18291-02 | G58: GA10307-US | H58: US GStore | I58: G710-07813-20 | J58: mmWave | K58: CLR2 | L58: WHT | M58: Porcelain | N58: 00 | O58: G4QUR | P58: UGS | R58: 840353925922 | T58: 512GB | U58: NA | V58: 35 718913 | W58: 35 718913 040000 35 718913 340000x | X58: 35 718913 339999 35 718913 639999x | Y58: 04:00:6E:C8:EB:92 64:9D:38:00:00:32 B0:D5:FB:BE:BF:50 30:E0:44:48:18:42 | Z58: 04:00:6E:CA:FE:D1 64:9D:38:02:80:D1 B0:D5:FB:C6:60:6F 30:E0:44:4F:B9:61 | AA58: Pixel 10 Pro, Porcelain, 512GB, GStore, US | AB58: Yes | AC58: NO | AD58: NO | AE58: NO | AF58: 10ct | AG58: Yes | AH58: Yes | AI58: Yes | AJ58: Yes | AK58: Yes | AL58: NO | AM58: NO | AN58: NO | AO58: BZ5-MP-Colorbox | AP58: BD3A.250721.001.E1 | AR58: MP1.0 | AS58: Android 16 | AT58: G990-08499-23-B | AU58: {=INDEX('label approval artwork'!B:B,MATCH(G58,'label approval artwork'!F:F,0))} -> G990-08493-00-A | AV58: N/A | AX58: ROW Master Carton Label (UPC) | AY58: Standard Pallet Label -> BTO(EDI) Standard Pallet Label -> BTS(Normal case)
A59: 51 | B59: MP | C59: Pristine | D59: retail pack | E59: G950-18291-03 | G59: GA10308-US | H59: US GStore | I59: G710-07813-20 | J59: mmWave | K59: CLR3 | L59: GRY | M59: Moonstone | N59: 00 | O59: G4QUR | P59: UGS | R59: 840353925908 | T59: 512GB | U59: NA | V59: 35 718913 | W59: 35 718913 040000 35 718913 340000x | X59: 35 718913 339999 35 718913 639999x | Y59: 04:00:6E:C8:EB:92 64:9D:38:00:00:32 B0:D5:FB:BE:BF:50 30:E0:44:48:18:42 | Z59: 04:00:6E:CA:FE:D1 64:9D:38:02:80:D1 B0:D5:FB:C6:60:6F 30:E0:44:4F:B9:61 | AA59: Pixel 10 Pro, Moonstone, 512GB, GStore, US | AB59: Yes | AC59: NO | AD59: NO | AE59: NO | AF59: 10ct | AG59: Yes | AH59: Yes | AI59: Yes | AJ59: Yes | AK59: Yes | AL59: NO | AM59: NO | AN59: NO | AO59: BZ5-MP-Colorbox | AP59: BD3A.250721.001.E1 | AR59: MP1.0 | AS59: Android 16 | AT59: G990-08499-33-B | AU59: {=INDEX('label approval artwork'!B:B,MATCH(G59,'label approval artwork'!F:F,0))} -> G990-08493-00-A | AV59: N/A | AX59: ROW Master Carton Label (UPC) | AY59: Standard Pallet Label -> BTO(EDI) Standard Pallet Label -> BTS(Normal case)
A60: 52 | B60: MP | C60: Pristine | D60: retail pack | E60: G950-18293-01 | G60: GA09933-US | H60: US GStore | I60: G710-07813-30 | J60: mmWave | K60: CLR1 | L60: BLK | M60: Obsidian | N60: 00 | O60: G4QUR | P60: UGS | R60: 840353925939 | T60: 1TB | U60: NA | V60: 35 718913 | W60: 35 718913 040000 35 718913 340000x | X60: 35 718913 339999 35 718913 639999x | Y60: 04:00:6E:C8:EB:92 64:9D:38:00:00:32 B0:D5:FB:BE:BF:50 30:E0:44:48:18:42 | Z60: 04:00:6E:CA:FE:D1 64:9D:38:02:80:D1 B0:D5:FB:C6:60:6F 30:E0:44:4F:B9:61 | AA60: Pixel 10 Pro, Obsidian, 1TB, GStore, US | AB60: Yes | AC60: NO | AD60: NO | AE60: NO | AF60: 10ct | AG60: Yes | AH60: Yes | AI60: Yes | AJ60: Yes | AK60: Yes | AL60: NO | AM60: NO | AN60: NO | AO60: BZ5-MP-Colorbox | AP60: BD3A.250721.001.E1 | AR60: MP1.0 | AS60: Android 16 | AT60: G990-08499-14-B | AU60: {=INDEX('label approval artwork'!B:B,MATCH(G60,'label approval artwork'!F:F,0))} -> G990-08493-00-A | AV60: N/A | AX60: ROW Master Carton Label (UPC) | AY60: Standard Pallet Label -> BTO(EDI) Standard Pallet Label -> BTS(Normal case)
A61: 53 | B61: PVT/MP | C61: Pristine | D61: retail pack | E61: G950-18290-01 | G61: GA09900-JP | H61: JP | I61: G710-07813-12 | J61: SUB6 | K61: CLR1 | L61: BLK | M61: Obsidian | N61: 00 | O61: GN4F5 | P61: AJP | R61: 840353925410 | T61: 256GB | U61: JP | V61: 35 223287 | W61: 35 223287 020000 | X61: 35 223287 319999 | Y61: 04:00:6E:C8:EB:92 64:9D:38:00:00:32 B0:D5:FB:BE:BF:50 30:E0:44:48:18:42 | Z61: 04:00:6E:CA:FE:D1 64:9D:38:02:80:D1 B0:D5:FB:C6:60:6F 30:E0:44:4F:B9:61 | AA61: Pixel 10 Pro, Obsidian, 256GB, JP | AB61: Yes | AC61: NO | AD61: NO | AE61: Yes | AF61: 10ct | AG61: Yes | AH61: Yes | AI61: Yes | AJ61: Yes | AK61: Yes | AL61: NO | AM61: NO | AN61: NO | AO61: BZ5-MP-Colorbox+LASERSIM | AP61: BD3A.250721.001.E1 | AR61: MP1.0 | AS61: Android 16 | AT61: {=INDEX('label approval artwork'!A:A,MATCH(G61,'label approval artwork'!F:F,0))} -> G990-08529-12-B | AU61: G990-08495-00-B | AV61: N/A | AX61: ROW Master Carton Label (UPC) | AY61: Standard Pallet Label -> BTO(EDI) Standard Pallet Label -> BTS(Normal case)
A62: 54 | B62: PVT/MP | C62: Pristine | D62: retail pack | E62: G950-18290-02 | G62: GA10314-JP | H62: JP | I62: G710-07813-12 | J62: SUB6 | K62: CLR2 | L62: WHT | M62: Porcelain | N62: 00 | O62: GN4F5 | P62: AJP | R62: 840353925489 | T62: 256GB | U62: JP | V62: 35 223287 | W62: 35 223287 020000 | X62: 35 223287 319999 | Y62: 04:00:6E:C8:EB:92 64:9D:38:00:00:32 B0:D5:FB:BE:BF:50 30:E0:44:48:18:42 | Z62: 04:00:6E:CA:FE:D1 64:9D:38:02:80:D1 B0:D5:FB:C6:60:6F 30:E0:44:4F:B9:61 | AA62: Pixel 10 Pro, Porcelain, 256GB, JP | AB62: Yes | AC62: NO | AD62: NO | AE62: Yes | AF62: 10ct | AG62: Yes | AH62: Yes | AI62: Yes | AJ62: Yes | AK62: Yes | AL62: NO | AM62: NO | AN62: NO | AO62: BZ5-MP-Colorbox+LASERSIM | AP62: BD3A.250721.001.E1 | AR62: MP1.0 | AS62: Android 16 | AT62: {=INDEX('label approval artwork'!A:A,MATCH(G62,'label approval artwork'!F:F,0))} -> G990-08529-22-B | AU62: G990-08495-00-B | AV62: N/A | AX62: ROW Master Carton Label (UPC) | AY62: Standard Pallet Label -> BTO(EDI) Standard Pallet Label -> BTS(Normal case)
A63: 55 | B63: PVT/MP | C63: Pristine | D63: retail pack | E63: G950-18290-03 | G63: GA10315-JP | H63: JP | I63: G710-07813-12 | J63: SUB6 | K63: CLR3 | L63: GRY | M63: Moonstone | N63: 00 | O63: GN4F5 | P63: AJP | R63: 840353925519 | T63: 256GB | U63: JP | V63: 35 223287 | W63: 35 223287 020000 | X63: 35 223287 319999 | Y63: 04:00:6E:C8:EB:92 64:9D:38:00:00:32 B0:D5:FB:BE:BF:50 30:E0:44:48:18:42 | Z63: 04:00:6E:CA:FE:D1 64:9D:38:02:80:D1 B0:D5:FB:C6:60:6F 30:E0:44:4F:B9:61 | AA63: Pixel 10 Pro, Moonstone, 256GB, JP | AB63: Yes | AC63: NO | AD63: NO | AE63: Yes | AF63: 10ct | AG63: Yes | AH63: Yes | AI63: Yes | AJ63: Yes | AK63: Yes | AL63: NO | AM63: NO | AN63: NO | AO63: BZ5-MP-Colorbox+LASERSIM | AP63: BD3A.250721.001.E1 | AR63: MP1.0 | AS63: Android 16 | AT63: {=INDEX('label approval artwork'!A:A,MATCH(G63,'label approval artwork'!F:F,0))} -> G990-08529-32-B | AU63: G990-08495-00-B | AV63: N/A | AX63: ROW Master Carton Label (UPC) | AY63: Standard Pallet Label -> BTO(EDI) Standard Pallet Label -> BTS(Normal case)
A64: 56 | B64: PVT/MP | C64: Pristine | D64: retail pack | E64: G950-18290-04 | G64: GA10316-JP | H64: JP | I64: G710-07813-12 | J64: SUB6 | K64: CLR4 | L64: GRN | M64: Jade | N64: 00 | O64: GN4F5 | P64: AJP | R64: 840353925465 | T64: 256GB | U64: JP | V64: 35 223287 | W64: 35 223287 020000 | X64: 35 223287 319999 | Y64: 04:00:6E:C8:EB:92 64:9D:38:00:00:32 B0:D5:FB:BE:BF:50 30:E0:44:48:18:42 | Z64: 04:00:6E:CA:FE:D1 64:9D:38:02:80:D1 B0:D5:FB:C6:60:6F 30:E0:44:4F:B9:61 | AA64: Pixel 10 Pro, Jade, 256GB, JP | AB64: Yes | AC64: NO | AD64: NO | AE64: Yes | AF64: 10ct | AG64: Yes | AH64: Yes | AI64: Yes | AJ64: Yes | AK64: Yes | AL64: NO | AM64: NO | AN64: NO | AO64: BZ5-MP-Colorbox+LASERSIM | AP64: BD3A.250721.001.E1 | AR64: MP1.0 | AS64: Android 16 | AT64: {=INDEX('label approval artwork'!A:A,MATCH(G64,'label approval artwork'!F:F,0))} -> G990-08529-42-B | AU64: G990-08495-00-B | AV64: N/A | AX64: ROW Master Carton Label (UPC) | AY64: Standard Pallet Label -> BTO(EDI) Standard Pallet Label -> BTS(Normal case)
A65: 57 | B65: MP | C65: Pristine | D65: retail pack | E65: G950-18292-01 | G65: GA09909-JP | H65: JP | I65: G710-07813-22 | J65: SUB6 | K65: CLR1 | L65: BLK | M65: Obsidian | N65: 00 | O65: GN4F5 | P65: AJP | R65: 840353925557 | T65: 512GB | U65: JP | V65: 35 223287 | W65: 35 223287 020000 | X65: 35 223287 319999 | Y65: 04:00:6E:C8:EB:92 64:9D:38:00:00:32 B0:D5:FB:BE:BF:50 30:E0:44:48:18:42 | Z65: 04:00:6E:CA:FE:D1 64:9D:38:02:80:D1 B0:D5:FB:C6:60:6F 30:E0:44:4F:B9:61 | AA65: Pixel 10 Pro, Obsidian, 512GB, JP | AB65: Yes | AC65: NO | AD65: NO | AE65: Yes | AF65: 10ct | AG65: Yes | AH65: Yes | AI65: Yes | AJ65: Yes | AK65: Yes | AL65: NO | AM65: NO | AN65: NO | AO65: BZ5-MP-Colorbox+LASERSIM | AP65: BD3A.250721.001.E1 | AR65: MP1.0 | AS65: Android 16 | AT65: {=INDEX('label approval artwork'!A:A,MATCH(G65,'label approval artwork'!F:F,0))} -> G990-08529-13-B | AU65: G990-08495-00-B | AV65: N/A | AX65: ROW Master Carton Label (UPC) | AY65: Standard Pallet Label -> BTO(EDI) Standard Pallet Label -> BTS(Normal case)
A66: 58 | B66: PVT/MP | C66: Pristine | D66: retail pack | E66: G950-15987-01 | G66: GA09601-CA | H66: CA/TW/SG/AU/MY/MX | I66: G710-07813-02 | J66: SUB6 | K66: CLR1 | L66: BLK | M66: Obsidian | N66: 00 | O66: GEHN3 | P66: NCA | R66: 840353925953 | T66: 128GB | U66: ROW | V66: 35 698855 | W66: 35 698855 040000 | X66: 35 698855 339999 | Y66: 04:00:6E:C8:EB:92 64:9D:38:00:00:32 B0:D5:FB:BE:BF:50 30:E0:44:48:18:42 | Z66: 04:00:6E:CA:FE:D1 64:9D:38:02:80:D1 B0:D5:FB:C6:60:6F 30:E0:44:4F:B9:61 | AA66: Pixel 10 Pro, Obsidian, 128GB, CA/TW/SG/AU/MY/MX | AB66: Yes | AC66: NO | AD66: NO | AE66: Yes | AF66: 10ct | AG66: Yes | AH66: Yes | AI66: Yes | AJ66: Yes | AK66: Yes | AL66: NO | AM66: NO | AN66: NO | AO66: BZ5-MP-Colorbox+LASERSIM | AP66: BD3A.250721.001.E1 | AR66: MP1.0 | AS66: Android 16 | AT66: G990-08528-11-C | AU66: {=INDEX('label approval artwork'!B:B,MATCH(G66,'label approval artwork'!F:F,0))} -> G990-08494-00-A | AV66: N/A | AX66: ROW Master Carton Label (UPC) | AY66: Standard Pallet Label -> BTO(EDI) Standard Pallet Label -> BTS(Normal case)
A67: 59 | B67: MP | C67: Pristine | D67: retail pack | E67: G950-15987-02 | G67: GA10312-CA | H67: CA/TW/SG/AU/MY/MX | I67: G710-07813-02 | J67: SUB6 | K67: CLR2 | L67: WHT | M67: Porcelain | N67: 00 | O67: GEHN3 | P67: NCA | R67: 840353926028 | T67: 128GB | U67: ROW | V67: 35 698855 | W67: 35 698855 040000 | X67: 35 698855 339999 | Y67: 04:00:6E:C8:EB:92 64:9D:38:00:00:32 B0:D5:FB:BE:BF:50 30:E0:44:48:18:42 | Z67: 04:00:6E:CA:FE:D1 64:9D:38:02:80:D1 B0:D5:FB:C6:60:6F 30:E0:44:4F:B9:61 | AA67: Pixel 10 Pro, Porcelain, 128GB, CA/TW/SG/AU/MY/MX | AB67: Yes | AC67: NO | AD67: NO | AE67: Yes | AF67: 10ct | AG67: Yes | AH67: Yes | AI67: Yes | AJ67: Yes | AK67: Yes | AL67: NO | AM67: NO | AN67: NO | AO67: BZ5-MP-Colorbox+LASERSIM | AP67: BD3A.250721.001.E1 | AR67: MP1.0 | AS67: Android 16 | AT67: G990-08528-21-C | AU67: {=INDEX('label approval artwork'!B:B,MATCH(G67,'label approval artwork'!F:F,0))} -> G990-08494-00-A | AV67: N/A | AX67: ROW Master Carton Label (UPC) | AY67: Standard Pallet Label -> BTO(EDI) Standard Pallet Label -> BTS(Normal case)
A68: 60 | B68: MP | C68: Pristine | D68: retail pack | E68: G950-15987-03 | G68: GA10313-CA | H68: CA/TW/SG/AU/MY/MX | I68: G710-07813-02 | J68: SUB6 | K68: CLR3 | L68: GRY | M68: Moonstone | N68: 00 | O68: GEHN3 | P68: NCA | R68: 840353925991 | T68: 128GB | U68: ROW | V68: 35 698855 | W68: 35 698855 040000 | X68: 35 698855 339999 | Y68: 04:00:6E:C8:EB:92 64:9D:38:00:00:32 B0:D5:FB:BE:BF:50 30:E0:44:48:18:42 | Z68: 04:00:6E:CA:FE:D1 64:9D:38:02:80:D1 B0:D5:FB:C6:60:6F 30:E0:44:4F:B9:61 | AA68: Pixel 10 Pro, Moonstone, 128GB, CA/TW/SG/AU/MY/MX | AB68: Yes | AC68: NO | AD68: NO | AE68: Yes | AF68: 10ct | AG68: Yes | AH68: Yes | AI68: Yes | AJ68: Yes | AK68: Yes | AL68: NO | AM68: NO | AN68: NO | AO68: BZ5-MP-Colorbox+LASERSIM | AP68: BD3A.250721.001.E1 | AR68: MP1.0 | AS68: Android 16 | AT68: G990-08528-31-C | AU68: {=INDEX('label approval artwork'!B:B,MATCH(G68,'label approval artwork'!F:F,0))} -> G990-08494-00-A | AV68: N/A | AX68: ROW Master Carton Label (UPC) | AY68: Standard Pallet Label -> BTO(EDI) Standard Pallet Label -> BTS(Normal case)
A69: 61 | B69: PVT/MP | C69: Pristine | D69: retail pack | E69: G950-18290-01 | G69: GA09900-CA | H69: CA/TW/SG/AU/MY/MX | I69: G710-07813-12 | J69: SUB6 | K69: CLR1 | L69: BLK | M69: Obsidian | N69: 00 | O69: GEHN3 | P69: NCA | R69: 840353925397 | T69: 256GB | U69: ROW | V69: 35 698855 | W69: 35 698855 040000 | X69: 35 698855 339999 | Y69: 04:00:6E:C8:EB:92 64:9D:38:00:00:32 B0:D5:FB:BE:BF:50 30:E0:44:48:18:42 | Z69: 04:00:6E:CA:FE:D1 64:9D:38:02:80:D1 B0:D5:FB:C6:60:6F 30:E0:44:4F:B9:61 | AA69: Pixel 10 Pro, Obsidian, 256GB, CA/TW/SG/AU/MY/MX | AB69: Yes | AC69: NO | AD69: NO | AE69: Yes | AF69: 10ct | AG69: Yes | AH69: Yes | AI69: Yes | AJ69: Yes | AK69: Yes | AL69: NO | AM69: NO | AN69: NO | AO69: BZ5-MP-Colorbox+LASERSIM | AP69: BD3A.250721.001.E1 | AR69: MP1.0 | AS69: Android 16 | AT69: G990-08528-12-C | AU69: {=INDEX('label approval artwork'!B:B,MATCH(G69,'label approval artwork'!F:F,0))} -> G990-08494-00-A | AV69: N/A | AX69: ROW Master Carton Label (UPC) | AY69: Standard Pallet Label -> BTO(EDI) Standard Pallet Label -> BTS(Normal case)
A70: 62 | B70: PVT/MP | C70: Pristine | D70: retail pack | E70: G950-18290-02 | G70: GA10314-CA | H70: CA/TW/SG/AU/MY/MX | I70: G710-07813-12 | J70: SUB6 | K70: CLR2 | L70: WHT | M70: Porcelain | N70: 00 | O70: GEHN3 | P70: NCA | R70: 840353925427 | T70: 256GB | U70: ROW | V70: 35 698855 | W70: 35 698855 040000 | X70: 35 698855 339999 | Y70: 04:00:6E:C8:EB:92 64:9D:38:00:00:32 B0:D5:FB:BE:BF:50 30:E0:44:48:18:42 | Z70: 04:00:6E:CA:FE:D1 64:9D:38:02:80:D1 B0:D5:FB:C6:60:6F 30:E0:44:4F:B9:61 | AA70: Pixel 10 Pro, Porcelain, 256GB, CA/TW/SG/AU/MY/MX | AB70: Yes | AC70: NO | AD70: NO | AE70: Yes | AF70: 10ct | AG70: Yes | AH70: Yes | AI70: Yes | AJ70: Yes | AK70: Yes | AL70: NO | AM70: NO | AN70: NO | AO70: BZ5-MP-Colorbox+LASERSIM | AP70: BD3A.250721.001.E1 | AR70: MP1.0 | AS70: Android 16 | AT70: G990-08528-22-C | AU70: {=INDEX('label approval artwork'!B:B,MATCH(G70,'label approval artwork'!F:F,0))} -> G990-08494-00-A | AV70: N/A | AX70: ROW Master Carton Label (UPC) | AY70: Standard Pallet Label -> BTO(EDI) Standard Pallet Label -> BTS(Normal case)
A71: 63 | B71: PVT/MP | C71: Pristine | D71: retail pack | E71: G950-18290-03 | G71: GA10315-CA | H71: CA/TW/SG/AU/MY/MX | I71: G710-07813-12 | J71: SUB6 | K71: CLR3 | L71: GRY | M71: Moonstone | N71: 00 | O71: GEHN3 | P71: NCA | R71: 840353925458 | T71: 256GB | U71: ROW | V71: 35 698855 | W71: 35 698855 040000 | X71: 35 698855 339999 | Y71: 04:00:6E:C8:EB:92 64:9D:38:00:00:32 B0:D5:FB:BE:BF:50 30:E0:44:48:18:42 | Z71: 04:00:6E:CA:FE:D1 64:9D:38:02:80:D1 B0:D5:FB:C6:60:6F 30:E0:44:4F:B9:61 | AA71: Pixel 10 Pro, Moonstone, 256GB, CA/TW/SG/AU/MY/MX | AB71: Yes | AC71: NO | AD71: NO | AE71: Yes | AF71: 10ct | AG71: Yes | AH71: Yes | AI71: Yes | AJ71: Yes | AK71: Yes | AL71: NO | AM71: NO | AN71: NO | AO71: BZ5-MP-Colorbox+LASERSIM | AP71: BD3A.250721.001.E1 | AR71: MP1.0 | AS71: Android 16 | AT71: G990-08528-32-C | AU71: {=INDEX('label approval artwork'!B:B,MATCH(G71,'label approval artwork'!F:F,0))} -> G990-08494-00-A | AV71: N/A | AX71: ROW Master Carton Label (UPC) | AY71: Standard Pallet Label -> BTO(EDI) Standard Pallet Label -> BTS(Normal case)
A72: 64 | B72: PVT/MP | C72: Pristine | D72: retail pack | E72: G950-18290-04 | G72: GA10316-CA | H72: CA/TW/SG/AU/MY/MX | I72: G710-07813-12 | J72: SUB6 | K72: CLR4 | L72: GRN | M72: Jade | N72: 00 | O72: GEHN3 | P72: NCA | R72: 840353925496 | T72: 256GB | U72: ROW | V72: 35 698855 | W72: 35 698855 040000 | X72: 35 698855 339999 | Y72: 04:00:6E:C8:EB:92 64:9D:38:00:00:32 B0:D5:FB:BE:BF:50 30:E0:44:48:18:42 | Z72: 04:00:6E:CA:FE:D1 64:9D:38:02:80:D1 B0:D5:FB:C6:60:6F 30:E0:44:4F:B9:61 | AA72: Pixel 10 Pro, Jade, 256GB, CA/TW/SG/AU/MY/MX | AB72: Yes | AC72: NO | AD72: NO | AE72: Yes | AF72: 10ct | AG72: Yes | AH72: Yes | AI72: Yes | AJ72: Yes | AK72: Yes | AL72: NO | AM72: NO | AN72: NO | AO72: BZ5-MP-Colorbox+LASERSIM | AP72: BD3A.250721.001.E1 | AR72: MP1.0 | AS72: Android 16 | AT72: G990-08528-42-C | AU72: {=INDEX('label approval artwork'!B:B,MATCH(G72,'label approval artwork'!F:F,0))} -> G990-08494-00-A | AV72: N/A | AX72: ROW Master Carton Label (UPC) | AY72: Standard Pallet Label -> BTO(EDI) Standard Pallet Label -> BTS(Normal case)
A73: 65 | B73: MP | C73: Pristine | D73: retail pack | E73: G950-18292-01 | G73: GA09909-CA | H73: CA/TW/SG/AU/MY/MX | I73: G710-07813-22 | J73: SUB6 | K73: CLR1 | L73: BLK | M73: Obsidian | N73: 00 | O73: GEHN3 | P73: NCA | R73: 840353925564 | T73: 512GB | U73: ROW | V73: 35 698855 | W73: 35 698855 040000 | X73: 35 698855 339999 | Y73: 04:00:6E:C8:EB:92 64:9D:38:00:00:32 B0:D5:FB:BE:BF:50 30:E0:44:48:18:42 | Z73: 04:00:6E:CA:FE:D1 64:9D:38:02:80:D1 B0:D5:FB:C6:60:6F 30:E0:44:4F:B9:61 | AA73: Pixel 10 Pro, Obsidian, 512GB, CA/TW/SG/AU/MY/MX | AB73: Yes | AC73: NO | AD73: NO | AE73: Yes | AF73: 10ct | AG73: Yes | AH73: Yes | AI73: Yes | AJ73: Yes | AK73: Yes | AL73: NO | AM73: NO | AN73: NO | AO73: BZ5-MP-Colorbox+LASERSIM | AP73: BD3A.250721.001.E1 | AR73: MP1.0 | AS73: Android 16 | AT73: G990-08528-13-C | AU73: {=INDEX('label approval artwork'!B:B,MATCH(G73,'label approval artwork'!F:F,0))} -> G990-08494-00-A | AV73: N/A | AX73: ROW Master Carton Label (UPC) | AY73: Standard Pallet Label -> BTO(EDI) Standard Pallet Label -> BTS(Normal case)
A74: 66 | B74: MP | C74: Pristine | D74: retail pack | E74: G950-18292-03 | G74: GA10318-CA | H74: CA/TW/SG/AU/MY/MX | I74: G710-07813-22 | J74: SUB6 | K74: CLR3 | L74: GRY | M74: Moonstone | N74: 00 | O74: GEHN3 | P74: NCA | R74: 840353925663 | T74: 512GB | U74: ROW | V74: 35 698855 | W74: 35 698855 040000 | X74: 35 698855 339999 | Y74: 04:00:6E:C8:EB:92 64:9D:38:00:00:32 B0:D5:FB:BE:BF:50 30:E0:44:48:18:42 | Z74: 04:00:6E:CA:FE:D1 64:9D:38:02:80:D1 B0:D5:FB:C6:60:6F 30:E0:44:4F:B9:61 | AA74: Pixel 10 Pro, Moonstone, 512GB, CA/TW/SG/AU/MY/MX | AB74: Yes | AC74: NO | AD74: NO | AE74: Yes | AF74: 10ct | AG74: Yes | AH74: Yes | AI74: Yes | AJ74: Yes | AK74: Yes | AL74: NO | AM74: NO | AN74: NO | AO74: BZ5-MP-Colorbox+LASERSIM | AP74: BD3A.250721.001.E1 | AR74: MP1.0 | AS74: Android 16 | AT74: G990-08528-33-C | AU74: {=INDEX('label approval artwork'!B:B,MATCH(G74,'label approval artwork'!F:F,0))} -> G990-08494-00-A | AV74: N/A | AX74: ROW Master Carton Label (UPC) | AY74: Standard Pallet Label -> BTO(EDI) Standard Pallet Label -> BTS(Normal case)
A75: 67 | B75: MP | C75: Pristine | D75: retail pack | E75: G950-18294-01 | G75: GA09934-CA | H75: CA/TW/SG/AU/MY/MX | I75: G710-07813-32 | J75: SUB6 | K75: CLR1 | L75: BLK | M75: Obsidian | N75: 00 | O75: GEHN3 | P75: NCA | R75: 840353925779 | T75: 1TB | U75: ROW | V75: 35 698855 | W75: 35 698855 040000 | X75: 35 698855 339999 | Y75: 04:00:6E:C8:EB:92 64:9D:38:00:00:32 B0:D5:FB:BE:BF:50 30:E0:44:48:18:42 | Z75: 04:00:6E:CA:FE:D1 64:9D:38:02:80:D1 B0:D5:FB:C6:60:6F 30:E0:44:4F:B9:61 | AA75: Pixel 10 Pro, Obsidian, 1TB, CA/TW/SG/AU/MY/MX | AB75: Yes | AC75: NO | AD75: NO | AE75: Yes | AF75: 10ct | AG75: Yes | AH75: Yes | AI75: Yes | AJ75: Yes | AK75: Yes | AL75: NO | AM75: NO | AN75: NO | AO75: BZ5-MP-Colorbox+LASERSIM | AP75: BD3A.250721.001.E1 | AR75: MP1.0 | AS75: Android 16 | AT75: G990-08528-14-C | AU75: {=INDEX('label approval artwork'!B:B,MATCH(G75,'label approval artwork'!F:F,0))} -> G990-08494-00-A | AV75: N/A | AX75: ROW Master Carton Label (UPC) | AY75: Standard Pallet Label -> BTO(EDI) Standard Pallet Label -> BTS(Normal case)
A76: 68 | B76: PVT/MP | C76: Pristine | D76: retail pack | E76: G950-15987-01 | F76: G950-15987-01-L | G76: GA09601-GB | H76: EU(GB, DE, IT, ES, IE, FR, NL, BE, AT, CH, PT, PL, CEE (RO, CZ, HU, SI, LV, LT, EE, FI), NO,SE,DK, SK) | I76: G710-07813-02 | J76: SUB6 | K76: CLR1 | L76: BLK | M76: Obsidian | N76: 00 | O76: GEHN3 | P76: EMA | S76: 0840353925977 | T76: 128GB | U76: ROW | V76: 35 698855 | W76: 35 698855 040000 | X76: 35 698855 339999 | Y76: 04:00:6E:C8:EB:92 64:9D:38:00:00:32 B0:D5:FB:BE:BF:50 30:E0:44:48:18:42 | Z76: 04:00:6E:CA:FE:D1 64:9D:38:02:80:D1 B0:D5:FB:C6:60:6F 30:E0:44:4F:B9:61 | AA76: Pixel 10 Pro, Obsidian, 128GB, EU/UK | AB76: Yes | AC76: Yes | AD76: NO | AE76: Yes | AF76: 10ct | AG76: Yes | AH76: Yes | AI76: Yes | AJ76: Yes | AK76: Yes | AL76: NO | AM76: NO | AN76: Yes | AO76: BZ5-MP-Colorbox+LASERSIM | AP76: BD3A.250721.001.E1 | AR76: MP1.0 | AS76: Android 16 | AT76: {=INDEX('label approval artwork'!A:A,MATCH(G76,'label approval artwork'!F:F,0))} -> G990-08531-11-B | AU76: {=INDEX('label approval artwork'!B:B,MATCH(G76,'label approval artwork'!F:F,0))} -> G990-08497-00-B | AV76: N/A | AX76: ROW Master Carton Label (EAN) | AY76: Standard Pallet Label -> BTO(EDI) Standard Pallet Label -> BTS(Normal case)
A77: 69 | B77: MP | C77: Pristine | D77: retail pack | E77: G950-15987-02 | F77: G950-15987-02-L | G77: GA10312-GB | H77: EU(GB, DE, IT, ES, IE, FR, NL, BE, AT, CH, PT, PL, CEE (RO, CZ, HU, SI, LV, LT, EE, FI), NO,SE,DK, SK) | I77: G710-07813-02 | J77: SUB6 | K77: CLR2 | L77: WHT | M77: Porcelain | N77: 00 | O77: GEHN3 | P77: EMA | S77: 0840353926011 | T77: 128GB | U77: ROW | V77: 35 698855 | W77: 35 698855 040000 | X77: 35 698855 339999 | Y77: 04:00:6E:C8:EB:92 64:9D:38:00:00:32 B0:D5:FB:BE:BF:50 30:E0:44:48:18:42 | Z77: 04:00:6E:CA:FE:D1 64:9D:38:02:80:D1 B0:D5:FB:C6:60:6F 30:E0:44:4F:B9:61 | AA77: Pixel 10 Pro, Porcelain, 128GB, EU/UK | AB77: Yes | AC77: Yes | AD77: NO | AE77: Yes | AF77: 10ct | AG77: Yes | AH77: Yes | AI77: Yes | AJ77: Yes | AK77: Yes | AL77: NO | AM77: NO | AN77: Yes | AO77: BZ5-MP-Colorbox+LASERSIM | AP77: BD3A.250721.001.E1 | AR77: MP1.0 | AS77: Android 16 | AT77: {=INDEX('label approval artwork'!A:A,MATCH(G77,'label approval artwork'!F:F,0))} -> G990-08531-21-B | AU77: {=INDEX('label approval artwork'!B:B,MATCH(G77,'label approval artwork'!F:F,0))} -> G990-08497-00-B | AV77: N/A | AX77: ROW Master Carton Label (EAN) | AY77: Standard Pallet Label -> BTO(EDI) Standard Pallet Label -> BTS(Normal case)
A78: 70 | B78: MP | C78: Pristine | D78: retail pack | E78: G950-15987-03 | F78: G950-15987-03-L | G78: GA10313-GB | H78: EU(GB, DE, IT, ES, IE, FR, NL, BE, AT, CH, PT, PL, CEE (RO, CZ, HU, SI, LV, LT, EE, FI), NO,SE,DK, SK) | I78: G710-07813-02 | J78: SUB6 | K78: CLR3 | L78: GRY | M78: Moonstone | N78: 00 | O78: GEHN3 | P78: EMA | S78: 0840353926035 | T78: 128GB | U78: ROW | V78: 35 698855 | W78: 35 698855 040000 | X78: 35 698855 339999 | Y78: 04:00:6E:C8:EB:92 64:9D:38:00:00:32 B0:D5:FB:BE:BF:50 30:E0:44:48:18:42 | Z78: 04:00:6E:CA:FE:D1 64:9D:38:02:80:D1 B0:D5:FB:C6:60:6F 30:E0:44:4F:B9:61 | AA78: Pixel 10 Pro, Moonstone, 128GB, EU/UK | AB78: Yes | AC78: Yes | AD78: NO | AE78: Yes | AF78: 10ct | AG78: Yes | AH78: Yes | AI78: Yes | AJ78: Yes | AK78: Yes | AL78: NO | AM78: NO | AN78: Yes | AO78: BZ5-MP-Colorbox+LASERSIM | AP78: BD3A.250721.001.E1 | AR78: MP1.0 | AS78: Android 16 | AT78: {=INDEX('label approval artwork'!A:A,MATCH(G78,'label approval artwork'!F:F,0))} -> G990-08531-31-B | AU78: {=INDEX('label approval artwork'!B:B,MATCH(G78,'label approval artwork'!F:F,0))} -> G990-08497-00-B | AV78: N/A | AX78: ROW Master Carton Label (EAN) | AY78: Standard Pallet Label -> BTO(EDI) Standard Pallet Label -> BTS(Normal case)
A79: 71 | B79: MP | C79: Pristine | D79: retail pack | E79: G950-18290-01 | F79: G950-18290-01-L | G79: GA09900-GB | H79: EU(GB, DE, IT, ES, IE, FR, NL, BE, AT, CH, PT, PL, CEE (RO, CZ, HU, SI, LV, LT, EE, FI), NO,SE,DK, SK) | I79: G710-07813-12 | J79: SUB6 | K79: CLR1 | L79: BLK | M79: Obsidian | N79: 00 | O79: GEHN3 | P79: EMA | S79: 0840353925380 | T79: 256GB | U79: ROW | V79: 35 698855 | W79: 35 698855 040000 | X79: 35 698855 339999 | Y79: 04:00:6E:C8:EB:92 64:9D:38:00:00:32 B0:D5:FB:BE:BF:50 30:E0:44:48:18:42 | Z79: 04:00:6E:CA:FE:D1 64:9D:38:02:80:D1 B0:D5:FB:C6:60:6F 30:E0:44:4F:B9:61 | AA79: Pixel 10 Pro, Obsidian, 256GB, EU/UK | AB79: Yes | AC79: Yes | AD79: NO | AE79: Yes | AF79: 10ct | AG79: Yes | AH79: Yes | AI79: Yes | AJ79: Yes | AK79: Yes | AL79: NO | AM79: NO | AN79: Yes | AO79: BZ5-MP-Colorbox+LASERSIM | AP79: BD3A.250721.001.E1 | AR79: MP1.0 | AS79: Android 16 | AT79: {=INDEX('label approval artwork'!A:A,MATCH(G79,'label approval artwork'!F:F,0))} -> G990-08531-12-B | AU79: {=INDEX('label approval artwork'!B:B,MATCH(G79,'label approval artwork'!F:F,0))} -> G990-08497-00-B | AV79: N/A | AX79: ROW Master Carton Label (EAN) | AY79: Standard Pallet Label -> BTO(EDI) Standard Pallet Label -> BTS(Normal case)
A80: 72 | B80: PVT/MP | C80: Pristine | D80: retail pack | E80: G950-18290-02 | F80: G950-18290-02-L | G80: GA10314-GB | H80: EU(GB, DE, IT, ES, IE, FR, NL, BE, AT, CH, PT, PL, CEE (RO, CZ, HU, SI, LV, LT, EE, FI), NO,SE,DK, SK) | I80: G710-07813-12 | J80: SUB6 | K80: CLR2 | L80: WHT | M80: Porcelain | N80: 00 | O80: GEHN3 | P80: EMA | S80: 0840353925533 | T80: 256GB | U80: ROW | V80: 35 698855 | W80: 35 698855 040000 | X80: 35 698855 339999 | Y80: 04:00:6E:C8:EB:92 64:9D:38:00:00:32 B0:D5:FB:BE:BF:50 30:E0:44:48:18:42 | Z80: 04:00:6E:CA:FE:D1 64:9D:38:02:80:D1 B0:D5:FB:C6:60:6F 30:E0:44:4F:B9:61 | AA80: Pixel 10 Pro, Porcelain, 256GB, EU/UK | AB80: Yes | AC80: Yes | AD80: NO | AE80: Yes | AF80: 10ct | AG80: Yes | AH80: Yes | AI80: Yes | AJ80: Yes | AK80: Yes | AL80: NO | AM80: NO | AN80: Yes | AO80: BZ5-MP-Colorbox+LASERSIM | AP80: BD3A.250721.001.E1 | AR80: MP1.0 | AS80: Android 16 | AT80: {=INDEX('label approval artwork'!A:A,MATCH(G80,'label approval artwork'!F:F,0))} -> G990-08531-22-B | AU80: {=INDEX('label approval artwork'!B:B,MATCH(G80,'label approval artwork'!F:F,0))} -> G990-08497-00-B | AV80: N/A | AX80: ROW Master Carton Label (EAN) | AY80: Standard Pallet Label -> BTO(EDI) Standard Pallet Label -> BTS(Normal case)
A81: 73 | B81: MP | C81: Pristine | D81: retail pack | E81: G950-18290-03 | F81: G950-18290-03-L | G81: GA10315-GB | H81: EU(GB, DE, IT, ES, IE, FR, NL, BE, AT, CH, PT, PL, CEE (RO, CZ, HU, SI, LV, LT, EE, FI), NO,SE,DK, SK) | I81: G710-07813-12 | J81: SUB6 | K81: CLR3 | L81: GRY | M81: Moonstone | N81: 00 | O81: GEHN3 | P81: EMA | S81: 0840353925441 | T81: 256GB | U81: ROW | V81: 35 698855 | W81: 35 698855 040000 | X81: 35 698855 339999 | Y81: 04:00:6E:C8:EB:92 64:9D:38:00:00:32 B0:D5:FB:BE:BF:50 30:E0:44:48:18:42 | Z81: 04:00:6E:CA:FE:D1 64:9D:38:02:80:D1 B0:D5:FB:C6:60:6F 30:E0:44:4F:B9:61 | AA81: Pixel 10 Pro, Moonstone, 256GB, EU/UK | AB81: Yes | AC81: Yes | AD81: NO | AE81: Yes | AF81: 10ct | AG81: Yes | AH81: Yes | AI81: Yes | AJ81: Yes | AK81: Yes | AL81: NO | AM81: NO | AN81: Yes | AO81: BZ5-MP-Colorbox+LASERSIM | AP81: BD3A.250721.001.E1 | AR81: MP1.0 | AS81: Android 16 | AT81: {=INDEX('label approval artwork'!A:A,MATCH(G81,'label approval artwork'!F:F,0))} -> G990-08531-32-B | AU81: {=INDEX('label approval artwork'!B:B,MATCH(G81,'label approval artwork'!F:F,0))} -> G990-08497-00-B | AV81: N/A | AX81: ROW Master Carton Label (EAN) | AY81: Standard Pallet Label -> BTO(EDI) Standard Pallet Label -> BTS(Normal case)
A82: 74 | B82: MP | C82: Pristine | D82: retail pack | E82: G950-18290-04 | F82: G950-18290-04-L | G82: GA10316-GB | H82: EU(GB, DE, IT, ES, IE, FR, NL, BE, AT, CH, PT, PL, CEE (RO, CZ, HU, SI, LV, LT, EE, FI), NO,SE,DK, SK) | I82: G710-07813-12 | J82: SUB6 | K82: CLR4 | L82: GRN | M82: Jade | N82: 00 | O82: GEHN3 | P82: EMA | S82: 0840353925526 | T82: 256GB | U82: ROW | V82: 35 698855 | W82: 35 698855 040000 | X82: 35 698855 339999 | Y82: 04:00:6E:C8:EB:92 64:9D:38:00:00:32 B0:D5:FB:BE:BF:50 30:E0:44:48:18:42 | Z82: 04:00:6E:CA:FE:D1 64:9D:38:02:80:D1 B0:D5:FB:C6:60:6F 30:E0:44:4F:B9:61 | AA82: Pixel 10 Pro, Jade, 256GB, EU/UK | AB82: Yes | AC82: Yes | AD82: NO | AE82: Yes | AF82: 10ct | AG82: Yes | AH82: Yes | AI82: Yes | AJ82: Yes | AK82: Yes | AL82: NO | AM82: NO | AN82: Yes | AO82: BZ5-MP-Colorbox+LASERSIM | AP82: BD3A.250721.001.E1 | AR82: MP1.0 | AS82: Android 16 | AT82: {=INDEX('label approval artwork'!A:A,MATCH(G82,'label approval artwork'!F:F,0))} -> G990-08531-42-B | AU82: {=INDEX('label approval artwork'!B:B,MATCH(G82,'label approval artwork'!F:F,0))} -> G990-08497-00-B | AV82: N/A | AX82: ROW Master Carton Label (EAN) | AY82: Standard Pallet Label -> BTO(EDI) Standard Pallet Label -> BTS(Normal case)
A83: 75 | B83: MP | C83: Pristine | D83: retail pack | E83: G950-18292-01 | F83: G950-18292-01-L | G83: GA09909-GB | H83: EU(GB, DE, IT, ES, IE, FR, NL, BE, AT, CH, PT, PL, CEE (RO, CZ, HU, SI, LV, LT, EE, FI), NO,SE,DK, SK) | I83: G710-07813-22 | J83: SUB6 | K83: CLR1 | L83: BLK | M83: Obsidian | N83: 00 | O83: GEHN3 | P83: EMA | S83: 0840353925540 | T83: 512GB | U83: ROW | V83: 35 698855 | W83: 35 698855 040000 | X83: 35 698855 339999 | Y83: 04:00:6E:C8:EB:92 64:9D:38:00:00:32 B0:D5:FB:BE:BF:50 30:E0:44:48:18:42 | Z83: 04:00:6E:CA:FE:D1 64:9D:38:02:80:D1 B0:D5:FB:C6:60:6F 30:E0:44:4F:B9:61 | AA83: Pixel 10 Pro, Obsidian, 512GB, EU/UK | AB83: Yes | AC83: Yes | AD83: NO | AE83: Yes | AF83: 10ct | AG83: Yes | AH83: Yes | AI83: Yes | AJ83: Yes | AK83: Yes | AL83: NO | AM83: NO | AN83: Yes | AO83: BZ5-MP-Colorbox+LASERSIM | AP83: BD3A.250721.001.E1 | AR83: MP1.0 | AS83: Android 16 | AT83: {=INDEX('label approval artwork'!A:A,MATCH(G83,'label approval artwork'!F:F,0))} -> G990-08531-13-B | AU83: {=INDEX('label approval artwork'!B:B,MATCH(G83,'label approval artwork'!F:F,0))} -> G990-08497-00-B | AV83: N/A | AX83: ROW Master Carton Label (EAN) | AY83: Standard Pallet Label -> BTO(EDI) Standard Pallet Label -> BTS(Normal case)
A84: 76 | B84: MP | C84: Pristine | D84: retail pack | E84: G950-18292-02 | F84: G950-18292-02-L | G84: GA10317-GB | H84: EU(GB, DE, IT, ES, IE, FR, NL, BE, AT, CH, PT, PL, CEE (RO, CZ, HU, SI, LV, LT, EE, FI), NO,SE,DK, SK) | I84: G710-07813-22 | J84: SUB6 | K84: CLR2 | L84: WHT | M84: Porcelain | N84: 00 | O84: GEHN3 | P84: EMA | S84: 0840353925670 | T84: 512GB | U84: ROW | V84: 35 698855 | W84: 35 698855 040000 | X84: 35 698855 339999 | Y84: 04:00:6E:C8:EB:92 64:9D:38:00:00:32 B0:D5:FB:BE:BF:50 30:E0:44:48:18:42 | Z84: 04:00:6E:CA:FE:D1 64:9D:38:02:80:D1 B0:D5:FB:C6:60:6F 30:E0:44:4F:B9:61 | AA84: Pixel 10 Pro, Porcelain, 512GB, EU/UK | AB84: Yes | AC84: Yes | AD84: NO | AE84: Yes | AF84: 10ct | AG84: Yes | AH84: Yes | AI84: Yes | AJ84: Yes | AK84: Yes | AL84: NO | AM84: NO | AN84: Yes | AO84: BZ5-MP-Colorbox+LASERSIM | AP84: BD3A.250721.001.E1 | AR84: MP1.0 | AS84: Android 16 | AT84: {=INDEX('label approval artwork'!A:A,MATCH(G84,'label approval artwork'!F:F,0))} -> G990-08531-23-B | AU84: {=INDEX('label approval artwork'!B:B,MATCH(G84,'label approval artwork'!F:F,0))} -> G990-08497-00-B | AV84: N/A | AX84: ROW Master Carton Label (EAN) | AY84: Standard Pallet Label -> BTO(EDI) Standard Pallet Label -> BTS(Normal case)
A85: 77 | B85: PVT/MP | C85: Pristine | D85: retail pack | E85: G950-18292-03 | F85: G950-18292-03-L | G85: GA10318-GB | H85: EU(GB, DE, IT, ES, IE, FR, NL, BE, AT, CH, PT, PL, CEE (RO, CZ, HU, SI, LV, LT, EE, FI), NO,SE,DK, SK) | I85: G710-07813-22 | J85: SUB6 | K85: CLR3 | L85: GRY | M85: Moonstone | N85: 00 | O85: GEHN3 | P85: EMA | S85: 0840353925694 | T85: 512GB | U85: ROW | V85: 35 698855 | W85: 35 698855 040000 | X85: 35 698855 339999 | Y85: 04:00:6E:C8:EB:92 64:9D:38:00:00:32 B0:D5:FB:BE:BF:50 30:E0:44:48:18:42 | Z85: 04:00:6E:CA:FE:D1 64:9D:38:02:80:D1 B0:D5:FB:C6:60:6F 30:E0:44:4F:B9:61 | AA85: Pixel 10 Pro, Moonstone, 512GB, EU/UK | AB85: Yes | AC85: Yes | AD85: NO | AE85: Yes | AF85: 10ct | AG85: Yes | AH85: Yes | AI85: Yes | AJ85: Yes | AK85: Yes | AL85: NO | AM85: NO | AN85: Yes | AO85: BZ5-MP-Colorbox+LASERSIM | AP85: BD3A.250721.001.E1 | AR85: MP1.0 | AS85: Android 16 | AT85: {=INDEX('label approval artwork'!A:A,MATCH(G85,'label approval artwork'!F:F,0))} -> G990-08531-33-B | AU85: {=INDEX('label approval artwork'!B:B,MATCH(G85,'label approval artwork'!F:F,0))} -> G990-08497-00-B | AV85: N/A | AX85: ROW Master Carton Label (EAN) | AY85: Standard Pallet Label -> BTO(EDI) Standard Pallet Label -> BTS(Normal case)
A86: 78 | B86: MP | C86: Pristine | D86: retail pack | E86: G950-18294-01 | F86: G950-18294-01-L | G86: GA09934-GB | H86: EU(GB, DE, IT, ES, IE, FR, NL, BE, AT, CH, PT, PL, CEE (RO, CZ, HU, SI, LV, LT, EE, FI), NO,SE,DK, SK) | I86: G710-07813-32 | J86: SUB6 | K86: CLR1 | L86: BLK | M86: Obsidian | N86: 00 | O86: GEHN3 | P86: EMA | S86: 0840353925755 | T86: 1TB | U86: ROW | V86: 35 698855 | W86: 35 698855 040000 | X86: 35 698855 339999 | Y86: 04:00:6E:C8:EB:92 64:9D:38:00:00:32 B0:D5:FB:BE:BF:50 30:E0:44:48:18:42 | Z86: 04:00:6E:CA:FE:D1 64:9D:38:02:80:D1 B0:D5:FB:C6:60:6F 30:E0:44:4F:B9:61 | AA86: Pixel 10 Pro, Obsidian, 1TB, EU/UK | AB86: Yes | AC86: Yes | AD86: NO | AE86: Yes | AF86: 10ct | AG86: Yes | AH86: Yes | AI86: Yes | AJ86: Yes | AK86: Yes | AL86: NO | AM86: NO | AN86: Yes | AO86: BZ5-MP-Colorbox+LASERSIM | AP86: BD3A.250721.001.E1 | AR86: MP1.0 | AS86: Android 16 | AT86: {=INDEX('label approval artwork'!A:A,MATCH(G86,'label approval artwork'!F:F,0))} -> G990-08531-14-B | AU86: {=INDEX('label approval artwork'!B:B,MATCH(G86,'label approval artwork'!F:F,0))} -> G990-08497-00-B | AV86: N/A | AX86: ROW Master Carton Label (EAN) | AY86: Standard Pallet Label -> BTO(EDI) Standard Pallet Label -> BTS(Normal case)
A87: 79 | B87: MP | C87: Pristine | D87: retail pack | E87: G950-18290-01 | F87: G950-18290-01-I | G87: GA09900-IN | H87: IN | I87: G710-07813-12 | J87: SUB6 | K87: CLR1 | L87: BLK | M87: Obsidian | N87: 00 | O87: GEHN3 | P87: NCA | R87: 840353925403 | T87: 256GB | U87: ROW | V87: 35 698855 | W87: 35 698855 040000 | X87: 35 698855 339999 | Y87: 04:00:6E:C8:EB:92 64:9D:38:00:00:32 B0:D5:FB:BE:BF:50 30:E0:44:48:18:42 | Z87: 04:00:6E:CA:FE:D1 64:9D:38:02:80:D1 B0:D5:FB:C6:60:6F 30:E0:44:4F:B9:61 | AA87: Pixel 10 Pro, Obsidian, 256GB, IN | AB87: Yes | AC87: NO | AD87: Yes | AE87: Yes | AF87: 10ct | AG87: Yes | AH87: Yes | AI87: Yes | AJ87: Yes | AK87: Yes | AL87: Yes | AM87: NO | AN87: NO | AO87: BZ5-MP-Colorbox+LASERSIM | AP87: BD3A.250721.001.E1 | AR87: MP1.0 | AS87: Android 16 | AT87: {=INDEX('label approval artwork'!A:A,MATCH(G87,'label approval artwork'!F:F,0))} -> G990-08530-12-B | AU87: G990-08495-00-B | AV87: G952-05415-04-A | AW87: ₹109,999 | AX87: IN Master Carton Label (VN factory used) | AY87: Standard Pallet Label -> BTO(EDI) Standard Pallet Label -> BTS(Normal case)
A88: 80 | B88: MP | C88: Pristine | D88: retail pack | E88: G950-18290-02 | F88: G950-18290-02-I | G88: GA10314-IN | H88: IN | I88: G710-07813-12 | J88: SUB6 | K88: CLR2 | L88: WHT | M88: Porcelain | N88: 00 | O88: GEHN3 | P88: NCA | R88: 840353925502 | T88: 256GB | U88: ROW | V88: 35 698855 | W88: 35 698855 040000 | X88: 35 698855 339999 | Y88: 04:00:6E:C8:EB:92 64:9D:38:00:00:32 B0:D5:FB:BE:BF:50 30:E0:44:48:18:42 | Z88: 04:00:6E:CA:FE:D1 64:9D:38:02:80:D1 B0:D5:FB:C6:60:6F 30:E0:44:4F:B9:61 | AA88: Pixel 10 Pro, Porcelain, 256GB, IN | AB88: Yes | AC88: NO | AD88: Yes | AE88: Yes | AF88: 10ct | AG88: Yes | AH88: Yes | AI88: Yes | AJ88: Yes | AK88: Yes | AL88: Yes | AM88: NO | AN88: NO | AO88: BZ5-MP-Colorbox+LASERSIM | AP88: BD3A.250721.001.E1 | AR88: MP1.0 | AS88: Android 16 | AT88: {=INDEX('label approval artwork'!A:A,MATCH(G88,'label approval artwork'!F:F,0))} -> G990-08530-22-B | AU88: G990-08495-00-B | AV88: G952-05415-04-A | AW88: ₹109,999 | AX88: IN Master Carton Label (VN factory used) | AY88: Standard Pallet Label -> BTO(EDI) Standard Pallet Label -> BTS(Normal case)
A89: 81 | B89: PVT/MP | C89: Pristine | D89: retail pack | E89: G950-18290-03 | F89: G950-18290-03-I | G89: GA10315-IN | H89: IN | I89: G710-07813-12 | J89: SUB6 | K89: CLR3 | L89: GRY | M89: Moonstone | N89: 00 | O89: GEHN3 | P89: NCA | R89: 840353925434 | T89: 256GB | U89: ROW | V89: 35 698855 | W89: 35 698855 040000 | X89: 35 698855 339999 | Y89: 04:00:6E:C8:EB:92 64:9D:38:00:00:32 B0:D5:FB:BE:BF:50 30:E0:44:48:18:42 | Z89: 04:00:6E:CA:FE:D1 64:9D:38:02:80:D1 B0:D5:FB:C6:60:6F 30:E0:44:4F:B9:61 | AA89: Pixel 10 Pro, Moonstone, 256GB, IN | AB89: Yes | AC89: NO | AD89: Yes | AE89: Yes | AF89: 10ct | AG89: Yes | AH89: Yes | AI89: Yes | AJ89: Yes | AK89: Yes | AL89: Yes | AM89: NO | AN89: NO | AO89: BZ5-MP-Colorbox+LASERSIM | AP89: BD3A.250721.001.E1 | AR89: MP1.0 | AS89: Android 16 | AT89: {=INDEX('label approval artwork'!A:A,MATCH(G89,'label approval artwork'!F:F,0))} -> G990-08530-32-B | AU89: G990-08495-00-B | AV89: G952-05415-04-A | AW89: ₹109,999 | AX89: IN Master Carton Label (VN factory used) | AY89: Standard Pallet Label -> BTO(EDI) Standard Pallet Label -> BTS(Normal case)
A90: 82 | B90: PVT/MP | C90: Pristine | D90: retail pack | E90: G950-18290-04 | F90: G950-18290-04-I | G90: GA10316-IN | H90: IN | I90: G710-07813-12 | J90: SUB6 | K90: CLR4 | L90: GRN | M90: Jade | N90: 00 | O90: GEHN3 | P90: NCA | R90: 840353925472 | T90: 256GB | U90: ROW | V90: 35 698855 | W90: 35 698855 040000 | X90: 35 698855 339999 | Y90: 04:00:6E:C8:EB:92 64:9D:38:00:00:32 B0:D5:FB:BE:BF:50 30:E0:44:48:18:42 | Z90: 04:00:6E:CA:FE:D1 64:9D:38:02:80:D1 B0:D5:FB:C6:60:6F 30:E0:44:4F:B9:61 | AA90: Pixel 10 Pro, Jade, 256GB, IN | AB90: Yes | AC90: NO | AD90: Yes | AE90: Yes | AF90: 10ct | AG90: Yes | AH90: Yes | AI90: Yes | AJ90: Yes | AK90: Yes | AL90: Yes | AM90: NO | AN90: NO | AO90: BZ5-MP-Colorbox+LASERSIM | AP90: BD3A.250721.001.E1 | AR90: MP1.0 | AS90: Android 16 | AT90: {=INDEX('label approval artwork'!A:A,MATCH(G90,'label approval artwork'!F:F,0))} -> G990-08530-42-B | AU90: G990-08495-00-B | AV90: G952-05415-04-A | AW90: ₹109,999 | AX90: IN Master Carton Label (VN factory used) | AY90: Standard Pallet Label -> BTO(EDI) Standard Pallet Label -> BTS(Normal case)
A91: 83 | B91: Press | C91: Press | D91: retail pack | E91: G950-15986-01 | G91: GA10796-US-N | H91: US GStore | I91: G710-07813-00 | J91: mmWave | K91: CLR1 | L91: BLK | M91: Obsidian | N91: 00 | O91: G4QUR | P91: UGS | R91: 840353937598 | T91: 128GB | U91: NA | V91: 35 718913 | W91: 35 718913 040000 35 718913 340000x | X91: 35 718913 339999 35 718913 639999x | Y91: 04:00:6E:C8:EB:92 64:9D:38:00:00:32 B0:D5:FB:BE:BF:50 30:E0:44:48:18:42 | Z91: 04:00:6E:CA:FE:D1 64:9D:38:02:80:D1 B0:D5:FB:C6:60:6F 30:E0:44:4F:B9:61 | AA91: Pixel 10 Pro, Obsidian, 128GB, GStore, US , Press | AB91: Yes | AC91: NO | AD91: NO | AE91: NO | AF91: 10ct | AG91: Yes | AH91: Yes | AI91: Yes | AJ91: Yes | AK91: Yes | AL91: NO | AM91: NO | AN91: NO | AO91: BZ5-MP-Colorbox | AP91: BD3A.250721.001.E1 | AR91: MP1.0 | AS91: Android 16 | AT91: {=INDEX('label approval artwork'!A:A,MATCH(G91,'label approval artwork'!F:F,0))} -> #VALUE! | AU91: {=INDEX('label approval artwork'!B:B,MATCH(G91,'label approval artwork'!F:F,0))} -> #VALUE! | AX91: ROW Master Carton Label (UPC) | AY91: Standard Pallet Label -> BTO(EDI) Standard Pallet Label -> BTS(Normal case)
A92: 84 | B92: Press | C92: Press | D92: retail pack | E92: G950-15986-02 | G92: GA10797-US-N | H92: US GStore | I92: G710-07813-00 | J92: mmWave | K92: CLR2 | L92: WHT | M92: Porcelain | N92: 00 | O92: G4QUR | P92: UGS | R92: 840353937635 | T92: 128GB | U92: NA | V92: 35 718913 | W92: 35 718913 040000 35 718913 340000x | X92: 35 718913 339999 35 718913 639999x | Y92: 04:00:6E:C8:EB:92 64:9D:38:00:00:32 B0:D5:FB:BE:BF:50 30:E0:44:48:18:42 | Z92: 04:00:6E:CA:FE:D1 64:9D:38:02:80:D1 B0:D5:FB:C6:60:6F 30:E0:44:4F:B9:61 | AA92: Pixel 10 Pro, Porcelain, 128GB, GStore, US , Press | AB92: Yes | AC92: NO | AD92: NO | AE92: NO | AF92: 10ct | AG92: Yes | AH92: Yes | AI92: Yes | AJ92: Yes | AK92: Yes | AL92: NO | AM92: NO | AN92: NO | AO92: BZ5-MP-Colorbox | AP92: BD3A.250721.001.E1 | AR92: MP1.0 | AS92: Android 16 | AT92: {=INDEX('label approval artwork'!A:A,MATCH(G92,'label approval artwork'!F:F,0))} -> #VALUE! | AU92: {=INDEX('label approval artwork'!B:B,MATCH(G92,'label approval artwork'!F:F,0))} -> #VALUE! | AX92: ROW Master Carton Label (UPC) | AY92: Standard Pallet Label -> BTO(EDI) Standard Pallet Label -> BTS(Normal case)
A93: 85 | B93: Press | C93: Press | D93: retail pack | E93: G950-15986-03 | G93: GA10798-US-N | H93: US GStore | I93: G710-07813-00 | J93: mmWave | K93: CLR3 | L93: GRY | M93: Moonstone | N93: 00 | O93: G4QUR | P93: UGS | R93: 840353937673 | T93: 128GB | U93: NA | V93: 35 718913 | W93: 35 718913 040000 35 718913 340000x | X93: 35 718913 339999 35 718913 639999x | Y93: 04:00:6E:C8:EB:92 64:9D:38:00:00:32 B0:D5:FB:BE:BF:50 30:E0:44:48:18:42 | Z93: 04:00:6E:CA:FE:D1 64:9D:38:02:80:D1 B0:D5:FB:C6:60:6F 30:E0:44:4F:B9:61 | AA93: Pixel 10 Pro, Moonstone, 128GB, GStore, US, Press | AB93: Yes | AC93: NO | AD93: NO | AE93: NO | AF93: 10ct | AG93: Yes | AH93: Yes | AI93: Yes | AJ93: Yes | AK93: Yes | AL93: NO | AM93: NO | AN93: NO | AO93: BZ5-MP-Colorbox | AP93: BD3A.250721.001.E1 | AR93: MP1.0 | AS93: Android 16 | AT93: {=INDEX('label approval artwork'!A:A,MATCH(G93,'label approval artwork'!F:F,0))} -> #VALUE! | AU93: {=INDEX('label approval artwork'!B:B,MATCH(G93,'label approval artwork'!F:F,0))} -> #VALUE! | AX93: ROW Master Carton Label (UPC) | AY93: Standard Pallet Label -> BTO(EDI) Standard Pallet Label -> BTS(Normal case)
A94: 86 | B94: Press | C94: Press | D94: retail pack | E94: G950-18289-04 | G94: GA10803-US-N | H94: US GStore | I94: G710-07813-10 | J94: mmWave | K94: CLR4 | L94: GRN | M94: Jade | N94: 00 | O94: G4QUR | P94: UGS | R94: 840353937871 | T94: 256GB | U94: NA | V94: 35 718913 | W94: 35 718913 040000 35 718913 340000x | X94: 35 718913 339999 35 718913 639999x | Y94: 04:00:6E:C8:EB:92 64:9D:38:00:00:32 B0:D5:FB:BE:BF:50 30:E0:44:48:18:42 | Z94: 04:00:6E:CA:FE:D1 64:9D:38:02:80:D1 B0:D5:FB:C6:60:6F 30:E0:44:4F:B9:61 | AA94: Pixel 10 Pro, Jade, 256GB, GStore, US, Press | AB94: Yes | AC94: NO | AD94: NO | AE94: NO | AF94: 10ct | AG94: Yes | AH94: Yes | AI94: Yes | AJ94: Yes | AK94: Yes | AL94: NO | AM94: NO | AN94: NO | AO94: BZ5-MP-Colorbox | AP94: BD3A.250721.001.E1 | AR94: MP1.0 | AS94: Android 16 | AT94: {=INDEX('label approval artwork'!A:A,MATCH(G94,'label approval artwork'!F:F,0))} -> #VALUE! | AU94: {=INDEX('label approval artwork'!B:B,MATCH(G94,'label approval artwork'!F:F,0))} -> #VALUE! | AX94: ROW Master Carton Label (UPC) | AY94: Standard Pallet Label -> BTO(EDI) Standard Pallet Label -> BTS(Normal case)
A95: 87 | B95: Press | C95: Press | D95: retail pack | E95: G950-18290-01 | G95: GA10796-JP-N | H95: JP | I95: G710-07813-12 | J95: SUB6 | K95: CLR1 | L95: BLK | M95: Obsidian | N95: 00 | O95: GN4F5 | P95: AJP | R95: 840353937604 | T95: 256GB | U95: JP | V95: 35 223287 | W95: 35 223287 020000 | X95: 35 223287 319999 | Y95: 04:00:6E:C8:EB:92 64:9D:38:00:00:32 B0:D5:FB:BE:BF:50 30:E0:44:48:18:42 | Z95: 04:00:6E:CA:FE:D1 64:9D:38:02:80:D1 B0:D5:FB:C6:60:6F 30:E0:44:4F:B9:61 | AA95: Pixel 10 Pro, Obsidian, 256GB, JP, Press | AB95: Yes | AC95: NO | AD95: NO | AE95: Yes | AF95: 10ct | AG95: Yes | AH95: Yes | AI95: Yes | AJ95: Yes | AK95: Yes | AL95: NO | AM95: NO | AN95: NO | AO95: BZ5-MP-Colorbox+LASERSIM | AP95: BD3A.250721.001.E1 | AR95: MP1.0 | AS95: Android 16 | AT95: {=INDEX('label approval artwork'!A:A,MATCH(G95,'label approval artwork'!F:F,0))} -> #VALUE! | AU95: G990-08495-00-B | AX95: ROW Master Carton Label (UPC) | AY95: Standard Pallet Label -> BTO(EDI) Standard Pallet Label -> BTS(Normal case)
A96: 88 | B96: Press | C96: Press | D96: retail pack | E96: G950-18290-02 | G96: GA10797-JP-N | H96: JP | I96: G710-07813-12 | J96: SUB6 | K96: CLR2 | L96: WHT | M96: Porcelain | N96: 00 | O96: GN4F5 | P96: AJP | R96: 840353937642 | T96: 256GB | U96: JP | V96: 35 223287 | W96: 35 223287 020000 | X96: 35 223287 319999 | Y96: 04:00:6E:C8:EB:92 64:9D:38:00:00:32 B0:D5:FB:BE:BF:50 30:E0:44:48:18:42 | Z96: 04:00:6E:CA:FE:D1 64:9D:38:02:80:D1 B0:D5:FB:C6:60:6F 30:E0:44:4F:B9:61 | AA96: Pixel 10 Pro, Porcelain, 256GB, JP, Press | AB96: Yes | AC96: NO | AD96: NO | AE96: Yes | AF96: 10ct | AG96: Yes | AH96: Yes | AI96: Yes | AJ96: Yes | AK96: Yes | AL96: NO | AM96: NO | AN96: NO | AO96: BZ5-MP-Colorbox+LASERSIM | AP96: BD3A.250721.001.E1 | AR96: MP1.0 | AS96: Android 16 | AT96: {=INDEX('label approval artwork'!A:A,MATCH(G96,'label approval artwork'!F:F,0))} -> #VALUE! | AU96: G990-08495-00-B | AX96: ROW Master Carton Label (UPC) | AY96: Standard Pallet Label -> BTO(EDI) Standard Pallet Label -> BTS(Normal case)
A97: 89 | B97: Press | C97: Press | D97: retail pack | E97: G950-18290-03 | G97: GA10798-JP-N | H97: JP | I97: G710-07813-12 | J97: SUB6 | K97: CLR3 | L97: GRY | M97: Moonstone | N97: 00 | O97: GN4F5 | P97: AJP | R97: 840353937680 | T97: 256GB | U97: JP | V97: 35 223287 | W97: 35 223287 020000 | X97: 35 223287 319999 | Y97: 04:00:6E:C8:EB:92 64:9D:38:00:00:32 B0:D5:FB:BE:BF:50 30:E0:44:48:18:42 | Z97: 04:00:6E:CA:FE:D1 64:9D:38:02:80:D1 B0:D5:FB:C6:60:6F 30:E0:44:4F:B9:61 | AA97: Pixel 10 Pro, Moonstone, 256GB, JP, Press | AB97: Yes | AC97: NO | AD97: NO | AE97: Yes | AF97: 10ct | AG97: Yes | AH97: Yes | AI97: Yes | AJ97: Yes | AK97: Yes | AL97: NO | AM97: NO | AN97: NO | AO97: BZ5-MP-Colorbox+LASERSIM | AP97: BD3A.250721.001.E1 | AR97: MP1.0 | AS97: Android 16 | AT97: {=INDEX('label approval artwork'!A:A,MATCH(G97,'label approval artwork'!F:F,0))} -> #VALUE! | AU97: G990-08495-00-B | AX97: ROW Master Carton Label (UPC) | AY97: Standard Pallet Label -> BTO(EDI) Standard Pallet Label -> BTS(Normal case)
A98: 90 | B98: Press | C98: Press | D98: retail pack | E98: G950-18290-04 | G98: GA10803-JP-N | H98: JP | I98: G710-07813-12 | J98: SUB6 | K98: CLR4 | L98: GRN | M98: Jade | N98: 00 | O98: GN4F5 | P98: AJP | R98: 840353937888 | T98: 256GB | U98: JP | V98: 35 223287 | W98: 35 223287 020000 | X98: 35 223287 319999 | Y98: 04:00:6E:C8:EB:92 64:9D:38:00:00:32 B0:D5:FB:BE:BF:50 30:E0:44:48:18:42 | Z98: 04:00:6E:CA:FE:D1 64:9D:38:02:80:D1 B0:D5:FB:C6:60:6F 30:E0:44:4F:B9:61 | AA98: Pixel 10 Pro, Jade, 256GB, JP, Press | AB98: Yes | AC98: NO | AD98: NO | AE98: Yes | AF98: 10ct | AG98: Yes | AH98: Yes | AI98: Yes | AJ98: Yes | AK98: Yes | AL98: NO | AM98: NO | AN98: NO | AO98: BZ5-MP-Colorbox+LASERSIM | AP98: BD3A.250721.001.E1 | AR98: MP1.0 | AS98: Android 16 | AT98: {=INDEX('label approval artwork'!A:A,MATCH(G98,'label approval artwork'!F:F,0))} -> #VALUE! | AU98: G990-08495-00-B | AX98: ROW Master Carton Label (UPC) | AY98: Standard Pallet Label -> BTO(EDI) Standard Pallet Label -> BTS(Normal case)
A99: 91 | B99: Press | C99: Press | D99: retail pack | E99: G950-15987-01 | G99: GA10796-CA-N | H99: CA/TW/SG/AU/MY/MX | I99: G710-07813-02 | J99: SUB6 | K99: CLR1 | L99: BLK | M99: Obsidian | N99: 00 | O99: GEHN3 | P99: NCA | R99: 840353937611 | T99: 128GB | U99: ROW | V99: 35 698855 | W99: 35 698855 040000 | X99: 35 698855 339999 | Y99: 04:00:6E:C8:EB:92 64:9D:38:00:00:32 B0:D5:FB:BE:BF:50 30:E0:44:48:18:42 | Z99: 04:00:6E:CA:FE:D1 64:9D:38:02:80:D1 B0:D5:FB:C6:60:6F 30:E0:44:4F:B9:61 | AA99: Pixel 10 Pro, Obsidian, 128GB, CA/TW/SG/AU/MY/MX, Press | AB99: Yes | AC99: NO | AD99: NO | AE99: Yes | AF99: 10ct | AG99: Yes | AH99: Yes | AI99: Yes | AJ99: Yes | AK99: Yes | AL99: NO | AM99: NO | AN99: NO | AO99: BZ5-MP-Colorbox+LASERSIM | AP99: BD3A.250721.001.E1 | AR99: MP1.0 | AS99: Android 16 | AT99: {=INDEX('label approval artwork'!A:A,MATCH(G99,'label approval artwork'!F:F,0))} -> #VALUE! | AU99: {=INDEX('label approval artwork'!B:B,MATCH(G99,'label approval artwork'!F:F,0))} -> #VALUE! | AX99: ROW Master Carton Label (UPC) | AY99: Standard Pallet Label -> BTO(EDI) Standard Pallet Label -> BTS(Normal case)
A100: 92 | B100: Press | C100: Press | D100: retail pack | E100: G950-15987-02 | G100: GA10797-CA-N | H100: CA/TW/SG/AU/MY/MX | I100: G710-07813-02 | J100: SUB6 | K100: CLR2 | L100: WHT | M100: Porcelain | N100: 00 | O100: GEHN3 | P100: NCA | R100: 840353937659 | T100: 128GB | U100: ROW | V100: 35 698855 | W100: 35 698855 040000 | X100: 35 698855 339999 | Y100: 04:00:6E:C8:EB:92 64:9D:38:00:00:32 B0:D5:FB:BE:BF:50 30:E0:44:48:18:42 | Z100: 04:00:6E:CA:FE:D1 64:9D:38:02:80:D1 B0:D5:FB:C6:60:6F 30:E0:44:4F:B9:61 | AA100: Pixel 10 Pro, Porcelain, 128GB, CA/TW/SG/AU/MY/MX, Press | AB100: Yes | AC100: NO | AD100: NO | AE100: Yes | AF100: 10ct | AG100: Yes | AH100: Yes | AI100: Yes | AJ100: Yes | AK100: Yes | AL100: NO | AM100: NO | AN100: NO | AO100: BZ5-MP-Colorbox+LASERSIM | AP100: BD3A.250721.001.E1 | AR100: MP1.0 | AS100: Android 16 | AT100: {=INDEX('label approval artwork'!A:A,MATCH(G100,'label approval artwork'!F:F,0))} -> #VALUE! | AU100: {=INDEX('label approval artwork'!B:B,MATCH(G100,'label approval artwork'!F:F,0))} -> #VALUE! | AX100: ROW Master Carton Label (UPC) | AY100: Standard Pallet Label -> BTO(EDI) Standard Pallet Label -> BTS(Normal case)
A101: 93 | B101: Press | C101: Press | D101: retail pack | E101: G950-15987-03 | G101: GA10798-CA-N | H101: CA/TW/SG/AU/MY/MX | I101: G710-07813-02 | J101: SUB6 | K101: CLR3 | L101: GRY | M101: Moonstone | N101: 00 | O101: GEHN3 | P101: NCA | R101: 840353937697 | T101: 128GB | U101: ROW | V101: 35 698855 | W101: 35 698855 040000 | X101: 35 698855 339999 | Y101: 04:00:6E:C8:EB:92 64:9D:38:00:00:32 B0:D5:FB:BE:BF:50 30:E0:44:48:18:42 | Z101: 04:00:6E:CA:FE:D1 64:9D:38:02:80:D1 B0:D5:FB:C6:60:6F 30:E0:44:4F:B9:61 | AA101: Pixel 10 Pro, Moonstone, 128GB, CA/TW/SG/AU/MY/MX, Press | AB101: Yes | AC101: NO | AD101: NO | AE101: Yes | AF101: 10ct | AG101: Yes | AH101: Yes | AI101: Yes | AJ101: Yes | AK101: Yes | AL101: NO | AM101: NO | AN101: NO | AO101: BZ5-MP-Colorbox+LASERSIM | AP101: BD3A.250721.001.E1 | AR101: MP1.0 | AS101: Android 16 | AT101: {=INDEX('label approval artwork'!A:A,MATCH(G101,'label approval artwork'!F:F,0))} -> #VALUE! | AU101: {=INDEX('label approval artwork'!B:B,MATCH(G101,'label approval artwork'!F:F,0))} -> #VALUE! | AX101: ROW Master Carton Label (UPC) | AY101: Standard Pallet Label -> BTO(EDI) Standard Pallet Label -> BTS(Normal case)
...

Sheet label approval artwork
A2: MP BOB ARTWORK | B2: MP Retail Artwork | C2: =IFERROR(__xludf.DUMMYFUNCTION("IMPORTRANGE(""https://docs.google.com/spreadsheets/d/15lzIx3irnFzzB1FWzssnBG7N0TKQQGt1hWrVTnBNvgM/edit?gid=1763328259#gid=1763328259"",""P-68 Master Approval(for All SKU not include ATT/VZNTMO)!A4:AZ200"")"),"Item") -> Item | D2: =IFERROR(__xludf.DUMMYFUNCTION("""COMPUTED_VALUE"""),"Stage") -> Stage | E2: =IFERROR(__xludf.DUMMYFUNCTION("""COMPUTED_VALUE"""),"Purpose") -> Purpose | F2: =IFERROR(__xludf.DUMMYFUNCTION("""COMPUTED_VALUE"""),"Sale SKU") -> Sale SKU | G2: =IFERROR(__xludf.DUMMYFUNCTION("""COMPUTED_VALUE"""),"Model# 產品型號#") -> Model# 產品型號# | H2: =IFERROR(__xludf.DUMMYFUNCTION("""COMPUTED_VALUE"""),"UPC CODE-12") -> UPC CODE-12 | I2: =IFERROR(__xludf.DUMMYFUNCTION("""COMPUTED_VALUE"""),"EAN CODE-13") -> EAN CODE-13 | J2: =IFERROR(__xludf.DUMMYFUNCTION("""COMPUTED_VALUE"""),"SAP/SKU ID for Retail label") -> SAP/SKU ID for Retail label | K2: =IFERROR(__xludf.DUMMYFUNCTION("""COMPUTED_VALUE"""),"Master Carton Label GPN & Rev") -> Master Carton Label GPN & Rev | L2: =IFERROR(__xludf.DUMMYFUNCTION("""COMPUTED_VALUE"""),"Pallet Label GPN & Rev") -> Pallet Label GPN & Rev | M2: =IFERROR(__xludf.DUMMYFUNCTION("""COMPUTED_VALUE"""),"BOB Artwork GPN & Rev") -> BOB Artwork GPN & Rev | N2: =IFERROR(__xludf.DUMMYFUNCTION("""COMPUTED_VALUE"""),"IN MRP Label") -> IN MRP Label | O2: =IFERROR(__xludf.DUMMYFUNCTION("""COMPUTED_VALUE"""),"Retail Artwork GPN & Rev") -> Retail Artwork GPN & Rev | P2: =IFERROR(__xludf.DUMMYFUNCTION("""COMPUTED_VALUE"""),"Revison") -> Revison | Q2: =IFERROR(__xludf.DUMMYFUNCTION("""COMPUTED_VALUE"""),"Memory ") -> Memory | R2: =IFERROR(__xludf.DUMMYFUNCTION("""COMPUTED_VALUE"""),"Color Name from sleeve template use") -> Color Name from sleeve template use | S2: =IFERROR(__xludf.DUMMYFUNCTION("""COMPUTED_VALUE"""),"Color ID from Znext") -> Color ID from Znext | T2: =IFERROR(__xludf.DUMMYFUNCTION("""COMPUTED_VALUE"""),"SKU") -> SKU | U2: =IFERROR(__xludf.DUMMYFUNCTION("""COMPUTED_VALUE"""),"Description") -> Description | V2: =IFERROR(__xludf.DUMMYFUNCTION("""COMPUTED_VALUE"""),"Real Description") -> Real Description | W2: =IFERROR(__xludf.DUMMYFUNCTION("""COMPUTED_VALUE"""),"P-65 Inform NPI OPM if no 65 days buffer") -> P-65 Inform NPI OPM if no 65 days buffer | X2: =IFERROR(__xludf.DUMMYFUNCTION("""COMPUTED_VALUE"""),"Day P Ok2pack") -> Day P Ok2pack | Y2: =IFERROR(__xludf.DUMMYFUNCTION("""COMPUTED_VALUE"""),"Day P-50 EPM release RevA Date (CM Receive from G +1 day)") -> Day P-50 EPM release RevA Date (CM Receive from G +1 day) | Z2: =IFERROR(__xludf.DUMMYFUNCTION("""COMPUTED_VALUE"""),"EPM Confirm done with ✅") -> EPM Confirm done with ✅ | AA2: =IFERROR(__xludf.DUMMYFUNCTION("""COMPUTED_VALUE"""),"Day P-50 PPO release RevA Date (CM Receive from G +1 day)") -> Day P-50 PPO release RevA Date (CM Receive from G +1 day) | AB2: =IFERROR(__xludf.DUMMYFUNCTION("""COMPUTED_VALUE"""),"PPO Confirm done with ✅") -> PPO Confirm done with ✅ | AC2: =IFERROR(__xludf.DUMMYFUNCTION("""COMPUTED_VALUE"""),"P-43 Template Mock-up") -> P-43 Template Mock-up | AD2: =IFERROR(__xludf.DUMMYFUNCTION("""COMPUTED_VALUE"""),"P-43 Packing PD/PE Buy-off") -> P-43 Packing PD/PE Buy-off | AE2: =IFERROR(__xludf.DUMMYFUNCTION("""COMPUTED_VALUE"""),"P-37 Retail Label Photo in Approval Format(+link)") -> P-37 Retail Label Photo in Approval Format(+link) | AF2: =IFERROR(__xludf.DUMMYFUNCTION("""COMPUTED_VALUE"""),"P-37 MRP Label Photo in Approval Format(+link)") -> P-37 MRP Label Photo in Approval Format(+link) | AG2: =IFERROR(__xludf.DUMMYFUNCTION("""COMPUTED_VALUE"""),"P-37 Carton/Pallet Label (SKU + link) ") -> P-37 Carton/Pallet Label (SKU + link) | AH2: =IFERROR(__xludf.DUMMYFUNCTION("""COMPUTED_VALUE"""),"P-37 BOB Sleeve (SKU + link)") -> P-37 BOB Sleeve (SKU + link) | AI2: =IFERROR(__xludf.DUMMYFUNCTION("""COMPUTED_VALUE"""),"P-36 QA Buy-off (PDF/SKU with link)") -> P-36 QA Buy-off (PDF/SKU with link) | AJ2: =IFERROR(__xludf.DUMMYFUNCTION("""COMPUTED_VALUE"""),"P-36 Date") -> P-36 Date | AK2: =IFERROR(__xludf.DUMMYFUNCTION("""COMPUTED_VALUE"""),"P-29 EPM soft Approval (RAP and BOB artwork)") -> P-29 EPM soft Approval (RAP and BOB artwork) | AL2: =IFERROR(__xludf.DUMMYFUNCTION("""COMPUTED_VALUE"""),"P-29 EPM soft approved ✅") -> P-29 EPM soft approved ✅ | AM2: =IFERROR(__xludf.DUMMYFUNCTION("""COMPUTED_VALUE"""),"P-30 EPM BOB POR (Rev A) Soft approved ✅") -> P-30 EPM BOB POR (Rev A) Soft approved ✅ | AN2: =IFERROR(__xludf.DUMMYFUNCTION("""COMPUTED_VALUE"""),"P-29 LSL soft approval (Carton & Pallet label)") -> P-29 LSL soft approval (Carton & Pallet label) | AO2: =IFERROR(__xludf.DUMMYFUNCTION("""COMPUTED_VALUE"""),"P-29 LSL soft approved ✅") -> P-29 LSL soft approved ✅ | AP2: =IFERROR(__xludf.DUMMYFUNCTION("""COMPUTED_VALUE"""),"P-26 Origin Logistic Physical Label needed?(Y/N)") -> P-26 Origin Logistic Physical Label needed?(Y/N) | AQ2: =IFERROR(__xludf.DUMMYFUNCTION("""COMPUTED_VALUE"""),"Origin Logistic Tracking #") -> Origin Logistic Tracking # | AR2: =IFERROR(__xludf.DUMMYFUNCTION("""COMPUTED_VALUE"""),"P-29 Label Approval ( DRI Name -QRcode Required)") -> P-29 Label Approval ( DRI Name -QRcode Required) | AS2: =IFERROR(__xludf.DUMMYFUNCTION("""COMPUTED_VALUE"""),"P-29 QRcode DRI approved ✅") -> P-29 QRcode DRI approved ✅ | AT2: =IFERROR(__xludf.DUMMYFUNCTION("""COMPUTED_VALUE"""),"P-29 QRcode Physical sample needed?(Y/N)") -> P-29 QRcode Physical sample needed?(Y/N) | AU2: =IFERROR(__xludf.DUMMYFUNCTION("""COMPUTED_VALUE"""),"QRcode DRI Tracking #") -> QRcode DRI Tracking # | AV2: =IFERROR(__xludf.DUMMYFUNCTION("""COMPUTED_VALUE"""),"P-29 Label Approval (PGM - Carrier info Required)") -> P-29 Label Approval (PGM - Carrier info Required) | AW2: =IFERROR(__xludf.DUMMYFUNCTION("""COMPUTED_VALUE"""),"P-29 PGM approved ✅") -> P-29 PGM approved ✅ | AX2: =IFERROR(__xludf.DUMMYFUNCTION("""COMPUTED_VALUE"""),"P-26 PGM Physical Label needed?(Y/N)") -> P-26 PGM Physical Label needed?(Y/N) | AY2: =IFERROR(__xludf.DUMMYFUNCTION("""COMPUTED_VALUE"""),"PGM Tracking #") -> PGM Tracking # | AZ2: =IFERROR(__xludf.DUMMYFUNCTION("""COMPUTED_VALUE"""),"P-3 Origin Logistic Hard copy approval") -> P-3 Origin Logistic Hard copy approval | BA2: =IFERROR(__xludf.DUMMYFUNCTION("""COMPUTED_VALUE"""),"P-3 Origin Logistic hard approved ✅") -> P-3 Origin Logistic hard approved ✅ | BB2: =IFERROR(__xludf.DUMMYFUNCTION("""COMPUTED_VALUE"""),"P-3 PGM Hard copy approval") -> P-3 PGM Hard copy approval
C3: =IFERROR(__xludf.DUMMYFUNCTION("""COMPUTED_VALUE"""),"Example") -> Example | D3: =IFERROR(__xludf.DUMMYFUNCTION("""COMPUTED_VALUE"""),"MP") -> MP | E3: =IFERROR(__xludf.DUMMYFUNCTION("""COMPUTED_VALUE"""),"Pristine") -> Pristine | F3: =IFERROR(__xludf.DUMMYFUNCTION("""COMPUTED_VALUE"""),"GA03523-US") -> GA03523-US | H3: =IFERROR(__xludf.DUMMYFUNCTION("""COMPUTED_VALUE"""),8.10029936316E11) -> 810029936316 | J3: =IFERROR(__xludf.DUMMYFUNCTION("""COMPUTED_VALUE"""),"no") -> no | K3: =IFERROR(__xludf.DUMMYFUNCTION("""COMPUTED_VALUE"""),"VZN Master Carton Label") -> VZN Master Carton Label | M3: =IFERROR(__xludf.DUMMYFUNCTION("""COMPUTED_VALUE"""),"VZN Pallet Label -> BTO(EDI) VZN Pallet Label -> BTS(Normal case) ") -> VZN Pallet Label -> BTO(EDI) VZN Pallet Label -> BTS(Normal case) | O3: =IFERROR(__xludf.DUMMYFUNCTION("""COMPUTED_VALUE"""),"G952-03249-00") -> G952-03249-00 | P3: =IFERROR(__xludf.DUMMYFUNCTION("""COMPUTED_VALUE"""),"A") -> A | Q3: =IFERROR(__xludf.DUMMYFUNCTION("""COMPUTED_VALUE"""),"128GB") -> 128GB | S3: =IFERROR(__xludf.DUMMYFUNCTION("""COMPUTED_VALUE"""),"Obsidian") -> Obsidian | T3: =IFERROR(__xludf.DUMMYFUNCTION("""COMPUTED_VALUE"""),"US-VZW") -> US-VZW | U3: =IFERROR(__xludf.DUMMYFUNCTION("""COMPUTED_VALUE"""),"Pixel 7, Obsidian, 128GB, VZW") -> Pixel 7, Obsidian, 128GB, VZW | W3: =IFERROR(__xludf.DUMMYFUNCTION("""COMPUTED_VALUE"""),"#NUM!") -> #NUM! | X3: =IFERROR(__xludf.DUMMYFUNCTION("""COMPUTED_VALUE"""),45291.0) -> 45291 | Y3: =IFERROR(__xludf.DUMMYFUNCTION("""COMPUTED_VALUE"""),45240.0) -> 45240 | Z3: =IFERROR(__xludf.DUMMYFUNCTION("""COMPUTED_VALUE"""),TRUE) -> TRUE | AA3: =IFERROR(__xludf.DUMMYFUNCTION("""COMPUTED_VALUE"""),45240.0) -> 45240 | AB3: =IFERROR(__xludf.DUMMYFUNCTION("""COMPUTED_VALUE"""),TRUE) -> TRUE | AC3: =IFERROR(__xludf.DUMMYFUNCTION("""COMPUTED_VALUE"""),45247.0) -> 45247 | AD3: =IFERROR(__xludf.DUMMYFUNCTION("""COMPUTED_VALUE"""),45247.0) -> 45247 | AE3: =IFERROR(__xludf.DUMMYFUNCTION("""COMPUTED_VALUE"""),"GA03523-US") -> GA03523-US | AG3: =IFERROR(__xludf.DUMMYFUNCTION("""COMPUTED_VALUE"""),"GA03523-US") -> GA03523-US | AI3: =IFERROR(__xludf.DUMMYFUNCTION("""COMPUTED_VALUE"""),"GA03523-US") -> GA03523-US | AJ3: =IFERROR(__xludf.DUMMYFUNCTION("""COMPUTED_VALUE"""),45253.0) -> 45253 | AK3: =IFERROR(__xludf.DUMMYFUNCTION("""COMPUTED_VALUE"""),45261.0) -> 45261 | AL3: =IFERROR(__xludf.DUMMYFUNCTION("""COMPUTED_VALUE"""),TRUE) -> TRUE | AN3: =IFERROR(__xludf.DUMMYFUNCTION("""COMPUTED_VALUE"""),45261.0) -> 45261 | AO3: =IFERROR(__xludf.DUMMYFUNCTION("""COMPUTED_VALUE"""),TRUE) -> TRUE | AP3: =IFERROR(__xludf.DUMMYFUNCTION("""COMPUTED_VALUE"""),"N") -> N | AQ3: =IFERROR(__xludf.DUMMYFUNCTION("""COMPUTED_VALUE"""),"-") -> - | AV3: =IFERROR(__xludf.DUMMYFUNCTION("""COMPUTED_VALUE"""),45261.0) -> 45261 | AX3: =IFERROR(__xludf.DUMMYFUNCTION("""COMPUTED_VALUE"""),"N") -> N | AZ3: =IFERROR(__xludf.DUMMYFUNCTION("""COMPUTED_VALUE"""),45287.0) -> 45287 | BA3: =IFERROR(__xludf.DUMMYFUNCTION("""COMPUTED_VALUE"""),TRUE) -> TRUE | BB3: =IFERROR(__xludf.DUMMYFUNCTION("""COMPUTED_VALUE"""),45287.0) -> 45287
C4: =IFERROR(__xludf.DUMMYFUNCTION("""COMPUTED_VALUE"""),"Example") -> Example | D4: =IFERROR(__xludf.DUMMYFUNCTION("""COMPUTED_VALUE"""),"MP") -> MP | E4: =IFERROR(__xludf.DUMMYFUNCTION("""COMPUTED_VALUE"""),"Pristine") -> Pristine | F4: =IFERROR(__xludf.DUMMYFUNCTION("""COMPUTED_VALUE"""),"GA03523-US") -> GA03523-US | H4: =IFERROR(__xludf.DUMMYFUNCTION("""COMPUTED_VALUE"""),8.10029936316E11) -> 810029936316 | J4: =IFERROR(__xludf.DUMMYFUNCTION("""COMPUTED_VALUE"""),"no") -> no | O4: =IFERROR(__xludf.DUMMYFUNCTION("""COMPUTED_VALUE"""),"G952-03249-00") -> G952-03249-00 | P4: =IFERROR(__xludf.DUMMYFUNCTION("""COMPUTED_VALUE"""),"A") -> A | Q4: =IFERROR(__xludf.DUMMYFUNCTION("""COMPUTED_VALUE"""),"128GB") -> 128GB | S4: =IFERROR(__xludf.DUMMYFUNCTION("""COMPUTED_VALUE"""),"Obsidian") -> Obsidian | T4: =IFERROR(__xludf.DUMMYFUNCTION("""COMPUTED_VALUE"""),"US-VZW") -> US-VZW | U4: =IFERROR(__xludf.DUMMYFUNCTION("""COMPUTED_VALUE"""),"Pixel 7, Obsidian, 128GB, VZW") -> Pixel 7, Obsidian, 128GB, VZW | W4: =IFERROR(__xludf.DUMMYFUNCTION("""COMPUTED_VALUE"""),"#NUM!") -> #NUM! | X4: =IFERROR(__xludf.DUMMYFUNCTION("""COMPUTED_VALUE"""),45239.0) -> 45239 | Y4: =IFERROR(__xludf.DUMMYFUNCTION("""COMPUTED_VALUE"""),45188.0) -> 45188 | Z4: =IFERROR(__xludf.DUMMYFUNCTION("""COMPUTED_VALUE"""),FALSE) -> FALSE | AA4: =IFERROR(__xludf.DUMMYFUNCTION("""COMPUTED_VALUE"""),45188.0) -> 45188 | AB4: =IFERROR(__xludf.DUMMYFUNCTION("""COMPUTED_VALUE"""),FALSE) -> FALSE | AC4: =IFERROR(__xludf.DUMMYFUNCTION("""COMPUTED_VALUE"""),45195.0) -> 45195 | AD4: =IFERROR(__xludf.DUMMYFUNCTION("""COMPUTED_VALUE"""),45195.0) -> 45195 | AE4: =IFERROR(__xludf.DUMMYFUNCTION("""COMPUTED_VALUE"""),"GA03523-US") -> GA03523-US | AG4: =IFERROR(__xludf.DUMMYFUNCTION("""COMPUTED_VALUE"""),"GA03523-US") -> GA03523-US | AJ4: =IFERROR(__xludf.DUMMYFUNCTION("""COMPUTED_VALUE"""),45201.0) -> 45201 | AK4: =IFERROR(__xludf.DUMMYFUNCTION("""COMPUTED_VALUE"""),45209.0) -> 45209 | AL4: =IFERROR(__xludf.DUMMYFUNCTION("""COMPUTED_VALUE"""),FALSE) -> FALSE | AN4: =IFERROR(__xludf.DUMMYFUNCTION("""COMPUTED_VALUE"""),45209.0) -> 45209 | AO4: =IFERROR(__xludf.DUMMYFUNCTION("""COMPUTED_VALUE"""),FALSE) -> FALSE | AP4: =IFERROR(__xludf.DUMMYFUNCTION("""COMPUTED_VALUE"""),"Y") -> Y | AV4: =IFERROR(__xludf.DUMMYFUNCTION("""COMPUTED_VALUE"""),45209.0) -> 45209 | AX4: =IFERROR(__xludf.DUMMYFUNCTION("""COMPUTED_VALUE"""),"Y") -> Y | AY4: =IFERROR(__xludf.DUMMYFUNCTION("""COMPUTED_VALUE"""),"-") -> - | AZ4: =IFERROR(__xludf.DUMMYFUNCTION("""COMPUTED_VALUE"""),45235.0) -> 45235 | BA4: =IFERROR(__xludf.DUMMYFUNCTION("""COMPUTED_VALUE"""),TRUE) -> TRUE | BB4: =IFERROR(__xludf.DUMMYFUNCTION("""COMPUTED_VALUE"""),45235.0) -> 45235
W5: =IFERROR(__xludf.DUMMYFUNCTION("""COMPUTED_VALUE"""),"#NUM!") -> #NUM! | Y5: =IFERROR(__xludf.DUMMYFUNCTION("""COMPUTED_VALUE"""),"#VALUE!") -> #VALUE! | Z5: =IFERROR(__xludf.DUMMYFUNCTION("""COMPUTED_VALUE"""),FALSE) -> FALSE | AA5: =IFERROR(__xludf.DUMMYFUNCTION("""COMPUTED_VALUE"""),"#VALUE!") -> #VALUE! | AB5: =IFERROR(__xludf.DUMMYFUNCTION("""COMPUTED_VALUE"""),FALSE) -> FALSE | AC5: =IFERROR(__xludf.DUMMYFUNCTION("""COMPUTED_VALUE"""),"#VALUE!") -> #VALUE! | AD5: =IFERROR(__xludf.DUMMYFUNCTION("""COMPUTED_VALUE"""),"#VALUE!") -> #VALUE! | AJ5: =IFERROR(__xludf.DUMMYFUNCTION("""COMPUTED_VALUE"""),"#VALUE!") -> #VALUE! | AK5: =IFERROR(__xludf.DUMMYFUNCTION("""COMPUTED_VALUE"""),"#VALUE!") -> #VALUE! | AL5: =IFERROR(__xludf.DUMMYFUNCTION("""COMPUTED_VALUE"""),FALSE) -> FALSE | AN5: =IFERROR(__xludf.DUMMYFUNCTION("""COMPUTED_VALUE"""),"#VALUE!") -> #VALUE! | AO5: =IFERROR(__xludf.DUMMYFUNCTION("""COMPUTED_VALUE"""),FALSE) -> FALSE | AV5: =IFERROR(__xludf.DUMMYFUNCTION("""COMPUTED_VALUE"""),"#VALUE!") -> #VALUE! | AZ5: =IFERROR(__xludf.DUMMYFUNCTION("""COMPUTED_VALUE"""),"#VALUE!") -> #VALUE! | BA5: =IFERROR(__xludf.DUMMYFUNCTION("""COMPUTED_VALUE"""),FALSE) -> FALSE | BB5: =IFERROR(__xludf.DUMMYFUNCTION("""COMPUTED_VALUE"""),"#VALUE!") -> #VALUE!
A6: =MID(M6, FIND(CHAR(10), M6) + 1, LEN(M6) - FIND(CHAR(10), M6)) -> G990-08499-11-A | B6: =MID(O6, FIND(CHAR(10), O6) + 1, LEN(O6) - FIND(CHAR(10), O6)) -> G990-08493-00-A | C6: =IFERROR(__xludf.DUMMYFUNCTION("""COMPUTED_VALUE"""),"GSTORE") -> GSTORE | D6: =IFERROR(__xludf.DUMMYFUNCTION("""COMPUTED_VALUE"""),"MP") -> MP | E6: =IFERROR(__xludf.DUMMYFUNCTION("""COMPUTED_VALUE"""),"Pristine") -> Pristine | F6: =IFERROR(__xludf.DUMMYFUNCTION("""COMPUTED_VALUE"""),"GA09887-US") -> GA09887-US | G6: =IFERROR(__xludf.DUMMYFUNCTION("""COMPUTED_VALUE"""),"G4QUR") -> G4QUR | H6: =IFERROR(__xludf.DUMMYFUNCTION("""COMPUTED_VALUE"""),8.40353925823E11) -> 840353925823 | I6: =IFERROR(__xludf.DUMMYFUNCTION("""COMPUTED_VALUE"""),"0840353925823") -> 0840353925823 | K6: =IFERROR(__xludf.DUMMYFUNCTION("""COMPUTED_VALUE"""),"ROW Master Carton Label (UPC)") -> ROW Master Carton Label (UPC) | L6: =IFERROR(__xludf.DUMMYFUNCTION("""COMPUTED_VALUE"""),"Standard Pallet Label -> BTO(EDI) Standard Pallet Label -> BTS(Normal case)") -> Standard Pallet Label -> BTO(EDI) Standard Pallet Label -> BTS(Normal case) | M6: =IFERROR(__xludf.DUMMYFUNCTION("""COMPUTED_VALUE"""),"G990-08499-11-02 G990-08499-11-A") -> G990-08499-11-02 G990-08499-11-A | N6: =IFERROR(__xludf.DUMMYFUNCTION("""COMPUTED_VALUE"""),"N/A") -> N/A | O6: =IFERROR(__xludf.DUMMYFUNCTION("""COMPUTED_VALUE"""),"G990-08493-00-01 G990-08493-00-A") -> G990-08493-00-01 G990-08493-00-A | P6: =IFERROR(__xludf.DUMMYFUNCTION("""COMPUTED_VALUE"""),"BOB→A Retail→A") -> BOB→A Retail→A | Q6: =IFERROR(__xludf.DUMMYFUNCTION("""COMPUTED_VALUE"""),"128GB") -> 128GB | R6: =IFERROR(__xludf.DUMMYFUNCTION("""COMPUTED_VALUE"""),"Obsidian") -> Obsidian | S6: =IFERROR(__xludf.DUMMYFUNCTION("""COMPUTED_VALUE"""),"Midnight") -> Midnight | T6: =IFERROR(__xludf.DUMMYFUNCTION("""COMPUTED_VALUE"""),"US GStore") -> US GStore | U6: =IFERROR(__xludf.DUMMYFUNCTION("""COMPUTED_VALUE"""),"SKU,CLR1, GOOD, MMWAVE, US GSTORE, BZ5") -> SKU,CLR1, GOOD, MMWAVE, US GSTORE, BZ5 | W6: =IFERROR(__xludf.DUMMYFUNCTION("""COMPUTED_VALUE"""),"#NUM!") -> #NUM! | X6: =IFERROR(__xludf.DUMMYFUNCTION("""COMPUTED_VALUE"""),45831.0) -> 45831 | Y6: =IFERROR(__xludf.DUMMYFUNCTION("""COMPUTED_VALUE"""),45780.0) -> 45780 | Z6: =IFERROR(__xludf.DUMMYFUNCTION("""COMPUTED_VALUE"""),TRUE) -> TRUE | AA6: =IFERROR(__xludf.DUMMYFUNCTION("""COMPUTED_VALUE"""),45780.0) -> 45780 | AB6: =IFERROR(__xludf.DUMMYFUNCTION("""COMPUTED_VALUE"""),FALSE) -> FALSE | AC6: =IFERROR(__xludf.DUMMYFUNCTION("""COMPUTED_VALUE"""),45787.0) -> 45787 | AD6: =IFERROR(__xludf.DUMMYFUNCTION("""COMPUTED_VALUE"""),45787.0) -> 45787 | AE6: =IFERROR(__xludf.DUMMYFUNCTION("""COMPUTED_VALUE"""),"GA09887-US GA09887-US-RevA") -> GA09887-US GA09887-US-RevA | AG6: =IFERROR(__xludf.DUMMYFUNCTION("""COMPUTED_VALUE"""),"GA09887-US") -> GA09887-US | AH6: =IFERROR(__xludf.DUMMYFUNCTION("""COMPUTED_VALUE"""),"GA09887-US GA09887-US-RevA") -> GA09887-US GA09887-US-RevA | AI6: =IFERROR(__xludf.DUMMYFUNCTION("""COMPUTED_VALUE"""),"GA09887-US") -> GA09887-US | AJ6: =IFERROR(__xludf.DUMMYFUNCTION("""COMPUTED_VALUE"""),45793.0) -> 45793 | AK6: =IFERROR(__xludf.DUMMYFUNCTION("""COMPUTED_VALUE"""),45801.0) -> 45801 | AL6: =IFERROR(__xludf.DUMMYFUNCTION("""COMPUTED_VALUE"""),TRUE) -> TRUE | AM6: =IFERROR(__xludf.DUMMYFUNCTION("""COMPUTED_VALUE"""),TRUE) -> TRUE | AN6: =IFERROR(__xludf.DUMMYFUNCTION("""COMPUTED_VALUE"""),45801.0) -> 45801 | AO6: =IFERROR(__xludf.DUMMYFUNCTION("""COMPUTED_VALUE"""),TRUE) -> TRUE | AP6: =IFERROR(__xludf.DUMMYFUNCTION("""COMPUTED_VALUE"""),"N") -> N | AR6: =IFERROR(__xludf.DUMMYFUNCTION("""COMPUTED_VALUE"""),45801.0) -> 45801 | AS6: =IFERROR(__xludf.DUMMYFUNCTION("""COMPUTED_VALUE"""),TRUE) -> TRUE | AT6: =IFERROR(__xludf.DUMMYFUNCTION("""COMPUTED_VALUE"""),"N") -> N | AV6: =IFERROR(__xludf.DUMMYFUNCTION("""COMPUTED_VALUE"""),45801.0) -> 45801 | AW6: =IFERROR(__xludf.DUMMYFUNCTION("""COMPUTED_VALUE"""),FALSE) -> FALSE | AZ6: =IFERROR(__xludf.DUMMYFUNCTION("""COMPUTED_VALUE"""),45827.0) -> 45827 | BA6: =IFERROR(__xludf.DUMMYFUNCTION("""COMPUTED_VALUE"""),FALSE) -> FALSE | BB6: =IFERROR(__xludf.DUMMYFUNCTION("""COMPUTED_VALUE"""),45827.0) -> 45827
A7: =MID(M7, FIND(CHAR(10), M7) + 1, LEN(M7) - FIND(CHAR(10), M7)) -> G990-08499-21-A | B7: =MID(O7, FIND(CHAR(10), O7) + 1, LEN(O7) - FIND(CHAR(10), O7)) -> G990-08493-00-A | C7: =IFERROR(__xludf.DUMMYFUNCTION("""COMPUTED_VALUE"""),"GSTORE") -> GSTORE | D7: =IFERROR(__xludf.DUMMYFUNCTION("""COMPUTED_VALUE"""),"MP") -> MP | E7: =IFERROR(__xludf.DUMMYFUNCTION("""COMPUTED_VALUE"""),"Pristine") -> Pristine | F7: =IFERROR(__xludf.DUMMYFUNCTION("""COMPUTED_VALUE"""),"GA10302-US") -> GA10302-US | G7: =IFERROR(__xludf.DUMMYFUNCTION("""COMPUTED_VALUE"""),"G4QUR") -> G4QUR | H7: =IFERROR(__xludf.DUMMYFUNCTION("""COMPUTED_VALUE"""),8.4035392583E11) -> 840353925830 | I7: =IFERROR(__xludf.DUMMYFUNCTION("""COMPUTED_VALUE"""),"0840353925830") -> 0840353925830 | K7: =IFERROR(__xludf.DUMMYFUNCTION("""COMPUTED_VALUE"""),"ROW Master Carton Label (UPC)") -> ROW Master Carton Label (UPC) | L7: =IFERROR(__xludf.DUMMYFUNCTION("""COMPUTED_VALUE"""),"Standard Pallet Label -> BTO(EDI) Standard Pallet Label -> BTS(Normal case)") -> Standard Pallet Label -> BTO(EDI) Standard Pallet Label -> BTS(Normal case) | M7: =IFERROR(__xludf.DUMMYFUNCTION("""COMPUTED_VALUE"""),"G990-08499-21-02 G990-08499-21-A") -> G990-08499-21-02 G990-08499-21-A | N7: =IFERROR(__xludf.DUMMYFUNCTION("""COMPUTED_VALUE"""),"N/A") -> N/A | O7: =IFERROR(__xludf.DUMMYFUNCTION("""COMPUTED_VALUE"""),"G990-08493-00-01 G990-08493-00-A") -> G990-08493-00-01 G990-08493-00-A | P7: =IFERROR(__xludf.DUMMYFUNCTION("""COMPUTED_VALUE"""),"BOB→A Retail→A") -> BOB→A Retail→A | Q7: =IFERROR(__xludf.DUMMYFUNCTION("""COMPUTED_VALUE"""),"128GB") -> 128GB | R7: =IFERROR(__xludf.DUMMYFUNCTION("""COMPUTED_VALUE"""),"Porcelain") -> Porcelain | S7: =IFERROR(__xludf.DUMMYFUNCTION("""COMPUTED_VALUE"""),"Light Porcelain") -> Light Porcelain | T7: =IFERROR(__xludf.DUMMYFUNCTION("""COMPUTED_VALUE"""),"US GStore") -> US GStore | U7: =IFERROR(__xludf.DUMMYFUNCTION("""COMPUTED_VALUE"""),"SKU,CLR2, GOOD, MMWAVE, GSTORE, US, BZ5") -> SKU,CLR2, GOOD, MMWAVE, GSTORE, US, BZ5 | W7: =IFERROR(__xludf.DUMMYFUNCTION("""COMPUTED_VALUE"""),"#NUM!") -> #NUM! | X7: =IFERROR(__xludf.DUMMYFUNCTION("""COMPUTED_VALUE"""),45831.0) -> 45831 | Y7: =IFERROR(__xludf.DUMMYFUNCTION("""COMPUTED_VALUE"""),45780.0) -> 45780 | Z7: =IFERROR(__xludf.DUMMYFUNCTION("""COMPUTED_VALUE"""),TRUE) -> TRUE | AA7: =IFERROR(__xludf.DUMMYFUNCTION("""COMPUTED_VALUE"""),45780.0) -> 45780 | AB7: =IFERROR(__xludf.DUMMYFUNCTION("""COMPUTED_VALUE"""),FALSE) -> FALSE | AC7: =IFERROR(__xludf.DUMMYFUNCTION("""COMPUTED_VALUE"""),45787.0) -> 45787 | AD7: =IFERROR(__xludf.DUMMYFUNCTION("""COMPUTED_VALUE"""),45787.0) -> 45787 | AE7: =IFERROR(__xludf.DUMMYFUNCTION("""COMPUTED_VALUE"""),"GA10302-US GA10302-US-RevA") -> GA10302-US GA10302-US-RevA | AG7: =IFERROR(__xludf.DUMMYFUNCTION("""COMPUTED_VALUE"""),"GA10302-US") -> GA10302-US | AH7: =IFERROR(__xludf.DUMMYFUNCTION("""COMPUTED_VALUE"""),"GA10302-US GA10302-US-RevA") -> GA10302-US GA10302-US-RevA | AI7: =IFERROR(__xludf.DUMMYFUNCTION("""COMPUTED_VALUE"""),"GA10302-US") -> GA10302-US | AJ7: =IFERROR(__xludf.DUMMYFUNCTION("""COMPUTED_VALUE"""),45793.0) -> 45793 | AK7: =IFERROR(__xludf.DUMMYFUNCTION("""COMPUTED_VALUE"""),45801.0) -> 45801 | AL7: =IFERROR(__xludf.DUMMYFUNCTION("""COMPUTED_VALUE"""),TRUE) -> TRUE | AM7: =IFERROR(__xludf.DUMMYFUNCTION("""COMPUTED_VALUE"""),TRUE) -> TRUE | AN7: =IFERROR(__xludf.DUMMYFUNCTION("""COMPUTED_VALUE"""),45801.0) -> 45801 | AO7: =IFERROR(__xludf.DUMMYFUNCTION("""COMPUTED_VALUE"""),TRUE) -> TRUE | AP7: =IFERROR(__xludf.DUMMYFUNCTION("""COMPUTED_VALUE"""),"N") -> N | AR7: =IFERROR(__xludf.DUMMYFUNCTION("""COMPUTED_VALUE"""),45801.0) -> 45801 | AS7: =IFERROR(__xludf.DUMMYFUNCTION("""COMPUTED_VALUE"""),TRUE) -> TRUE | AT7: =IFERROR(__xludf.DUMMYFUNCTION("""COMPUTED_VALUE"""),"N") -> N | AV7: =IFERROR(__xludf.DUMMYFUNCTION("""COMPUTED_VALUE"""),45801.0) -> 45801 | AW7: =IFERROR(__xludf.DUMMYFUNCTION("""COMPUTED_VALUE"""),FALSE) -> FALSE | AZ7: =IFERROR(__xludf.DUMMYFUNCTION("""COMPUTED_VALUE"""),45827.0) -> 45827 | BA7: =IFERROR(__xludf.DUMMYFUNCTION("""COMPUTED_VALUE"""),FALSE) -> FALSE | BB7: =IFERROR(__xludf.DUMMYFUNCTION("""COMPUTED_VALUE"""),45827.0) -> 45827
A8: =MID(M8, FIND(CHAR(10), M8) + 1, LEN(M8) - FIND(CHAR(10), M8)) -> #VALUE! | B8: =MID(O8, FIND(CHAR(10), O8) + 1, LEN(O8) - FIND(CHAR(10), O8)) -> G990-08493-00-A | C8: =IFERROR(__xludf.DUMMYFUNCTION("""COMPUTED_VALUE"""),"GSTORE") -> GSTORE | D8: =IFERROR(__xludf.DUMMYFUNCTION("""COMPUTED_VALUE"""),"MP") -> MP | E8: =IFERROR(__xludf.DUMMYFUNCTION("""COMPUTED_VALUE"""),"Pristine") -> Pristine | F8: =IFERROR(__xludf.DUMMYFUNCTION("""COMPUTED_VALUE"""),"GA10303-US") -> GA10303-US | G8: =IFERROR(__xludf.DUMMYFUNCTION("""COMPUTED_VALUE"""),"G4QUR") -> G4QUR | H8: =IFERROR(__xludf.DUMMYFUNCTION("""COMPUTED_VALUE"""),8.40353925847E11) -> 840353925847 | I8: =IFERROR(__xludf.DUMMYFUNCTION("""COMPUTED_VALUE"""),"0840353925847") -> 0840353925847 | K8: =IFERROR(__xludf.DUMMYFUNCTION("""COMPUTED_VALUE"""),"ROW Master Carton Label (UPC)") -> ROW Master Carton Label (UPC) | L8: =IFERROR(__xludf.DUMMYFUNCTION("""COMPUTED_VALUE"""),"Standard Pallet Label -> BTO(EDI) Standard Pallet Label -> BTS(Normal case)") -> Standard Pallet Label -> BTO(EDI) Standard Pallet Label -> BTS(Normal case) | N8: =IFERROR(__xludf.DUMMYFUNCTION("""COMPUTED_VALUE"""),"N/A") -> N/A | O8: =IFERROR(__xludf.DUMMYFUNCTION("""COMPUTED_VALUE"""),"G990-08493-00-01 G990-08493-00-A") -> G990-08493-00-01 G990-08493-00-A | P8: =IFERROR(__xludf.DUMMYFUNCTION("""COMPUTED_VALUE"""),"BOB→A Retail→A") -> BOB→A Retail→A | Q8: =IFERROR(__xludf.DUMMYFUNCTION("""COMPUTED_VALUE"""),"128GB") -> 128GB | R8: =IFERROR(__xludf.DUMMYFUNCTION("""COMPUTED_VALUE"""),"Moonstone") -> Moonstone | S8: =IFERROR(__xludf.DUMMYFUNCTION("""COMPUTED_VALUE"""),"Sterling") -> Sterling | T8: =IFERROR(__xludf.DUMMYFUNCTION("""COMPUTED_VALUE"""),"US GStore") -> US GStore | U8: =IFERROR(__xludf.DUMMYFUNCTION("""COMPUTED_VALUE"""),"SKU,CLR3, GOOD, MMWAVE, GSTORE, US, BZ5") -> SKU,CLR3, GOOD, MMWAVE, GSTORE, US, BZ5 | W8: =IFERROR(__xludf.DUMMYFUNCTION("""COMPUTED_VALUE"""),"#NUM!") -> #NUM! | X8: =IFERROR(__xludf.DUMMYFUNCTION("""COMPUTED_VALUE"""),45831.0) -> 45831 | Y8: =IFERROR(__xludf.DUMMYFUNCTION("""COMPUTED_VALUE"""),45780.0) -> 45780 | Z8: =IFERROR(__xludf.DUMMYFUNCTION("""COMPUTED_VALUE"""),TRUE) -> TRUE | AA8: =IFERROR(__xludf.DUMMYFUNCTION("""COMPUTED_VALUE"""),45780.0) -> 45780 | AB8: =IFERROR(__xludf.DUMMYFUNCTION("""COMPUTED_VALUE"""),FALSE) -> FALSE | AC8: =IFERROR(__xludf.DUMMYFUNCTION("""COMPUTED_VALUE"""),45787.0) -> 45787 | AD8: =IFERROR(__xludf.DUMMYFUNCTION("""COMPUTED_VALUE"""),45787.0) -> 45787 | AE8: =IFERROR(__xludf.DUMMYFUNCTION("""COMPUTED_VALUE"""),"GA10303-US GA10303-US-RevA") -> GA10303-US GA10303-US-RevA | AG8: =IFERROR(__xludf.DUMMYFUNCTION("""COMPUTED_VALUE"""),"GA10303-US") -> GA10303-US | AH8: =IFERROR(__xludf.DUMMYFUNCTION("""COMPUTED_VALUE"""),"GA10303-US GA10303-US-RevA") -> GA10303-US GA10303-US-RevA | AI8: =IFERROR(__xludf.DUMMYFUNCTION("""COMPUTED_VALUE"""),"GA10303-US") -> GA10303-US | AJ8: =IFERROR(__xludf.DUMMYFUNCTION("""COMPUTED_VALUE"""),45793.0) -> 45793 | AK8: =IFERROR(__xludf.DUMMYFUNCTION("""COMPUTED_VALUE"""),45801.0) -> 45801 | AL8: =IFERROR(__xludf.DUMMYFUNCTION("""COMPUTED_VALUE"""),TRUE) -> TRUE | AM8: =IFERROR(__xludf.DUMMYFUNCTION("""COMPUTED_VALUE"""),TRUE) -> TRUE | AN8: =IFERROR(__xludf.DUMMYFUNCTION("""COMPUTED_VALUE"""),45801.0) -> 45801 | AO8: =IFERROR(__xludf.DUMMYFUNCTION("""COMPUTED_VALUE"""),TRUE) -> TRUE | AP8: =IFERROR(__xludf.DUMMYFUNCTION("""COMPUTED_VALUE"""),"N") -> N | AR8: =IFERROR(__xludf.DUMMYFUNCTION("""COMPUTED_VALUE"""),45801.0) -> 45801 | AS8: =IFERROR(__xludf.DUMMYFUNCTION("""COMPUTED_VALUE"""),TRUE) -> TRUE | AT8: =IFERROR(__xludf.DUMMYFUNCTION("""COMPUTED_VALUE"""),"N") -> N | AV8: =IFERROR(__xludf.DUMMYFUNCTION("""COMPUTED_VALUE"""),45801.0) -> 45801 | AW8: =IFERROR(__xludf.DUMMYFUNCTION("""COMPUTED_VALUE"""),FALSE) -> FALSE | AZ8: =IFERROR(__xludf.DUMMYFUNCTION("""COMPUTED_VALUE"""),45827.0) -> 45827 | BA8: =IFERROR(__xludf.DUMMYFUNCTION("""COMPUTED_VALUE"""),FALSE) -> FALSE | BB8: =IFERROR(__xludf.DUMMYFUNCTION("""COMPUTED_VALUE"""),45827.0) -> 45827
A9: =MID(M9, FIND(CHAR(10), M9) + 1, LEN(M9) - FIND(CHAR(10), M9)) -> G990-08499-12-A | B9: =MID(O9, FIND(CHAR(10), O9) + 1, LEN(O9) - FIND(CHAR(10), O9)) -> G990-08493-00-A | C9: =IFERROR(__xludf.DUMMYFUNCTION("""COMPUTED_VALUE"""),"GSTORE") -> GSTORE | D9: =IFERROR(__xludf.DUMMYFUNCTION("""COMPUTED_VALUE"""),"MP") -> MP | E9: =IFERROR(__xludf.DUMMYFUNCTION("""COMPUTED_VALUE"""),"Pristine") -> Pristine | F9: =IFERROR(__xludf.DUMMYFUNCTION("""COMPUTED_VALUE"""),"GA09899-US") -> GA09899-US | G9: =IFERROR(__xludf.DUMMYFUNCTION("""COMPUTED_VALUE"""),"G4QUR") -> G4QUR | H9: =IFERROR(__xludf.DUMMYFUNCTION("""COMPUTED_VALUE"""),8.40353925854E11) -> 840353925854 | I9: =IFERROR(__xludf.DUMMYFUNCTION("""COMPUTED_VALUE"""),"0840353925854") -> 0840353925854 | K9: =IFERROR(__xludf.DUMMYFUNCTION("""COMPUTED_VALUE"""),"ROW Master Carton Label (UPC)") -> ROW Master Carton Label (UPC) | L9: =IFERROR(__xludf.DUMMYFUNCTION("""COMPUTED_VALUE"""),"Standard Pallet Label -> BTO(EDI) Standard Pallet Label -> BTS(Normal case)") -> Standard Pallet Label -> BTO(EDI) Standard Pallet Label -> BTS(Normal case) | M9: =IFERROR(__xludf.DUMMYFUNCTION("""COMPUTED_VALUE"""),"G990-08499-12-02 G990-08499-12-A") -> G990-08499-12-02 G990-08499-12-A | N9: =IFERROR(__xludf.DUMMYFUNCTION("""COMPUTED_VALUE"""),"N/A") -> N/A | O9: =IFERROR(__xludf.DUMMYFUNCTION("""COMPUTED_VALUE"""),"G990-08493-00-01 G990-08493-00-A") -> G990-08493-00-01 G990-08493-00-A | P9: =IFERROR(__xludf.DUMMYFUNCTION("""COMPUTED_VALUE"""),"BOB→A Retail→A") -> BOB→A Retail→A | Q9: =IFERROR(__xludf.DUMMYFUNCTION("""COMPUTED_VALUE"""),"256GB") -> 256GB | R9: =IFERROR(__xludf.DUMMYFUNCTION("""COMPUTED_VALUE"""),"Obsidian") -> Obsidian | S9: =IFERROR(__xludf.DUMMYFUNCTION("""COMPUTED_VALUE"""),"Midnight") -> Midnight | T9: =IFERROR(__xludf.DUMMYFUNCTION("""COMPUTED_VALUE"""),"US GStore") -> US GStore | U9: =IFERROR(__xludf.DUMMYFUNCTION("""COMPUTED_VALUE"""),"SKU,CLR1, BETTER, MMWAVE, US GSTORE, BZ5") -> SKU,CLR1, BETTER, MMWAVE, US GSTORE, BZ5 | W9: =IFERROR(__xludf.DUMMYFUNCTION("""COMPUTED_VALUE"""),"#NUM!") -> #NUM! | X9: =IFERROR(__xludf.DUMMYFUNCTION("""COMPUTED_VALUE"""),45831.0) -> 45831 | Y9: =IFERROR(__xludf.DUMMYFUNCTION("""COMPUTED_VALUE"""),45780.0) -> 45780 | Z9: =IFERROR(__xludf.DUMMYFUNCTION("""COMPUTED_VALUE"""),TRUE) -> TRUE | AA9: =IFERROR(__xludf.DUMMYFUNCTION("""COMPUTED_VALUE"""),45780.0) -> 45780 | AB9: =IFERROR(__xludf.DUMMYFUNCTION("""COMPUTED_VALUE"""),FALSE) -> FALSE | AC9: =IFERROR(__xludf.DUMMYFUNCTION("""COMPUTED_VALUE"""),45787.0) -> 45787 | AD9: =IFERROR(__xludf.DUMMYFUNCTION("""COMPUTED_VALUE"""),45787.0) -> 45787 | AE9: =IFERROR(__xludf.DUMMYFUNCTION("""COMPUTED_VALUE"""),"GA09899-US GA09899-US-RevA") -> GA09899-US GA09899-US-RevA | AG9: =IFERROR(__xludf.DUMMYFUNCTION("""COMPUTED_VALUE"""),"GA09899-US") -> GA09899-US | AH9: =IFERROR(__xludf.DUMMYFUNCTION("""COMPUTED_VALUE"""),"GA09899-US GA09899-US-RevA") -> GA09899-US GA09899-US-RevA | AI9: =IFERROR(__xludf.DUMMYFUNCTION("""COMPUTED_VALUE"""),"GA09899-US") -> GA09899-US | AJ9: =IFERROR(__xludf.DUMMYFUNCTION("""COMPUTED_VALUE"""),45793.0) -> 45793 | AK9: =IFERROR(__xludf.DUMMYFUNCTION("""COMPUTED_VALUE"""),45801.0) -> 45801 | AL9: =IFERROR(__xludf.DUMMYFUNCTION("""COMPUTED_VALUE"""),TRUE) -> TRUE | AM9: =IFERROR(__xludf.DUMMYFUNCTION("""COMPUTED_VALUE"""),TRUE) -> TRUE | AN9: =IFERROR(__xludf.DUMMYFUNCTION("""COMPUTED_VALUE"""),45801.0) -> 45801 | AO9: =IFERROR(__xludf.DUMMYFUNCTION("""COMPUTED_VALUE"""),TRUE) -> TRUE | AP9: =IFERROR(__xludf.DUMMYFUNCTION("""COMPUTED_VALUE"""),"Y") -> Y | AR9: =IFERROR(__xludf.DUMMYFUNCTION("""COMPUTED_VALUE"""),45801.0) -> 45801 | AS9: =IFERROR(__xludf.DUMMYFUNCTION("""COMPUTED_VALUE"""),TRUE) -> TRUE | AT9: =IFERROR(__xludf.DUMMYFUNCTION("""COMPUTED_VALUE"""),"N") -> N | AV9: =IFERROR(__xludf.DUMMYFUNCTION("""COMPUTED_VALUE"""),45801.0) -> 45801 | AW9: =IFERROR(__xludf.DUMMYFUNCTION("""COMPUTED_VALUE"""),FALSE) -> FALSE | AZ9: =IFERROR(__xludf.DUMMYFUNCTION("""COMPUTED_VALUE"""),45827.0) -> 45827 | BA9: =IFERROR(__xludf.DUMMYFUNCTION("""COMPUTED_VALUE"""),FALSE) -> FALSE | BB9: =IFERROR(__xludf.DUMMYFUNCTION("""COMPUTED_VALUE"""),45827.0) -> 45827
A10: =MID(M10, FIND(CHAR(10), M10) + 1, LEN(M10) - FIND(CHAR(10), M10)) -> G990-08499-22-A | B10: =MID(O10, FIND(CHAR(10), O10) + 1, LEN(O10) - FIND(CHAR(10), O10)) -> G990-08493-00-A | C10: =IFERROR(__xludf.DUMMYFUNCTION("""COMPUTED_VALUE"""),"GSTORE") -> GSTORE | D10: =IFERROR(__xludf.DUMMYFUNCTION("""COMPUTED_VALUE"""),"MP") -> MP | E10: =IFERROR(__xludf.DUMMYFUNCTION("""COMPUTED_VALUE"""),"Pristine") -> Pristine | F10: =IFERROR(__xludf.DUMMYFUNCTION("""COMPUTED_VALUE"""),"GA10304-US") -> GA10304-US | G10: =IFERROR(__xludf.DUMMYFUNCTION("""COMPUTED_VALUE"""),"G4QUR") -> G4QUR | H10: =IFERROR(__xludf.DUMMYFUNCTION("""COMPUTED_VALUE"""),8.40353925878E11) -> 840353925878 | I10: =IFERROR(__xludf.DUMMYFUNCTION("""COMPUTED_VALUE"""),"0840353925878") -> 0840353925878 | K10: =IFERROR(__xludf.DUMMYFUNCTION("""COMPUTED_VALUE"""),"ROW Master Carton Label (UPC)") -> ROW Master Carton Label (UPC) | L10: =IFERROR(__xludf.DUMMYFUNCTION("""COMPUTED_VALUE"""),"Standard Pallet Label -> BTO(EDI) Standard Pallet Label -> BTS(Normal case)") -> Standard Pallet Label -> BTO(EDI) Standard Pallet Label -> BTS(Normal case) | M10: =IFERROR(__xludf.DUMMYFUNCTION("""COMPUTED_VALUE"""),"G990-08499-22-02 G990-08499-22-A") -> G990-08499-22-02 G990-08499-22-A | N10: =IFERROR(__xludf.DUMMYFUNCTION("""COMPUTED_VALUE"""),"N/A") -> N/A | O10: =IFERROR(__xludf.DUMMYFUNCTION("""COMPUTED_VALUE"""),"G990-08493-00-01 G990-08493-00-A") -> G990-08493-00-01 G990-08493-00-A | P10: =IFERROR(__xludf.DUMMYFUNCTION("""COMPUTED_VALUE"""),"BOB→A Retail→A") -> BOB→A Retail→A | Q10: =IFERROR(__xludf.DUMMYFUNCTION("""COMPUTED_VALUE"""),"256GB") -> 256GB | R10: =IFERROR(__xludf.DUMMYFUNCTION("""COMPUTED_VALUE"""),"Porcelain") -> Porcelain | S10: =IFERROR(__xludf.DUMMYFUNCTION("""COMPUTED_VALUE"""),"Light Porcelain") -> Light Porcelain | T10: =IFERROR(__xludf.DUMMYFUNCTION("""COMPUTED_VALUE"""),"US GStore") -> US GStore | U10: =IFERROR(__xludf.DUMMYFUNCTION("""COMPUTED_VALUE"""),"SKU,CLR2, BETTER, MMWAVE, GSTORE, US, BZ5") -> SKU,CLR2, BETTER, MMWAVE, GSTORE, US, BZ5 | W10: =IFERROR(__xludf.DUMMYFUNCTION("""COMPUTED_VALUE"""),"#NUM!") -> #NUM! | X10: =IFERROR(__xludf.DUMMYFUNCTION("""COMPUTED_VALUE"""),45831.0) -> 45831 | Y10: =IFERROR(__xludf.DUMMYFUNCTION("""COMPUTED_VALUE"""),45780.0) -> 45780 | Z10: =IFERROR(__xludf.DUMMYFUNCTION("""COMPUTED_VALUE"""),TRUE) -> TRUE | AA10: =IFERROR(__xludf.DUMMYFUNCTION("""COMPUTED_VALUE"""),45780.0) -> 45780 | AB10: =IFERROR(__xludf.DUMMYFUNCTION("""COMPUTED_VALUE"""),FALSE) -> FALSE | AC10: =IFERROR(__xludf.DUMMYFUNCTION("""COMPUTED_VALUE"""),45787.0) -> 45787 | AD10: =IFERROR(__xludf.DUMMYFUNCTION("""COMPUTED_VALUE"""),45787.0) -> 45787 | AE10: =IFERROR(__xludf.DUMMYFUNCTION("""COMPUTED_VALUE"""),"GA10304-US GA10304-US-RevA") -> GA10304-US GA10304-US-RevA | AG10: =IFERROR(__xludf.DUMMYFUNCTION("""COMPUTED_VALUE"""),"GA10304-US") -> GA10304-US | AH10: =IFERROR(__xludf.DUMMYFUNCTION("""COMPUTED_VALUE"""),"GA10304-US GA10304-US-RevA") -> GA10304-US GA10304-US-RevA | AI10: =IFERROR(__xludf.DUMMYFUNCTION("""COMPUTED_VALUE"""),"GA10304-US") -> GA10304-US | AJ10: =IFERROR(__xludf.DUMMYFUNCTION("""COMPUTED_VALUE"""),45793.0) -> 45793 | AK10: =IFERROR(__xludf.DUMMYFUNCTION("""COMPUTED_VALUE"""),45801.0) -> 45801 | AL10: =IFERROR(__xludf.DUMMYFUNCTION("""COMPUTED_VALUE"""),TRUE) -> TRUE | AM10: =IFERROR(__xludf.DUMMYFUNCTION("""COMPUTED_VALUE"""),TRUE) -> TRUE | AN10: =IFERROR(__xludf.DUMMYFUNCTION("""COMPUTED_VALUE"""),45801.0) -> 45801 | AO10: =IFERROR(__xludf.DUMMYFUNCTION("""COMPUTED_VALUE"""),TRUE) -> TRUE | AP10: =IFERROR(__xludf.DUMMYFUNCTION("""COMPUTED_VALUE"""),"N") -> N | AR10: =IFERROR(__xludf.DUMMYFUNCTION("""COMPUTED_VALUE"""),45801.0) -> 45801 | AS10: =IFERROR(__xludf.DUMMYFUNCTION("""COMPUTED_VALUE"""),TRUE) -> TRUE | AT10: =IFERROR(__xludf.DUMMYFUNCTION("""COMPUTED_VALUE"""),"N") -> N | AV10: =IFERROR(__xludf.DUMMYFUNCTION("""COMPUTED_VALUE"""),45801.0) -> 45801 | AW10: =IFERROR(__xludf.DUMMYFUNCTION("""COMPUTED_VALUE"""),FALSE) -> FALSE | AZ10: =IFERROR(__xludf.DUMMYFUNCTION("""COMPUTED_VALUE"""),45827.0) -> 45827 | BA10: =IFERROR(__xludf.DUMMYFUNCTION("""COMPUTED_VALUE"""),FALSE) -> FALSE | BB10: =IFERROR(__xludf.DUMMYFUNCTION("""COMPUTED_VALUE"""),45827.0) -> 45827
A11: =MID(M11, FIND(CHAR(10), M11) + 1, LEN(M11) - FIND(CHAR(10), M11)) -> G990-08499-32-A | B11: =MID(O11, FIND(CHAR(10), O11) + 1, LEN(O11) - FIND(CHAR(10), O11)) -> G990-08493-00-A | C11: =IFERROR(__xludf.DUMMYFUNCTION("""COMPUTED_VALUE"""),"GSTORE") -> GSTORE | D11: =IFERROR(__xludf.DUMMYFUNCTION("""COMPUTED_VALUE"""),"MP") -> MP | E11: =IFERROR(__xludf.DUMMYFUNCTION("""COMPUTED_VALUE"""),"Pristine") -> Pristine | F11: =IFERROR(__xludf.DUMMYFUNCTION("""COMPUTED_VALUE"""),"GA10305-US") -> GA10305-US | G11: =IFERROR(__xludf.DUMMYFUNCTION("""COMPUTED_VALUE"""),"G4QUR") -> G4QUR | H11: =IFERROR(__xludf.DUMMYFUNCTION("""COMPUTED_VALUE"""),8.40353925861E11) -> 840353925861 | I11: =IFERROR(__xludf.DUMMYFUNCTION("""COMPUTED_VALUE"""),"0840353925861") -> 0840353925861 | K11: =IFERROR(__xludf.DUMMYFUNCTION("""COMPUTED_VALUE"""),"ROW Master Carton Label (UPC)") -> ROW Master Carton Label (UPC) | L11: =IFERROR(__xludf.DUMMYFUNCTION("""COMPUTED_VALUE"""),"Standard Pallet Label -> BTO(EDI) Standard Pallet Label -> BTS(Normal case)") -> Standard Pallet Label -> BTO(EDI) Standard Pallet Label -> BTS(Normal case) | M11: =IFERROR(__xludf.DUMMYFUNCTION("""COMPUTED_VALUE"""),"G990-08499-32-02 G990-08499-32-A") -> G990-08499-32-02 G990-08499-32-A | N11: =IFERROR(__xludf.DUMMYFUNCTION("""COMPUTED_VALUE"""),"N/A") -> N/A | O11: =IFERROR(__xludf.DUMMYFUNCTION("""COMPUTED_VALUE"""),"G990-08493-00-01 G990-08493-00-A") -> G990-08493-00-01 G990-08493-00-A | P11: =IFERROR(__xludf.DUMMYFUNCTION("""COMPUTED_VALUE"""),"BOB→A Retail→A") -> BOB→A Retail→A | Q11: =IFERROR(__xludf.DUMMYFUNCTION("""COMPUTED_VALUE"""),"256GB") -> 256GB | R11: =IFERROR(__xludf.DUMMYFUNCTION("""COMPUTED_VALUE"""),"Moonstone") -> Moonstone | S11: =IFERROR(__xludf.DUMMYFUNCTION("""COMPUTED_VALUE"""),"Sterling") -> Sterling | T11: =IFERROR(__xludf.DUMMYFUNCTION("""COMPUTED_VALUE"""),"US GStore") -> US GStore | U11: =IFERROR(__xludf.DUMMYFUNCTION("""COMPUTED_VALUE"""),"SKU,CLR3, BETTER, MMWAVE, GSTORE, US, BZ5") -> SKU,CLR3, BETTER, MMWAVE, GSTORE, US, BZ5 | W11: =IFERROR(__xludf.DUMMYFUNCTION("""COMPUTED_VALUE"""),"#NUM!") -> #NUM! | X11: =IFERROR(__xludf.DUMMYFUNCTION("""COMPUTED_VALUE"""),45831.0) -> 45831 | Y11: =IFERROR(__xludf.DUMMYFUNCTION("""COMPUTED_VALUE"""),45780.0) -> 45780 | Z11: =IFERROR(__xludf.DUMMYFUNCTION("""COMPUTED_VALUE"""),TRUE) -> TRUE | AA11: =IFERROR(__xludf.DUMMYFUNCTION("""COMPUTED_VALUE"""),45780.0) -> 45780 | AB11: =IFERROR(__xludf.DUMMYFUNCTION("""COMPUTED_VALUE"""),FALSE) -> FALSE | AC11: =IFERROR(__xludf.DUMMYFUNCTION("""COMPUTED_VALUE"""),45787.0) -> 45787 | AD11: =IFERROR(__xludf.DUMMYFUNCTION("""COMPUTED_VALUE"""),45787.0) -> 45787 | AE11: =IFERROR(__xludf.DUMMYFUNCTION("""COMPUTED_VALUE"""),"GA10305-US GA10305-US-RevA") -> GA10305-US GA10305-US-RevA | AG11: =IFERROR(__xludf.DUMMYFUNCTION("""COMPUTED_VALUE"""),"GA10305-US") -> GA10305-US | AH11: =IFERROR(__xludf.DUMMYFUNCTION("""COMPUTED_VALUE"""),"GA10305-US GA10305-US-RevA") -> GA10305-US GA10305-US-RevA | AI11: =IFERROR(__xludf.DUMMYFUNCTION("""COMPUTED_VALUE"""),"GA10305-US") -> GA10305-US | AJ11: =IFERROR(__xludf.DUMMYFUNCTION("""COMPUTED_VALUE"""),45793.0) -> 45793 | AK11: =IFERROR(__xludf.DUMMYFUNCTION("""COMPUTED_VALUE"""),45801.0) -> 45801 | AL11: =IFERROR(__xludf.DUMMYFUNCTION("""COMPUTED_VALUE"""),TRUE) -> TRUE | AM11: =IFERROR(__xludf.DUMMYFUNCTION("""COMPUTED_VALUE"""),TRUE) -> TRUE | AN11: =IFERROR(__xludf.DUMMYFUNCTION("""COMPUTED_VALUE"""),45801.0) -> 45801 | AO11: =IFERROR(__xludf.DUMMYFUNCTION("""COMPUTED_VALUE"""),TRUE) -> TRUE | AP11: =IFERROR(__xludf.DUMMYFUNCTION("""COMPUTED_VALUE"""),"N") -> N | AR11: =IFERROR(__xludf.DUMMYFUNCTION("""COMPUTED_VALUE"""),45801.0) -> 45801 | AS11: =IFERROR(__xludf.DUMMYFUNCTION("""COMPUTED_VALUE"""),TRUE) -> TRUE | AT11: =IFERROR(__xludf.DUMMYFUNCTION("""COMPUTED_VALUE"""),"N") -> N | AV11: =IFERROR(__xludf.DUMMYFUNCTION("""COMPUTED_VALUE"""),45801.0) -> 45801 | AW11: =IFERROR(__xludf.DUMMYFUNCTION("""COMPUTED_VALUE"""),FALSE) -> FALSE | AZ11: =IFERROR(__xludf.DUMMYFUNCTION("""COMPUTED_VALUE"""),45827.0) -> 45827 | BA11: =IFERROR(__xludf.DUMMYFUNCTION("""COMPUTED_VALUE"""),FALSE) -> FALSE | BB11: =IFERROR(__xludf.DUMMYFUNCTION("""COMPUTED_VALUE"""),45827.0) -> 45827
A12: =MID(M12, FIND(CHAR(10), M12) + 1, LEN(M12) - FIND(CHAR(10), M12)) -> G990-08499-42-A | B12: =MID(O12, FIND(CHAR(10), O12) + 1, LEN(O12) - FIND(CHAR(10), O12)) -> G990-08493-00-A | C12: =IFERROR(__xludf.DUMMYFUNCTION("""COMPUTED_VALUE"""),"GSTORE") -> GSTORE | D12: =IFERROR(__xludf.DUMMYFUNCTION("""COMPUTED_VALUE"""),"MP") -> MP | E12: =IFERROR(__xludf.DUMMYFUNCTION("""COMPUTED_VALUE"""),"Pristine") -> Pristine | F12: =IFERROR(__xludf.DUMMYFUNCTION("""COMPUTED_VALUE"""),"GA10306-US") -> GA10306-US | G12: =IFERROR(__xludf.DUMMYFUNCTION("""COMPUTED_VALUE"""),"G4QUR") -> G4QUR | H12: =IFERROR(__xludf.DUMMYFUNCTION("""COMPUTED_VALUE"""),8.40353925885E11) -> 840353925885 | I12: =IFERROR(__xludf.DUMMYFUNCTION("""COMPUTED_VALUE"""),"0840353925885") -> 0840353925885 | K12: =IFERROR(__xludf.DUMMYFUNCTION("""COMPUTED_VALUE"""),"ROW Master Carton Label (UPC)") -> ROW Master Carton Label (UPC) | L12: =IFERROR(__xludf.DUMMYFUNCTION("""COMPUTED_VALUE"""),"Standard Pallet Label -> BTO(EDI) Standard Pallet Label -> BTS(Normal case)") -> Standard Pallet Label -> BTO(EDI) Standard Pallet Label -> BTS(Normal case) | M12: =IFERROR(__xludf.DUMMYFUNCTION("""COMPUTED_VALUE"""),"G990-08499-42-02 G990-08499-42-A") -> G990-08499-42-02 G990-08499-42-A | N12: =IFERROR(__xludf.DUMMYFUNCTION("""COMPUTED_VALUE"""),"N/A") -> N/A | O12: =IFERROR(__xludf.DUMMYFUNCTION("""COMPUTED_VALUE"""),"G990-08493-00-01 G990-08493-00-A") -> G990-08493-00-01 G990-08493-00-A | P12: =IFERROR(__xludf.DUMMYFUNCTION("""COMPUTED_VALUE"""),"BOB→A Retail→A") -> BOB→A Retail→A | Q12: =IFERROR(__xludf.DUMMYFUNCTION("""COMPUTED_VALUE"""),"256GB") -> 256GB | R12: =IFERROR(__xludf.DUMMYFUNCTION("""COMPUTED_VALUE"""),"Jade") -> Jade | S12: =IFERROR(__xludf.DUMMYFUNCTION("""COMPUTED_VALUE"""),"Smokey Green") -> Smokey Green | T12: =IFERROR(__xludf.DUMMYFUNCTION("""COMPUTED_VALUE"""),"US GStore") -> US GStore | U12: =IFERROR(__xludf.DUMMYFUNCTION("""COMPUTED_VALUE"""),"SKU,CLR4, BETTER, MMWAVE, GSTORE, US, BZ5") -> SKU,CLR4, BETTER, MMWAVE, GSTORE, US, BZ5 | W12: =IFERROR(__xludf.DUMMYFUNCTION("""COMPUTED_VALUE"""),"#NUM!") -> #NUM! | X12: =IFERROR(__xludf.DUMMYFUNCTION("""COMPUTED_VALUE"""),45831.0) -> 45831 | Y12: =IFERROR(__xludf.DUMMYFUNCTION("""COMPUTED_VALUE"""),45780.0) -> 45780 | Z12: =IFERROR(__xludf.DUMMYFUNCTION("""COMPUTED_VALUE"""),TRUE) -> TRUE | AA12: =IFERROR(__xludf.DUMMYFUNCTION("""COMPUTED_VALUE"""),45780.0) -> 45780 | AB12: =IFERROR(__xludf.DUMMYFUNCTION("""COMPUTED_VALUE"""),FALSE) -> FALSE | AC12: =IFERROR(__xludf.DUMMYFUNCTION("""COMPUTED_VALUE"""),45787.0) -> 45787 | AD12: =IFERROR(__xludf.DUMMYFUNCTION("""COMPUTED_VALUE"""),45787.0) -> 45787 | AE12: =IFERROR(__xludf.DUMMYFUNCTION("""COMPUTED_VALUE"""),"GA10306-US GA10306-US-RevA") -> GA10306-US GA10306-US-RevA | AG12: =IFERROR(__xludf.DUMMYFUNCTION("""COMPUTED_VALUE"""),"GA10306-US") -> GA10306-US | AH12: =IFERROR(__xludf.DUMMYFUNCTION("""COMPUTED_VALUE"""),"GA10306-US GA10306-US-RevA") -> GA10306-US GA10306-US-RevA | AI12: =IFERROR(__xludf.DUMMYFUNCTION("""COMPUTED_VALUE"""),"GA10306-US") -> GA10306-US | AJ12: =IFERROR(__xludf.DUMMYFUNCTION("""COMPUTED_VALUE"""),45793.0) -> 45793 | AK12: =IFERROR(__xludf.DUMMYFUNCTION("""COMPUTED_VALUE"""),45801.0) -> 45801 | AL12: =IFERROR(__xludf.DUMMYFUNCTION("""COMPUTED_VALUE"""),TRUE) -> TRUE | AM12: =IFERROR(__xludf.DUMMYFUNCTION("""COMPUTED_VALUE"""),TRUE) -> TRUE | AN12: =IFERROR(__xludf.DUMMYFUNCTION("""COMPUTED_VALUE"""),45801.0) -> 45801 | AO12: =IFERROR(__xludf.DUMMYFUNCTION("""COMPUTED_VALUE"""),TRUE) -> TRUE | AP12: =IFERROR(__xludf.DUMMYFUNCTION("""COMPUTED_VALUE"""),"N") -> N | AR12: =IFERROR(__xludf.DUMMYFUNCTION("""COMPUTED_VALUE"""),45801.0) -> 45801 | AS12: =IFERROR(__xludf.DUMMYFUNCTION("""COMPUTED_VALUE"""),TRUE) -> TRUE | AT12: =IFERROR(__xludf.DUMMYFUNCTION("""COMPUTED_VALUE"""),"N") -> N | AV12: =IFERROR(__xludf.DUMMYFUNCTION("""COMPUTED_VALUE"""),45801.0) -> 45801 | AW12: =IFERROR(__xludf.DUMMYFUNCTION("""COMPUTED_VALUE"""),FALSE) -> FALSE | AZ12: =IFERROR(__xludf.DUMMYFUNCTION("""COMPUTED_VALUE"""),45827.0) -> 45827 | BA12: =IFERROR(__xludf.DUMMYFUNCTION("""COMPUTED_VALUE"""),FALSE) -> FALSE | BB12: =IFERROR(__xludf.DUMMYFUNCTION("""COMPUTED_VALUE"""),45827.0) -> 45827
A13: =MID(M13, FIND(CHAR(10), M13) + 1, LEN(M13) - FIND(CHAR(10), M13)) -> G990-08499-13-A | B13: =MID(O13, FIND(CHAR(10), O13) + 1, LEN(O13) - FIND(CHAR(10), O13)) -> G990-08493-00-A | C13: =IFERROR(__xludf.DUMMYFUNCTION("""COMPUTED_VALUE"""),"GSTORE") -> GSTORE | D13: =IFERROR(__xludf.DUMMYFUNCTION("""COMPUTED_VALUE"""),"MP") -> MP | E13: =IFERROR(__xludf.DUMMYFUNCTION("""COMPUTED_VALUE"""),"Pristine") -> Pristine | F13: =IFERROR(__xludf.DUMMYFUNCTION("""COMPUTED_VALUE"""),"GA09908-US") -> GA09908-US | G13: =IFERROR(__xludf.DUMMYFUNCTION("""COMPUTED_VALUE"""),"G4QUR") -> G4QUR | H13: =IFERROR(__xludf.DUMMYFUNCTION("""COMPUTED_VALUE"""),8.40353925892E11) -> 840353925892 | I13: =IFERROR(__xludf.DUMMYFUNCTION("""COMPUTED_VALUE"""),"0840353925892") -> 0840353925892 | K13: =IFERROR(__xludf.DUMMYFUNCTION("""COMPUTED_VALUE"""),"ROW Master Carton Label (UPC)") -> ROW Master Carton Label (UPC) | L13: =IFERROR(__xludf.DUMMYFUNCTION("""COMPUTED_VALUE"""),"Standard Pallet Label -> BTO(EDI) Standard Pallet Label -> BTS(Normal case)") -> Standard Pallet Label -> BTO(EDI) Standard Pallet Label -> BTS(Normal case) | M13: =IFERROR(__xludf.DUMMYFUNCTION("""COMPUTED_VALUE"""),"G990-08499-13-02 G990-08499-13-A") -> G990-08499-13-02 G990-08499-13-A | N13: =IFERROR(__xludf.DUMMYFUNCTION("""COMPUTED_VALUE"""),"N/A") -> N/A | O13: =IFERROR(__xludf.DUMMYFUNCTION("""COMPUTED_VALUE"""),"G990-08493-00-01 G990-08493-00-A") -> G990-08493-00-01 G990-08493-00-A | P13: =IFERROR(__xludf.DUMMYFUNCTION("""COMPUTED_VALUE"""),"BOB→A Retail→A") -> BOB→A Retail→A | Q13: =IFERROR(__xludf.DUMMYFUNCTION("""COMPUTED_VALUE"""),"512GB") -> 512GB | R13: =IFERROR(__xludf.DUMMYFUNCTION("""COMPUTED_VALUE"""),"Obsidian") -> Obsidian | S13: =IFERROR(__xludf.DUMMYFUNCTION("""COMPUTED_VALUE"""),"Midnight") -> Midnight | T13: =IFERROR(__xludf.DUMMYFUNCTION("""COMPUTED_VALUE"""),"US GStore") -> US GStore | U13: =IFERROR(__xludf.DUMMYFUNCTION("""COMPUTED_VALUE"""),"SKU,CLR1, BEST, MMWAVE, US GSTORE, BZ5") -> SKU,CLR1, BEST, MMWAVE, US GSTORE, BZ5 | W13: =IFERROR(__xludf.DUMMYFUNCTION("""COMPUTED_VALUE"""),"#NUM!") -> #NUM! | X13: =IFERROR(__xludf.DUMMYFUNCTION("""COMPUTED_VALUE"""),45831.0) -> 45831 | Y13: =IFERROR(__xludf.DUMMYFUNCTION("""COMPUTED_VALUE"""),45780.0) -> 45780 | Z13: =IFERROR(__xludf.DUMMYFUNCTION("""COMPUTED_VALUE"""),TRUE) -> TRUE | AA13: =IFERROR(__xludf.DUMMYFUNCTION("""COMPUTED_VALUE"""),45780.0) -> 45780 | AB13: =IFERROR(__xludf.DUMMYFUNCTION("""COMPUTED_VALUE"""),FALSE) -> FALSE | AC13: =IFERROR(__xludf.DUMMYFUNCTION("""COMPUTED_VALUE"""),45787.0) -> 45787 | AD13: =IFERROR(__xludf.DUMMYFUNCTION("""COMPUTED_VALUE"""),45787.0) -> 45787 | AE13: =IFERROR(__xludf.DUMMYFUNCTION("""COMPUTED_VALUE"""),"GA09908-US GA09908-US-RevA") -> GA09908-US GA09908-US-RevA | AG13: =IFERROR(__xludf.DUMMYFUNCTION("""COMPUTED_VALUE"""),"GA09908-US") -> GA09908-US | AH13: =IFERROR(__xludf.DUMMYFUNCTION("""COMPUTED_VALUE"""),"GA09908-US GA09908-US-RevA") -> GA09908-US GA09908-US-RevA | AI13: =IFERROR(__xludf.DUMMYFUNCTION("""COMPUTED_VALUE"""),"GA09908-US") -> GA09908-US | AJ13: =IFERROR(__xludf.DUMMYFUNCTION("""COMPUTED_VALUE"""),45793.0) -> 45793 | AK13: =IFERROR(__xludf.DUMMYFUNCTION("""COMPUTED_VALUE"""),45801.0) -> 45801 | AL13: =IFERROR(__xludf.DUMMYFUNCTION("""COMPUTED_VALUE"""),TRUE) -> TRUE | AM13: =IFERROR(__xludf.DUMMYFUNCTION("""COMPUTED_VALUE"""),TRUE) -> TRUE | AN13: =IFERROR(__xludf.DUMMYFUNCTION("""COMPUTED_VALUE"""),45801.0) -> 45801 | AO13: =IFERROR(__xludf.DUMMYFUNCTION("""COMPUTED_VALUE"""),TRUE) -> TRUE | AP13: =IFERROR(__xludf.DUMMYFUNCTION("""COMPUTED_VALUE"""),"N") -> N | AR13: =IFERROR(__xludf.DUMMYFUNCTION("""COMPUTED_VALUE"""),45801.0) -> 45801 | AS13: =IFERROR(__xludf.DUMMYFUNCTION("""COMPUTED_VALUE"""),TRUE) -> TRUE | AT13: =IFERROR(__xludf.DUMMYFUNCTION("""COMPUTED_VALUE"""),"N") -> N | AV13: =IFERROR(__xludf.DUMMYFUNCTION("""COMPUTED_VALUE"""),45801.0) -> 45801 | AW13: =IFERROR(__xludf.DUMMYFUNCTION("""COMPUTED_VALUE"""),FALSE) -> FALSE | AZ13: =IFERROR(__xludf.DUMMYFUNCTION("""COMPUTED_VALUE"""),45827.0) -> 45827 | BA13: =IFERROR(__xludf.DUMMYFUNCTION("""COMPUTED_VALUE"""),FALSE) -> FALSE | BB13: =IFERROR(__xludf.DUMMYFUNCTION("""COMPUTED_VALUE"""),45827.0) -> 45827
A14: =MID(M14, FIND(CHAR(10), M14) + 1, LEN(M14) - FIND(CHAR(10), M14)) -> G990-08499-23-A | B14: =MID(O14, FIND(CHAR(10), O14) + 1, LEN(O14) - FIND(CHAR(10), O14)) -> G990-08493-00-A | C14: =IFERROR(__xludf.DUMMYFUNCTION("""COMPUTED_VALUE"""),"GSTORE") -> GSTORE | D14: =IFERROR(__xludf.DUMMYFUNCTION("""COMPUTED_VALUE"""),"MP") -> MP | E14: =IFERROR(__xludf.DUMMYFUNCTION("""COMPUTED_VALUE"""),"Pristine") -> Pristine | F14: =IFERROR(__xludf.DUMMYFUNCTION("""COMPUTED_VALUE"""),"GA10307-US") -> GA10307-US | G14: =IFERROR(__xludf.DUMMYFUNCTION("""COMPUTED_VALUE"""),"G4QUR") -> G4QUR | H14: =IFERROR(__xludf.DUMMYFUNCTION("""COMPUTED_VALUE"""),8.40353925922E11) -> 840353925922 | I14: =IFERROR(__xludf.DUMMYFUNCTION("""COMPUTED_VALUE"""),"0840353925922") -> 0840353925922 | K14: =IFERROR(__xludf.DUMMYFUNCTION("""COMPUTED_VALUE"""),"ROW Master Carton Label (UPC)") -> ROW Master Carton Label (UPC) | L14: =IFERROR(__xludf.DUMMYFUNCTION("""COMPUTED_VALUE"""),"Standard Pallet Label -> BTO(EDI) Standard Pallet Label -> BTS(Normal case)") -> Standard Pallet Label -> BTO(EDI) Standard Pallet Label -> BTS(Normal case) | M14: =IFERROR(__xludf.DUMMYFUNCTION("""COMPUTED_VALUE"""),"G990-08499-23-02 G990-08499-23-A") -> G990-08499-23-02 G990-08499-23-A | N14: =IFERROR(__xludf.DUMMYFUNCTION("""COMPUTED_VALUE"""),"N/A") -> N/A | O14: =IFERROR(__xludf.DUMMYFUNCTION("""COMPUTED_VALUE"""),"G990-08493-00-01 G990-08493-00-A") -> G990-08493-00-01 G990-08493-00-A | P14: =IFERROR(__xludf.DUMMYFUNCTION("""COMPUTED_VALUE"""),"BOB→A Retail→A") -> BOB→A Retail→A | Q14: =IFERROR(__xludf.DUMMYFUNCTION("""COMPUTED_VALUE"""),"512GB") -> 512GB | R14: =IFERROR(__xludf.DUMMYFUNCTION("""COMPUTED_VALUE"""),"Porcelain") -> Porcelain | S14: =IFERROR(__xludf.DUMMYFUNCTION("""COMPUTED_VALUE"""),"Light Porcelain") -> Light Porcelain | T14: =IFERROR(__xludf.DUMMYFUNCTION("""COMPUTED_VALUE"""),"US GStore") -> US GStore | U14: =IFERROR(__xludf.DUMMYFUNCTION("""COMPUTED_VALUE"""),"SKU,CLR2, BEST, MMWAVE, GSTORE, US, BZ5") -> SKU,CLR2, BEST, MMWAVE, GSTORE, US, BZ5 | W14: =IFERROR(__xludf.DUMMYFUNCTION("""COMPUTED_VALUE"""),"#NUM!") -> #NUM! | X14: =IFERROR(__xludf.DUMMYFUNCTION("""COMPUTED_VALUE"""),45831.0) -> 45831 | Y14: =IFERROR(__xludf.DUMMYFUNCTION("""COMPUTED_VALUE"""),45780.0) -> 45780 | Z14: =IFERROR(__xludf.DUMMYFUNCTION("""COMPUTED_VALUE"""),TRUE) -> TRUE | AA14: =IFERROR(__xludf.DUMMYFUNCTION("""COMPUTED_VALUE"""),45780.0) -> 45780 | AB14: =IFERROR(__xludf.DUMMYFUNCTION("""COMPUTED_VALUE"""),FALSE) -> FALSE | AC14: =IFERROR(__xludf.DUMMYFUNCTION("""COMPUTED_VALUE"""),45787.0) -> 45787 | AD14: =IFERROR(__xludf.DUMMYFUNCTION("""COMPUTED_VALUE"""),45787.0) -> 45787 | AE14: =IFERROR(__xludf.DUMMYFUNCTION("""COMPUTED_VALUE"""),"GA10307-US GA10307-US-RevA") -> GA10307-US GA10307-US-RevA | AG14: =IFERROR(__xludf.DUMMYFUNCTION("""COMPUTED_VALUE"""),"GA10307-US") -> GA10307-US | AH14: =IFERROR(__xludf.DUMMYFUNCTION("""COMPUTED_VALUE"""),"GA10307-US GA10307-US-RevA") -> GA10307-US GA10307-US-RevA | AI14: =IFERROR(__xludf.DUMMYFUNCTION("""COMPUTED_VALUE"""),"GA10307-US") -> GA10307-US | AJ14: =IFERROR(__xludf.DUMMYFUNCTION("""COMPUTED_VALUE"""),45793.0) -> 45793 | AK14: =IFERROR(__xludf.DUMMYFUNCTION("""COMPUTED_VALUE"""),45801.0) -> 45801 | AL14: =IFERROR(__xludf.DUMMYFUNCTION("""COMPUTED_VALUE"""),TRUE) -> TRUE | AM14: =IFERROR(__xludf.DUMMYFUNCTION("""COMPUTED_VALUE"""),TRUE) -> TRUE | AN14: =IFERROR(__xludf.DUMMYFUNCTION("""COMPUTED_VALUE"""),45801.0) -> 45801 | AO14: =IFERROR(__xludf.DUMMYFUNCTION("""COMPUTED_VALUE"""),TRUE) -> TRUE | AP14: =IFERROR(__xludf.DUMMYFUNCTION("""COMPUTED_VALUE"""),"N") -> N | AR14: =IFERROR(__xludf.DUMMYFUNCTION("""COMPUTED_VALUE"""),45801.0) -> 45801 | AS14: =IFERROR(__xludf.DUMMYFUNCTION("""COMPUTED_VALUE"""),TRUE) -> TRUE | AT14: =IFERROR(__xludf.DUMMYFUNCTION("""COMPUTED_VALUE"""),"N") -> N | AV14: =IFERROR(__xludf.DUMMYFUNCTION("""COMPUTED_VALUE"""),45801.0) -> 45801 | AW14: =IFERROR(__xludf.DUMMYFUNCTION("""COMPUTED_VALUE"""),FALSE) -> FALSE | AZ14: =IFERROR(__xludf.DUMMYFUNCTION("""COMPUTED_VALUE"""),45827.0) -> 45827 | BA14: =IFERROR(__xludf.DUMMYFUNCTION("""COMPUTED_VALUE"""),FALSE) -> FALSE | BB14: =IFERROR(__xludf.DUMMYFUNCTION("""COMPUTED_VALUE"""),45827.0) -> 45827
A15: =MID(M15, FIND(CHAR(10), M15) + 1, LEN(M15) - FIND(CHAR(10), M15)) -> G990-08499-33-A | B15: =MID(O15, FIND(CHAR(10), O15) + 1, LEN(O15) - FIND(CHAR(10), O15)) -> G990-08493-00-A | C15: =IFERROR(__xludf.DUMMYFUNCTION("""COMPUTED_VALUE"""),"GSTORE") -> GSTORE | D15: =IFERROR(__xludf.DUMMYFUNCTION("""COMPUTED_VALUE"""),"MP") -> MP | E15: =IFERROR(__xludf.DUMMYFUNCTION("""COMPUTED_VALUE"""),"Pristine") -> Pristine | F15: =IFERROR(__xludf.DUMMYFUNCTION("""COMPUTED_VALUE"""),"GA10308-US") -> GA10308-US | G15: =IFERROR(__xludf.DUMMYFUNCTION("""COMPUTED_VALUE"""),"G4QUR") -> G4QUR | H15: =IFERROR(__xludf.DUMMYFUNCTION("""COMPUTED_VALUE"""),8.40353925908E11) -> 840353925908 | I15: =IFERROR(__xludf.DUMMYFUNCTION("""COMPUTED_VALUE"""),"0840353925908") -> 0840353925908 | K15: =IFERROR(__xludf.DUMMYFUNCTION("""COMPUTED_VALUE"""),"ROW Master Carton Label (UPC)") -> ROW Master Carton Label (UPC) | L15: =IFERROR(__xludf.DUMMYFUNCTION("""COMPUTED_VALUE"""),"Standard Pallet Label -> BTO(EDI) Standard Pallet Label -> BTS(Normal case)") -> Standard Pallet Label -> BTO(EDI) Standard Pallet Label -> BTS(Normal case) | M15: =IFERROR(__xludf.DUMMYFUNCTION("""COMPUTED_VALUE"""),"G990-08499-33-02 G990-08499-33-A") -> G990-08499-33-02 G990-08499-33-A | N15: =IFERROR(__xludf.DUMMYFUNCTION("""COMPUTED_VALUE"""),"N/A") -> N/A | O15: =IFERROR(__xludf.DUMMYFUNCTION("""COMPUTED_VALUE"""),"G990-08493-00-01 G990-08493-00-A") -> G990-08493-00-01 G990-08493-00-A | P15: =IFERROR(__xludf.DUMMYFUNCTION("""COMPUTED_VALUE"""),"BOB→A Retail→A") -> BOB→A Retail→A | Q15: =IFERROR(__xludf.DUMMYFUNCTION("""COMPUTED_VALUE"""),"512GB") -> 512GB | R15: =IFERROR(__xludf.DUMMYFUNCTION("""COMPUTED_VALUE"""),"Moonstone") -> Moonstone | S15: =IFERROR(__xludf.DUMMYFUNCTION("""COMPUTED_VALUE"""),"Sterling") -> Sterling | T15: =IFERROR(__xludf.DUMMYFUNCTION("""COMPUTED_VALUE"""),"US GStore") -> US GStore | U15: =IFERROR(__xludf.DUMMYFUNCTION("""COMPUTED_VALUE"""),"SKU,CLR3, BEST, MMWAVE, GSTORE, US, BZ5") -> SKU,CLR3, BEST, MMWAVE, GSTORE, US, BZ5 | W15: =IFERROR(__xludf.DUMMYFUNCTION("""COMPUTED_VALUE"""),"#NUM!") -> #NUM! | X15: =IFERROR(__xludf.DUMMYFUNCTION("""COMPUTED_VALUE"""),45831.0) -> 45831 | Y15: =IFERROR(__xludf.DUMMYFUNCTION("""COMPUTED_VALUE"""),45780.0) -> 45780 | Z15: =IFERROR(__xludf.DUMMYFUNCTION("""COMPUTED_VALUE"""),TRUE) -> TRUE | AA15: =IFERROR(__xludf.DUMMYFUNCTION("""COMPUTED_VALUE"""),45780.0) -> 45780 | AB15: =IFERROR(__xludf.DUMMYFUNCTION("""COMPUTED_VALUE"""),FALSE) -> FALSE | AC15: =IFERROR(__xludf.DUMMYFUNCTION("""COMPUTED_VALUE"""),45787.0) -> 45787 | AD15: =IFERROR(__xludf.DUMMYFUNCTION("""COMPUTED_VALUE"""),45787.0) -> 45787 | AE15: =IFERROR(__xludf.DUMMYFUNCTION("""COMPUTED_VALUE"""),"GA10308-US GA10308-US-RevA") -> GA10308-US GA10308-US-RevA | AG15: =IFERROR(__xludf.DUMMYFUNCTION("""COMPUTED_VALUE"""),"GA10308-US") -> GA10308-US | AH15: =IFERROR(__xludf.DUMMYFUNCTION("""COMPUTED_VALUE"""),"GA10308-US GA10308-US-RevA") -> GA10308-US GA10308-US-RevA | AI15: =IFERROR(__xludf.DUMMYFUNCTION("""COMPUTED_VALUE"""),"GA10308-US") -> GA10308-US | AJ15: =IFERROR(__xludf.DUMMYFUNCTION("""COMPUTED_VALUE"""),45793.0) -> 45793 | AK15: =IFERROR(__xludf.DUMMYFUNCTION("""COMPUTED_VALUE"""),45801.0) -> 45801 | AL15: =IFERROR(__xludf.DUMMYFUNCTION("""COMPUTED_VALUE"""),TRUE) -> TRUE | AM15: =IFERROR(__xludf.DUMMYFUNCTION("""COMPUTED_VALUE"""),TRUE) -> TRUE | AN15: =IFERROR(__xludf.DUMMYFUNCTION("""COMPUTED_VALUE"""),45801.0) -> 45801 | AO15: =IFERROR(__xludf.DUMMYFUNCTION("""COMPUTED_VALUE"""),TRUE) -> TRUE | AP15: =IFERROR(__xludf.DUMMYFUNCTION("""COMPUTED_VALUE"""),"N") -> N | AR15: =IFERROR(__xludf.DUMMYFUNCTION("""COMPUTED_VALUE"""),45801.0) -> 45801 | AS15: =IFERROR(__xludf.DUMMYFUNCTION("""COMPUTED_VALUE"""),TRUE) -> TRUE | AT15: =IFERROR(__xludf.DUMMYFUNCTION("""COMPUTED_VALUE"""),"N") -> N | AV15: =IFERROR(__xludf.DUMMYFUNCTION("""COMPUTED_VALUE"""),45801.0) -> 45801 | AW15: =IFERROR(__xludf.DUMMYFUNCTION("""COMPUTED_VALUE"""),FALSE) -> FALSE | AZ15: =IFERROR(__xludf.DUMMYFUNCTION("""COMPUTED_VALUE"""),45827.0) -> 45827 | BA15: =IFERROR(__xludf.DUMMYFUNCTION("""COMPUTED_VALUE"""),FALSE) -> FALSE | BB15: =IFERROR(__xludf.DUMMYFUNCTION("""COMPUTED_VALUE"""),45827.0) -> 45827
A16: =MID(M16, FIND(CHAR(10), M16) + 1, LEN(M16) - FIND(CHAR(10), M16)) -> #VALUE! | B16: =MID(O16, FIND(CHAR(10), O16) + 1, LEN(O16) - FIND(CHAR(10), O16)) -> G990-08493-00-A | C16: =IFERROR(__xludf.DUMMYFUNCTION("""COMPUTED_VALUE"""),"GSTORE") -> GSTORE | D16: =IFERROR(__xludf.DUMMYFUNCTION("""COMPUTED_VALUE"""),"MP") -> MP | E16: =IFERROR(__xludf.DUMMYFUNCTION("""COMPUTED_VALUE"""),"Pristine") -> Pristine | F16: =IFERROR(__xludf.DUMMYFUNCTION("""COMPUTED_VALUE"""),"GA10309-US") -> GA10309-US | G16: =IFERROR(__xludf.DUMMYFUNCTION("""COMPUTED_VALUE"""),"G4QUR") -> G4QUR | H16: =IFERROR(__xludf.DUMMYFUNCTION("""COMPUTED_VALUE"""),8.40353925915E11) -> 840353925915 | I16: =IFERROR(__xludf.DUMMYFUNCTION("""COMPUTED_VALUE"""),"0840353925915") -> 0840353925915 | M16: =IFERROR(__xludf.DUMMYFUNCTION("""COMPUTED_VALUE"""),"G990-08499-43-02") -> G990-08499-43-02 | N16: =IFERROR(__xludf.DUMMYFUNCTION("""COMPUTED_VALUE"""),"N/A") -> N/A | O16: =IFERROR(__xludf.DUMMYFUNCTION("""COMPUTED_VALUE"""),"G990-08493-00-01 G990-08493-00-A") -> G990-08493-00-01 G990-08493-00-A | P16: =IFERROR(__xludf.DUMMYFUNCTION("""COMPUTED_VALUE"""),"BOB→A Retail→A") -> BOB→A Retail→A | Q16: =IFERROR(__xludf.DUMMYFUNCTION("""COMPUTED_VALUE"""),"512GB") -> 512GB | R16: =IFERROR(__xludf.DUMMYFUNCTION("""COMPUTED_VALUE"""),"Jade") -> Jade | S16: =IFERROR(__xludf.DUMMYFUNCTION("""COMPUTED_VALUE"""),"Smokey Green") -> Smokey Green | T16: =IFERROR(__xludf.DUMMYFUNCTION("""COMPUTED_VALUE"""),"US GStore") -> US GStore | U16: =IFERROR(__xludf.DUMMYFUNCTION("""COMPUTED_VALUE"""),"SKU,CLR4, BEST, MMWAVE, GSTORE, US, BZ5") -> SKU,CLR4, BEST, MMWAVE, GSTORE, US, BZ5 | W16: =IFERROR(__xludf.DUMMYFUNCTION("""COMPUTED_VALUE"""),"#NUM!") -> #NUM! | X16: =IFERROR(__xludf.DUMMYFUNCTION("""COMPUTED_VALUE"""),45831.0) -> 45831 | Y16: =IFERROR(__xludf.DUMMYFUNCTION("""COMPUTED_VALUE"""),45780.0) -> 45780 | Z16: =IFERROR(__xludf.DUMMYFUNCTION("""COMPUTED_VALUE"""),FALSE) -> FALSE | AA16: =IFERROR(__xludf.DUMMYFUNCTION("""COMPUTED_VALUE"""),45780.0) -> 45780 | AB16: =IFERROR(__xludf.DUMMYFUNCTION("""COMPUTED_VALUE"""),FALSE) -> FALSE | AC16: =IFERROR(__xludf.DUMMYFUNCTION("""COMPUTED_VALUE"""),45787.0) -> 45787 | AD16: =IFERROR(__xludf.DUMMYFUNCTION("""COMPUTED_VALUE"""),45787.0) -> 45787 | AI16: =IFERROR(__xludf.DUMMYFUNCTION("""COMPUTED_VALUE"""),"GA10309-US") -> GA10309-US | AJ16: =IFERROR(__xludf.DUMMYFUNCTION("""COMPUTED_VALUE"""),45793.0) -> 45793 | AK16: =IFERROR(__xludf.DUMMYFUNCTION("""COMPUTED_VALUE"""),45801.0) -> 45801 | AL16: =IFERROR(__xludf.DUMMYFUNCTION("""COMPUTED_VALUE"""),FALSE) -> FALSE | AM16: =IFERROR(__xludf.DUMMYFUNCTION("""COMPUTED_VALUE"""),FALSE) -> FALSE | AN16: =IFERROR(__xludf.DUMMYFUNCTION("""COMPUTED_VALUE"""),45801.0) -> 45801 | AO16: =IFERROR(__xludf.DUMMYFUNCTION("""COMPUTED_VALUE"""),FALSE) -> FALSE | AR16: =IFERROR(__xludf.DUMMYFUNCTION("""COMPUTED_VALUE"""),45801.0) -> 45801 | AT16: =IFERROR(__xludf.DUMMYFUNCTION("""COMPUTED_VALUE"""),"N") -> N | AV16: =IFERROR(__xludf.DUMMYFUNCTION("""COMPUTED_VALUE"""),45801.0) -> 45801 | AW16: =IFERROR(__xludf.DUMMYFUNCTION("""COMPUTED_VALUE"""),FALSE) -> FALSE | AZ16: =IFERROR(__xludf.DUMMYFUNCTION("""COMPUTED_VALUE"""),45827.0) -> 45827 | BA16: =IFERROR(__xludf.DUMMYFUNCTION("""COMPUTED_VALUE"""),FALSE) -> FALSE | BB16: =IFERROR(__xludf.DUMMYFUNCTION("""COMPUTED_VALUE"""),45827.0) -> 45827
A17: =MID(M17, FIND(CHAR(10), M17) + 1, LEN(M17) - FIND(CHAR(10), M17)) -> G990-08499-14-A | B17: =MID(O17, FIND(CHAR(10), O17) + 1, LEN(O17) - FIND(CHAR(10), O17)) -> G990-08493-00-A | C17: =IFERROR(__xludf.DUMMYFUNCTION("""COMPUTED_VALUE"""),"GSTORE") -> GSTORE | D17: =IFERROR(__xludf.DUMMYFUNCTION("""COMPUTED_VALUE"""),"MP") -> MP | E17: =IFERROR(__xludf.DUMMYFUNCTION("""COMPUTED_VALUE"""),"Pristine") -> Pristine | F17: =IFERROR(__xludf.DUMMYFUNCTION("""COMPUTED_VALUE"""),"GA09933-US") -> GA09933-US | G17: =IFERROR(__xludf.DUMMYFUNCTION("""COMPUTED_VALUE"""),"G4QUR") -> G4QUR | H17: =IFERROR(__xludf.DUMMYFUNCTION("""COMPUTED_VALUE"""),8.40353925939E11) -> 840353925939 | I17: =IFERROR(__xludf.DUMMYFUNCTION("""COMPUTED_VALUE"""),"0840353925939") -> 0840353925939 | K17: =IFERROR(__xludf.DUMMYFUNCTION("""COMPUTED_VALUE"""),"ROW Master Carton Label (UPC)") -> ROW Master Carton Label (UPC) | L17: =IFERROR(__xludf.DUMMYFUNCTION("""COMPUTED_VALUE"""),"Standard Pallet Label -> BTO(EDI) Standard Pallet Label -> BTS(Normal case)") -> Standard Pallet Label -> BTO(EDI) Standard Pallet Label -> BTS(Normal case) | M17: =IFERROR(__xludf.DUMMYFUNCTION("""COMPUTED_VALUE"""),"G990-08499-14-02 G990-08499-14-A") -> G990-08499-14-02 G990-08499-14-A | N17: =IFERROR(__xludf.DUMMYFUNCTION("""COMPUTED_VALUE"""),"N/A") -> N/A | O17: =IFERROR(__xludf.DUMMYFUNCTION("""COMPUTED_VALUE"""),"G990-08493-00-01 G990-08493-00-A") -> G990-08493-00-01 G990-08493-00-A | P17: =IFERROR(__xludf.DUMMYFUNCTION("""COMPUTED_VALUE"""),"BOB→A Retail→A") -> BOB→A Retail→A | Q17: =IFERROR(__xludf.DUMMYFUNCTION("""COMPUTED_VALUE"""),"1TB") -> 1TB | R17: =IFERROR(__xludf.DUMMYFUNCTION("""COMPUTED_VALUE"""),"Obsidian") -> Obsidian | S17: =IFERROR(__xludf.DUMMYFUNCTION("""COMPUTED_VALUE"""),"Midnight") -> Midnight | T17: =IFERROR(__xludf.DUMMYFUNCTION("""COMPUTED_VALUE"""),"US GStore") -> US GStore | U17: =IFERROR(__xludf.DUMMYFUNCTION("""COMPUTED_VALUE"""),"SKU,CLR1, ULTRA, MMWAVE, US GSTORE, BZ5") -> SKU,CLR1, ULTRA, MMWAVE, US GSTORE, BZ5 | W17: =IFERROR(__xludf.DUMMYFUNCTION("""COMPUTED_VALUE"""),"#NUM!") -> #NUM! | X17: =IFERROR(__xludf.DUMMYFUNCTION("""COMPUTED_VALUE"""),45831.0) -> 45831 | Y17: =IFERROR(__xludf.DUMMYFUNCTION("""COMPUTED_VALUE"""),45780.0) -> 45780 | Z17: =IFERROR(__xludf.DUMMYFUNCTION("""COMPUTED_VALUE"""),TRUE) -> TRUE | AA17: =IFERROR(__xludf.DUMMYFUNCTION("""COMPUTED_VALUE"""),45780.0) -> 45780 | AB17: =IFERROR(__xludf.DUMMYFUNCTION("""COMPUTED_VALUE"""),FALSE) -> FALSE | AC17: =IFERROR(__xludf.DUMMYFUNCTION("""COMPUTED_VALUE"""),45787.0) -> 45787 | AD17: =IFERROR(__xludf.DUMMYFUNCTION("""COMPUTED_VALUE"""),45787.0) -> 45787 | AE17: =IFERROR(__xludf.DUMMYFUNCTION("""COMPUTED_VALUE"""),"GA09933-US GA09933-US-RevA") -> GA09933-US GA09933-US-RevA | AG17: =IFERROR(__xludf.DUMMYFUNCTION("""COMPUTED_VALUE"""),"GA09933-US") -> GA09933-US | AH17: =IFERROR(__xludf.DUMMYFUNCTION("""COMPUTED_VALUE"""),"GA09933-US GA09933-US-RevA") -> GA09933-US GA09933-US-RevA | AI17: =IFERROR(__xludf.DUMMYFUNCTION("""COMPUTED_VALUE"""),"GA09933-US") -> GA09933-US | AJ17: =IFERROR(__xludf.DUMMYFUNCTION("""COMPUTED_VALUE"""),45793.0) -> 45793 | AK17: =IFERROR(__xludf.DUMMYFUNCTION("""COMPUTED_VALUE"""),45801.0) -> 45801 | AL17: =IFERROR(__xludf.DUMMYFUNCTION("""COMPUTED_VALUE"""),TRUE) -> TRUE | AM17: =IFERROR(__xludf.DUMMYFUNCTION("""COMPUTED_VALUE"""),TRUE) -> TRUE | AN17: =IFERROR(__xludf.DUMMYFUNCTION("""COMPUTED_VALUE"""),45801.0) -> 45801 | AO17: =IFERROR(__xludf.DUMMYFUNCTION("""COMPUTED_VALUE"""),TRUE) -> TRUE | AP17: =IFERROR(__xludf.DUMMYFUNCTION("""COMPUTED_VALUE"""),"N") -> N | AR17: =IFERROR(__xludf.DUMMYFUNCTION("""COMPUTED_VALUE"""),45801.0) -> 45801 | AS17: =IFERROR(__xludf.DUMMYFUNCTION("""COMPUTED_VALUE"""),TRUE) -> TRUE | AT17: =IFERROR(__xludf.DUMMYFUNCTION("""COMPUTED_VALUE"""),"N") -> N | AV17: =IFERROR(__xludf.DUMMYFUNCTION("""COMPUTED_VALUE"""),45801.0) -> 45801 | AW17: =IFERROR(__xludf.DUMMYFUNCTION("""COMPUTED_VALUE"""),FALSE) -> FALSE | AZ17: =IFERROR(__xludf.DUMMYFUNCTION("""COMPUTED_VALUE"""),45827.0) -> 45827 | BA17: =IFERROR(__xludf.DUMMYFUNCTION("""COMPUTED_VALUE"""),FALSE) -> FALSE | BB17: =IFERROR(__xludf.DUMMYFUNCTION("""COMPUTED_VALUE"""),45827.0) -> 45827
A18: =MID(M18, FIND(CHAR(10), M18) + 1, LEN(M18) - FIND(CHAR(10), M18)) -> #VALUE! | B18: =MID(O18, FIND(CHAR(10), O18) + 1, LEN(O18) - FIND(CHAR(10), O18)) -> #VALUE! | C18: =IFERROR(__xludf.DUMMYFUNCTION("""COMPUTED_VALUE"""),"GSTORE") -> GSTORE | D18: =IFERROR(__xludf.DUMMYFUNCTION("""COMPUTED_VALUE"""),"MP") -> MP | E18: =IFERROR(__xludf.DUMMYFUNCTION("""COMPUTED_VALUE"""),"Pristine") -> Pristine | F18: =IFERROR(__xludf.DUMMYFUNCTION("""COMPUTED_VALUE"""),"GA10310-US") -> GA10310-US | G18: =IFERROR(__xludf.DUMMYFUNCTION("""COMPUTED_VALUE"""),"G4QUR") -> G4QUR | H18: =IFERROR(__xludf.DUMMYFUNCTION("""COMPUTED_VALUE"""),8.40353925946E11) -> 840353925946 | I18: =IFERROR(__xludf.DUMMYFUNCTION("""COMPUTED_VALUE"""),"0840353925946") -> 0840353925946 | M18: =IFERROR(__xludf.DUMMYFUNCTION("""COMPUTED_VALUE"""),"G990-08499-34-02") -> G990-08499-34-02 | N18: =IFERROR(__xludf.DUMMYFUNCTION("""COMPUTED_VALUE"""),"N/A") -> N/A | O18: =IFERROR(__xludf.DUMMYFUNCTION("""COMPUTED_VALUE"""),"G990-08493-00-01") -> G990-08493-00-01 | P18: =IFERROR(__xludf.DUMMYFUNCTION("""COMPUTED_VALUE"""),"BOB→A Retail→A") -> BOB→A Retail→A | Q18: =IFERROR(__xludf.DUMMYFUNCTION("""COMPUTED_VALUE"""),"1TB") -> 1TB | R18: =IFERROR(__xludf.DUMMYFUNCTION("""COMPUTED_VALUE"""),"Moonstone") -> Moonstone | S18: =IFERROR(__xludf.DUMMYFUNCTION("""COMPUTED_VALUE"""),"Sterling") -> Sterling | T18: =IFERROR(__xludf.DUMMYFUNCTION("""COMPUTED_VALUE"""),"US GStore") -> US GStore | U18: =IFERROR(__xludf.DUMMYFUNCTION("""COMPUTED_VALUE"""),"SKU,CLR3, ULTRA, MMWAVE, GSTORE, US, BZ5") -> SKU,CLR3, ULTRA, MMWAVE, GSTORE, US, BZ5 | W18: =IFERROR(__xludf.DUMMYFUNCTION("""COMPUTED_VALUE"""),"#NUM!") -> #NUM! | X18: =IFERROR(__xludf.DUMMYFUNCTION("""COMPUTED_VALUE"""),45831.0) -> 45831 | Y18: =IFERROR(__xludf.DUMMYFUNCTION("""COMPUTED_VALUE"""),45780.0) -> 45780 | Z18: =IFERROR(__xludf.DUMMYFUNCTION("""COMPUTED_VALUE"""),FALSE) -> FALSE | AA18: =IFERROR(__xludf.DUMMYFUNCTION("""COMPUTED_VALUE"""),45780.0) -> 45780 | AB18: =IFERROR(__xludf.DUMMYFUNCTION("""COMPUTED_VALUE"""),FALSE) -> FALSE | AC18: =IFERROR(__xludf.DUMMYFUNCTION("""COMPUTED_VALUE"""),45787.0) -> 45787 | AD18: =IFERROR(__xludf.DUMMYFUNCTION("""COMPUTED_VALUE"""),45787.0) -> 45787 | AI18: =IFERROR(__xludf.DUMMYFUNCTION("""COMPUTED_VALUE"""),"GA10310-US") -> GA10310-US | AJ18: =IFERROR(__xludf.DUMMYFUNCTION("""COMPUTED_VALUE"""),45793.0) -> 45793 | AK18: =IFERROR(__xludf.DUMMYFUNCTION("""COMPUTED_VALUE"""),45801.0) -> 45801 | AL18: =IFERROR(__xludf.DUMMYFUNCTION("""COMPUTED_VALUE"""),FALSE) -> FALSE | AM18: =IFERROR(__xludf.DUMMYFUNCTION("""COMPUTED_VALUE"""),FALSE) -> FALSE | AN18: =IFERROR(__xludf.DUMMYFUNCTION("""COMPUTED_VALUE"""),45801.0) -> 45801 | AO18: =IFERROR(__xludf.DUMMYFUNCTION("""COMPUTED_VALUE"""),FALSE) -> FALSE | AR18: =IFERROR(__xludf.DUMMYFUNCTION("""COMPUTED_VALUE"""),45801.0) -> 45801 | AV18: =IFERROR(__xludf.DUMMYFUNCTION("""COMPUTED_VALUE"""),45801.0) -> 45801 | AW18: =IFERROR(__xludf.DUMMYFUNCTION("""COMPUTED_VALUE"""),FALSE) -> FALSE | AZ18: =IFERROR(__xludf.DUMMYFUNCTION("""COMPUTED_VALUE"""),45827.0) -> 45827 | BA18: =IFERROR(__xludf.DUMMYFUNCTION("""COMPUTED_VALUE"""),FALSE) -> FALSE | BB18: =IFERROR(__xludf.DUMMYFUNCTION("""COMPUTED_VALUE"""),45827.0) -> 45827
A19: =MID(M19, FIND(CHAR(10), M19) + 1, LEN(M19) - FIND(CHAR(10), M19)) -> #VALUE! | B19: =MID(O19, FIND(CHAR(10), O19) + 1, LEN(O19) - FIND(CHAR(10), O19)) -> #VALUE! | C19: =IFERROR(__xludf.DUMMYFUNCTION("""COMPUTED_VALUE"""),"JP") -> JP | D19: =IFERROR(__xludf.DUMMYFUNCTION("""COMPUTED_VALUE"""),"MP") -> MP | E19: =IFERROR(__xludf.DUMMYFUNCTION("""COMPUTED_VALUE"""),"Pristine") -> Pristine | F19: =IFERROR(__xludf.DUMMYFUNCTION("""COMPUTED_VALUE"""),"GA09601-JP") -> GA09601-JP | G19: =IFERROR(__xludf.DUMMYFUNCTION("""COMPUTED_VALUE"""),"GN4F5") -> GN4F5 | H19: =IFERROR(__xludf.DUMMYFUNCTION("""COMPUTED_VALUE"""),8.4035392596E11) -> 840353925960 | I19: =IFERROR(__xludf.DUMMYFUNCTION("""COMPUTED_VALUE"""),"0840353925960") -> 0840353925960 | M19: =IFERROR(__xludf.DUMMYFUNCTION("""COMPUTED_VALUE"""),"G990-08529-11-02") -> G990-08529-11-02 | N19: =IFERROR(__xludf.DUMMYFUNCTION("""COMPUTED_VALUE"""),"N/A") -> N/A | O19: =IFERROR(__xludf.DUMMYFUNCTION("""COMPUTED_VALUE"""),"G990-08495-00-01") -> G990-08495-00-01 | P19: =IFERROR(__xludf.DUMMYFUNCTION("""COMPUTED_VALUE"""),"BOB→A Retail→A") -> BOB→A Retail→A | Q19: =IFERROR(__xludf.DUMMYFUNCTION("""COMPUTED_VALUE"""),"128GB") -> 128GB | R19: =IFERROR(__xludf.DUMMYFUNCTION("""COMPUTED_VALUE"""),"Obsidian") -> Obsidian | S19: =IFERROR(__xludf.DUMMYFUNCTION("""COMPUTED_VALUE"""),"Midnight") -> Midnight | T19: =IFERROR(__xludf.DUMMYFUNCTION("""COMPUTED_VALUE"""),"JP") -> JP | U19: =IFERROR(__xludf.DUMMYFUNCTION("""COMPUTED_VALUE"""),"SKU,CLR1, GOOD, SUB6, JP, BZ5") -> SKU,CLR1, GOOD, SUB6, JP, BZ5 | W19: =IFERROR(__xludf.DUMMYFUNCTION("""COMPUTED_VALUE"""),"#NUM!") -> #NUM! | X19: =IFERROR(__xludf.DUMMYFUNCTION("""COMPUTED_VALUE"""),45831.0) -> 45831 | Y19: =IFERROR(__xludf.DUMMYFUNCTION("""COMPUTED_VALUE"""),45780.0) -> 45780 | Z19: =IFERROR(__xludf.DUMMYFUNCTION("""COMPUTED_VALUE"""),FALSE) -> FALSE | AA19: =IFERROR(__xludf.DUMMYFUNCTION("""COMPUTED_VALUE"""),45780.0) -> 45780 | AB19: =IFERROR(__xludf.DUMMYFUNCTION("""COMPUTED_VALUE"""),FALSE) -> FALSE | AC19: =IFERROR(__xludf.DUMMYFUNCTION("""COMPUTED_VALUE"""),45787.0) -> 45787 | AD19: =IFERROR(__xludf.DUMMYFUNCTION("""COMPUTED_VALUE"""),45787.0) -> 45787 | AI19: =IFERROR(__xludf.DUMMYFUNCTION("""COMPUTED_VALUE"""),"GA09601-JP") -> GA09601-JP | AJ19: =IFERROR(__xludf.DUMMYFUNCTION("""COMPUTED_VALUE"""),45793.0) -> 45793 | AK19: =IFERROR(__xludf.DUMMYFUNCTION("""COMPUTED_VALUE"""),45801.0) -> 45801 | AL19: =IFERROR(__xludf.DUMMYFUNCTION("""COMPUTED_VALUE"""),FALSE) -> FALSE | AM19: =IFERROR(__xludf.DUMMYFUNCTION("""COMPUTED_VALUE"""),FALSE) -> FALSE | AN19: =IFERROR(__xludf.DUMMYFUNCTION("""COMPUTED_VALUE"""),45801.0) -> 45801 | AO19: =IFERROR(__xludf.DUMMYFUNCTION("""COMPUTED_VALUE"""),FALSE) -> FALSE | AR19: =IFERROR(__xludf.DUMMYFUNCTION("""COMPUTED_VALUE"""),45801.0) -> 45801 | AV19: =IFERROR(__xludf.DUMMYFUNCTION("""COMPUTED_VALUE"""),45801.0) -> 45801 | AW19: =IFERROR(__xludf.DUMMYFUNCTION("""COMPUTED_VALUE"""),FALSE) -> FALSE | AZ19: =IFERROR(__xludf.DUMMYFUNCTION("""COMPUTED_VALUE"""),45827.0) -> 45827 | BA19: =IFERROR(__xludf.DUMMYFUNCTION("""COMPUTED_VALUE"""),FALSE) -> FALSE | BB19: =IFERROR(__xludf.DUMMYFUNCTION("""COMPUTED_VALUE"""),45827.0) -> 45827
A20: =MID(M20, FIND(CHAR(10), M20) + 1, LEN(M20) - FIND(CHAR(10), M20)) -> #VALUE! | B20: =MID(O20, FIND(CHAR(10), O20) + 1, LEN(O20) - FIND(CHAR(10), O20)) -> #VALUE! | C20: =IFERROR(__xludf.DUMMYFUNCTION("""COMPUTED_VALUE"""),"JP") -> JP | D20: =IFERROR(__xludf.DUMMYFUNCTION("""COMPUTED_VALUE"""),"MP") -> MP | E20: =IFERROR(__xludf.DUMMYFUNCTION("""COMPUTED_VALUE"""),"Pristine") -> Pristine | F20: =IFERROR(__xludf.DUMMYFUNCTION("""COMPUTED_VALUE"""),"GA10312-JP") -> GA10312-JP | G20: =IFERROR(__xludf.DUMMYFUNCTION("""COMPUTED_VALUE"""),"GN4F5") -> GN4F5 | H20: =IFERROR(__xludf.DUMMYFUNCTION("""COMPUTED_VALUE"""),8.40353925984E11) -> 840353925984 | I20: =IFERROR(__xludf.DUMMYFUNCTION("""COMPUTED_VALUE"""),"0840353925984") -> 0840353925984 | M20: =IFERROR(__xludf.DUMMYFUNCTION("""COMPUTED_VALUE"""),"G990-08529-21-02") -> G990-08529-21-02 | N20: =IFERROR(__xludf.DUMMYFUNCTION("""COMPUTED_VALUE"""),"N/A") -> N/A | O20: =IFERROR(__xludf.DUMMYFUNCTION("""COMPUTED_VALUE"""),"G990-08495-00-01") -> G990-08495-00-01 | P20: =IFERROR(__xludf.DUMMYFUNCTION("""COMPUTED_VALUE"""),"BOB→A Retail→A") -> BOB→A Retail→A | Q20: =IFERROR(__xludf.DUMMYFUNCTION("""COMPUTED_VALUE"""),"128GB") -> 128GB | R20: =IFERROR(__xludf.DUMMYFUNCTION("""COMPUTED_VALUE"""),"Porcelain") -> Porcelain | S20: =IFERROR(__xludf.DUMMYFUNCTION("""COMPUTED_VALUE"""),"Light Porcelain") -> Light Porcelain | T20: =IFERROR(__xludf.DUMMYFUNCTION("""COMPUTED_VALUE"""),"JP") -> JP | U20: =IFERROR(__xludf.DUMMYFUNCTION("""COMPUTED_VALUE"""),"SKU,CLR2, GOOD, SUB6, JP, BZ5") -> SKU,CLR2, GOOD, SUB6, JP, BZ5 | W20: =IFERROR(__xludf.DUMMYFUNCTION("""COMPUTED_VALUE"""),"#NUM!") -> #NUM! | X20: =IFERROR(__xludf.DUMMYFUNCTION("""COMPUTED_VALUE"""),45831.0) -> 45831 | Y20: =IFERROR(__xludf.DUMMYFUNCTION("""COMPUTED_VALUE"""),45780.0) -> 45780 | Z20: =IFERROR(__xludf.DUMMYFUNCTION("""COMPUTED_VALUE"""),FALSE) -> FALSE | AA20: =IFERROR(__xludf.DUMMYFUNCTION("""COMPUTED_VALUE"""),45780.0) -> 45780 | AB20: =IFERROR(__xludf.DUMMYFUNCTION("""COMPUTED_VALUE"""),FALSE) -> FALSE | AC20: =IFERROR(__xludf.DUMMYFUNCTION("""COMPUTED_VALUE"""),45787.0) -> 45787 | AD20: =IFERROR(__xludf.DUMMYFUNCTION("""COMPUTED_VALUE"""),45787.0) -> 45787 | AI20: =IFERROR(__xludf.DUMMYFUNCTION("""COMPUTED_VALUE"""),"GA10312-JP") -> GA10312-JP | AJ20: =IFERROR(__xludf.DUMMYFUNCTION("""COMPUTED_VALUE"""),45793.0) -> 45793 | AK20: =IFERROR(__xludf.DUMMYFUNCTION("""COMPUTED_VALUE"""),45801.0) -> 45801 | AL20: =IFERROR(__xludf.DUMMYFUNCTION("""COMPUTED_VALUE"""),FALSE) -> FALSE | AM20: =IFERROR(__xludf.DUMMYFUNCTION("""COMPUTED_VALUE"""),FALSE) -> FALSE | AN20: =IFERROR(__xludf.DUMMYFUNCTION("""COMPUTED_VALUE"""),45801.0) -> 45801 | AO20: =IFERROR(__xludf.DUMMYFUNCTION("""COMPUTED_VALUE"""),FALSE) -> FALSE | AR20: =IFERROR(__xludf.DUMMYFUNCTION("""COMPUTED_VALUE"""),45801.0) -> 45801 | AV20: =IFERROR(__xludf.DUMMYFUNCTION("""COMPUTED_VALUE"""),45801.0) -> 45801 | AW20: =IFERROR(__xludf.DUMMYFUNCTION("""COMPUTED_VALUE"""),FALSE) -> FALSE | AZ20: =IFERROR(__xludf.DUMMYFUNCTION("""COMPUTED_VALUE"""),45827.0) -> 45827 | BA20: =IFERROR(__xludf.DUMMYFUNCTION("""COMPUTED_VALUE"""),FALSE) -> FALSE | BB20: =IFERROR(__xludf.DUMMYFUNCTION("""COMPUTED_VALUE"""),45827.0) -> 45827
A21: =MID(M21, FIND(CHAR(10), M21) + 1, LEN(M21) - FIND(CHAR(10), M21)) -> #VALUE! | B21: =MID(O21, FIND(CHAR(10), O21) + 1, LEN(O21) - FIND(CHAR(10), O21)) -> #VALUE! | C21: =IFERROR(__xludf.DUMMYFUNCTION("""COMPUTED_VALUE"""),"JP") -> JP | D21: =IFERROR(__xludf.DUMMYFUNCTION("""COMPUTED_VALUE"""),"MP") -> MP | E21: =IFERROR(__xludf.DUMMYFUNCTION("""COMPUTED_VALUE"""),"Pristine") -> Pristine | F21: =IFERROR(__xludf.DUMMYFUNCTION("""COMPUTED_VALUE"""),"GA10313-JP") -> GA10313-JP | G21: =IFERROR(__xludf.DUMMYFUNCTION("""COMPUTED_VALUE"""),"GN4F5") -> GN4F5 | H21: =IFERROR(__xludf.DUMMYFUNCTION("""COMPUTED_VALUE"""),8.40353926004E11) -> 840353926004 | I21: =IFERROR(__xludf.DUMMYFUNCTION("""COMPUTED_VALUE"""),"0840353926004") -> 0840353926004 | M21: =IFERROR(__xludf.DUMMYFUNCTION("""COMPUTED_VALUE"""),"G990-08529-31-02") -> G990-08529-31-02 | N21: =IFERROR(__xludf.DUMMYFUNCTION("""COMPUTED_VALUE"""),"N/A") -> N/A | O21: =IFERROR(__xludf.DUMMYFUNCTION("""COMPUTED_VALUE"""),"G990-08495-00-01") -> G990-08495-00-01 | P21: =IFERROR(__xludf.DUMMYFUNCTION("""COMPUTED_VALUE"""),"BOB→A Retail→A") -> BOB→A Retail→A | Q21: =IFERROR(__xludf.DUMMYFUNCTION("""COMPUTED_VALUE"""),"128GB") -> 128GB | R21: =IFERROR(__xludf.DUMMYFUNCTION("""COMPUTED_VALUE"""),"Moonstone") -> Moonstone | S21: =IFERROR(__xludf.DUMMYFUNCTION("""COMPUTED_VALUE"""),"Sterling") -> Sterling | T21: =IFERROR(__xludf.DUMMYFUNCTION("""COMPUTED_VALUE"""),"JP") -> JP | U21: =IFERROR(__xludf.DUMMYFUNCTION("""COMPUTED_VALUE"""),"SKU,CLR3, GOOD, SUB6, JP, BZ5") -> SKU,CLR3, GOOD, SUB6, JP, BZ5 | W21: =IFERROR(__xludf.DUMMYFUNCTION("""COMPUTED_VALUE"""),"#NUM!") -> #NUM! | X21: =IFERROR(__xludf.DUMMYFUNCTION("""COMPUTED_VALUE"""),45831.0) -> 45831 | Y21: =IFERROR(__xludf.DUMMYFUNCTION("""COMPUTED_VALUE"""),45780.0) -> 45780 | Z21: =IFERROR(__xludf.DUMMYFUNCTION("""COMPUTED_VALUE"""),FALSE) -> FALSE | AA21: =IFERROR(__xludf.DUMMYFUNCTION("""COMPUTED_VALUE"""),45780.0) -> 45780 | AB21: =IFERROR(__xludf.DUMMYFUNCTION("""COMPUTED_VALUE"""),FALSE) -> FALSE | AC21: =IFERROR(__xludf.DUMMYFUNCTION("""COMPUTED_VALUE"""),45787.0) -> 45787 | AD21: =IFERROR(__xludf.DUMMYFUNCTION("""COMPUTED_VALUE"""),45787.0) -> 45787 | AI21: =IFERROR(__xludf.DUMMYFUNCTION("""COMPUTED_VALUE"""),"GA10313-JP") -> GA10313-JP | AJ21: =IFERROR(__xludf.DUMMYFUNCTION("""COMPUTED_VALUE"""),45793.0) -> 45793 | AK21: =IFERROR(__xludf.DUMMYFUNCTION("""COMPUTED_VALUE"""),45801.0) -> 45801 | AL21: =IFERROR(__xludf.DUMMYFUNCTION("""COMPUTED_VALUE"""),FALSE) -> FALSE | AM21: =IFERROR(__xludf.DUMMYFUNCTION("""COMPUTED_VALUE"""),FALSE) -> FALSE | AN21: =IFERROR(__xludf.DUMMYFUNCTION("""COMPUTED_VALUE"""),45801.0) -> 45801 | AO21: =IFERROR(__xludf.DUMMYFUNCTION("""COMPUTED_VALUE"""),FALSE) -> FALSE | AR21: =IFERROR(__xludf.DUMMYFUNCTION("""COMPUTED_VALUE"""),45801.0) -> 45801 | AV21: =IFERROR(__xludf.DUMMYFUNCTION("""COMPUTED_VALUE"""),45801.0) -> 45801 | AW21: =IFERROR(__xludf.DUMMYFUNCTION("""COMPUTED_VALUE"""),FALSE) -> FALSE | AZ21: =IFERROR(__xludf.DUMMYFUNCTION("""COMPUTED_VALUE"""),45827.0) -> 45827 | BA21: =IFERROR(__xludf.DUMMYFUNCTION("""COMPUTED_VALUE"""),FALSE) -> FALSE | BB21: =IFERROR(__xludf.DUMMYFUNCTION("""COMPUTED_VALUE"""),45827.0) -> 45827
A22: =MID(M22, FIND(CHAR(10), M22) + 1, LEN(M22) - FIND(CHAR(10), M22)) -> G990-08529-12-B | B22: =MID(O22, FIND(CHAR(10), O22) + 1, LEN(O22) - FIND(CHAR(10), O22)) -> G990-08495-00-A | C22: =IFERROR(__xludf.DUMMYFUNCTION("""COMPUTED_VALUE"""),"JP") -> JP | D22: =IFERROR(__xludf.DUMMYFUNCTION("""COMPUTED_VALUE"""),"MP") -> MP | E22: =IFERROR(__xludf.DUMMYFUNCTION("""COMPUTED_VALUE"""),"Pristine") -> Pristine | F22: =IFERROR(__xludf.DUMMYFUNCTION("""COMPUTED_VALUE"""),"GA09900-JP") -> GA09900-JP | G22: =IFERROR(__xludf.DUMMYFUNCTION("""COMPUTED_VALUE"""),"GN4F5") -> GN4F5 | H22: =IFERROR(__xludf.DUMMYFUNCTION("""COMPUTED_VALUE"""),8.4035392541E11) -> 840353925410 | I22: =IFERROR(__xludf.DUMMYFUNCTION("""COMPUTED_VALUE"""),"0840353925410") -> 0840353925410 | K22: =IFERROR(__xludf.DUMMYFUNCTION("""COMPUTED_VALUE"""),"ROW Master Carton Label (UPC)") -> ROW Master Carton Label (UPC) | L22: =IFERROR(__xludf.DUMMYFUNCTION("""COMPUTED_VALUE"""),"Standard Pallet Label -> BTO(EDI) Standard Pallet Label -> BTS(Normal case)") -> Standard Pallet Label -> BTO(EDI) Standard Pallet Label -> BTS(Normal case) | M22: =IFERROR(__xludf.DUMMYFUNCTION("""COMPUTED_VALUE"""),"G990-08529-12-02 G990-08529-12-B") -> G990-08529-12-02 G990-08529-12-B | N22: =IFERROR(__xludf.DUMMYFUNCTION("""COMPUTED_VALUE"""),"N/A") -> N/A | O22: =IFERROR(__xludf.DUMMYFUNCTION("""COMPUTED_VALUE"""),"G990-08495-00-01 G990-08495-00-A") -> G990-08495-00-01 G990-08495-00-A | P22: =IFERROR(__xludf.DUMMYFUNCTION("""COMPUTED_VALUE"""),"BOB→B Retail→A") -> BOB→B Retail→A | Q22: =IFERROR(__xludf.DUMMYFUNCTION("""COMPUTED_VALUE"""),"256GB") -> 256GB | R22: =IFERROR(__xludf.DUMMYFUNCTION("""COMPUTED_VALUE"""),"Obsidian") -> Obsidian | S22: =IFERROR(__xludf.DUMMYFUNCTION("""COMPUTED_VALUE"""),"Midnight") -> Midnight | T22: =IFERROR(__xludf.DUMMYFUNCTION("""COMPUTED_VALUE"""),"JP") -> JP | U22: =IFERROR(__xludf.DUMMYFUNCTION("""COMPUTED_VALUE"""),"SKU,CLR1, BETTER, SUB6, JP, BZ5") -> SKU,CLR1, BETTER, SUB6, JP, BZ5 | W22: =IFERROR(__xludf.DUMMYFUNCTION("""COMPUTED_VALUE"""),"#NUM!") -> #NUM! | X22: =IFERROR(__xludf.DUMMYFUNCTION("""COMPUTED_VALUE"""),45831.0) -> 45831 | Y22: =IFERROR(__xludf.DUMMYFUNCTION("""COMPUTED_VALUE"""),45780.0) -> 45780 | Z22: =IFERROR(__xludf.DUMMYFUNCTION("""COMPUTED_VALUE"""),TRUE) -> TRUE | AA22: =IFERROR(__xludf.DUMMYFUNCTION("""COMPUTED_VALUE"""),45780.0) -> 45780 | AB22: =IFERROR(__xludf.DUMMYFUNCTION("""COMPUTED_VALUE"""),FALSE) -> FALSE | AC22: =IFERROR(__xludf.DUMMYFUNCTION("""COMPUTED_VALUE"""),45787.0) -> 45787 | AD22: =IFERROR(__xludf.DUMMYFUNCTION("""COMPUTED_VALUE"""),45787.0) -> 45787 | AE22: =IFERROR(__xludf.DUMMYFUNCTION("""COMPUTED_VALUE"""),"GA09900-JP GA09900-JP RevA") -> GA09900-JP GA09900-JP RevA | AG22: =IFERROR(__xludf.DUMMYFUNCTION("""COMPUTED_VALUE"""),"GA09900-JP") -> GA09900-JP | AH22: =IFERROR(__xludf.DUMMYFUNCTION("""COMPUTED_VALUE"""),"GA09900-JP GA09900-JP RevA") -> GA09900-JP GA09900-JP RevA | AI22: =IFERROR(__xludf.DUMMYFUNCTION("""COMPUTED_VALUE"""),"GA09900-JP") -> GA09900-JP | AJ22: =IFERROR(__xludf.DUMMYFUNCTION("""COMPUTED_VALUE"""),45793.0) -> 45793 | AK22: =IFERROR(__xludf.DUMMYFUNCTION("""COMPUTED_VALUE"""),45801.0) -> 45801 | AL22: =IFERROR(__xludf.DUMMYFUNCTION("""COMPUTED_VALUE"""),TRUE) -> TRUE | AM22: =IFERROR(__xludf.DUMMYFUNCTION("""COMPUTED_VALUE"""),TRUE) -> TRUE | AN22: =IFERROR(__xludf.DUMMYFUNCTION("""COMPUTED_VALUE"""),45801.0) -> 45801 | AO22: =IFERROR(__xludf.DUMMYFUNCTION("""COMPUTED_VALUE"""),TRUE) -> TRUE | AP22: =IFERROR(__xludf.DUMMYFUNCTION("""COMPUTED_VALUE"""),"N") -> N | AR22: =IFERROR(__xludf.DUMMYFUNCTION("""COMPUTED_VALUE"""),45801.0) -> 45801 | AS22: =IFERROR(__xludf.DUMMYFUNCTION("""COMPUTED_VALUE"""),FALSE) -> FALSE | AV22: =IFERROR(__xludf.DUMMYFUNCTION("""COMPUTED_VALUE"""),45801.0) -> 45801 | AW22: =IFERROR(__xludf.DUMMYFUNCTION("""COMPUTED_VALUE"""),TRUE) -> TRUE | AX22: =IFERROR(__xludf.DUMMYFUNCTION("""COMPUTED_VALUE"""),"N") -> N | AZ22: =IFERROR(__xludf.DUMMYFUNCTION("""COMPUTED_VALUE"""),45827.0) -> 45827 | BA22: =IFERROR(__xludf.DUMMYFUNCTION("""COMPUTED_VALUE"""),FALSE) -> FALSE | BB22: =IFERROR(__xludf.DUMMYFUNCTION("""COMPUTED_VALUE"""),45827.0) -> 45827
A23: =MID(M23, FIND(CHAR(10), M23) + 1, LEN(M23) - FIND(CHAR(10), M23)) -> G990-08529-22-B | B23: =MID(O23, FIND(CHAR(10), O23) + 1, LEN(O23) - FIND(CHAR(10), O23)) -> G990-08495-00-A | C23: =IFERROR(__xludf.DUMMYFUNCTION("""COMPUTED_VALUE"""),"JP") -> JP | D23: =IFERROR(__xludf.DUMMYFUNCTION("""COMPUTED_VALUE"""),"MP") -> MP | E23: =IFERROR(__xludf.DUMMYFUNCTION("""COMPUTED_VALUE"""),"Pristine") -> Pristine | F23: =IFERROR(__xludf.DUMMYFUNCTION("""COMPUTED_VALUE"""),"GA10314-JP") -> GA10314-JP | G23: =IFERROR(__xludf.DUMMYFUNCTION("""COMPUTED_VALUE"""),"GN4F5") -> GN4F5 | H23: =IFERROR(__xludf.DUMMYFUNCTION("""COMPUTED_VALUE"""),8.40353925489E11) -> 840353925489 | I23: =IFERROR(__xludf.DUMMYFUNCTION("""COMPUTED_VALUE"""),"0840353925489") -> 0840353925489 | K23: =IFERROR(__xludf.DUMMYFUNCTION("""COMPUTED_VALUE"""),"ROW Master Carton Label (UPC)") -> ROW Master Carton Label (UPC) | L23: =IFERROR(__xludf.DUMMYFUNCTION("""COMPUTED_VALUE"""),"Standard Pallet Label -> BTO(EDI) Standard Pallet Label -> BTS(Normal case)") -> Standard Pallet Label -> BTO(EDI) Standard Pallet Label -> BTS(Normal case) | M23: =IFERROR(__xludf.DUMMYFUNCTION("""COMPUTED_VALUE"""),"G990-08529-22-02 G990-08529-22-B") -> G990-08529-22-02 G990-08529-22-B | N23: =IFERROR(__xludf.DUMMYFUNCTION("""COMPUTED_VALUE"""),"N/A") -> N/A | O23: =IFERROR(__xludf.DUMMYFUNCTION("""COMPUTED_VALUE"""),"G990-08495-00-01 G990-08495-00-A") -> G990-08495-00-01 G990-08495-00-A | P23: =IFERROR(__xludf.DUMMYFUNCTION("""COMPUTED_VALUE"""),"BOB→B Retail→A") -> BOB→B Retail→A | Q23: =IFERROR(__xludf.DUMMYFUNCTION("""COMPUTED_VALUE"""),"256GB") -> 256GB | R23: =IFERROR(__xludf.DUMMYFUNCTION("""COMPUTED_VALUE"""),"Porcelain") -> Porcelain | S23: =IFERROR(__xludf.DUMMYFUNCTION("""COMPUTED_VALUE"""),"Light Porcelain") -> Light Porcelain | T23: =IFERROR(__xludf.DUMMYFUNCTION("""COMPUTED_VALUE"""),"JP") -> JP | U23: =IFERROR(__xludf.DUMMYFUNCTION("""COMPUTED_VALUE"""),"SKU,CLR2, BETTER, SUB6, JP, BZ5") -> SKU,CLR2, BETTER, SUB6, JP, BZ5 | W23: =IFERROR(__xludf.DUMMYFUNCTION("""COMPUTED_VALUE"""),"#NUM!") -> #NUM! | X23: =IFERROR(__xludf.DUMMYFUNCTION("""COMPUTED_VALUE"""),45831.0) -> 45831 | Y23: =IFERROR(__xludf.DUMMYFUNCTION("""COMPUTED_VALUE"""),45780.0) -> 45780 | Z23: =IFERROR(__xludf.DUMMYFUNCTION("""COMPUTED_VALUE"""),TRUE) -> TRUE | AA23: =IFERROR(__xludf.DUMMYFUNCTION("""COMPUTED_VALUE"""),45780.0) -> 45780 | AB23: =IFERROR(__xludf.DUMMYFUNCTION("""COMPUTED_VALUE"""),FALSE) -> FALSE | AC23: =IFERROR(__xludf.DUMMYFUNCTION("""COMPUTED_VALUE"""),45787.0) -> 45787 | AD23: =IFERROR(__xludf.DUMMYFUNCTION("""COMPUTED_VALUE"""),45787.0) -> 45787 | AE23: =IFERROR(__xludf.DUMMYFUNCTION("""COMPUTED_VALUE"""),"GA10314-JP GA10314-JP RevA") -> GA10314-JP GA10314-JP RevA | AG23: =IFERROR(__xludf.DUMMYFUNCTION("""COMPUTED_VALUE"""),"GA10314-JP") -> GA10314-JP | AH23: =IFERROR(__xludf.DUMMYFUNCTION("""COMPUTED_VALUE"""),"GA10314-JP GA10314-JP RevB") -> GA10314-JP GA10314-JP RevB | AI23: =IFERROR(__xludf.DUMMYFUNCTION("""COMPUTED_VALUE"""),"GA10314-JP") -> GA10314-JP | AJ23: =IFERROR(__xludf.DUMMYFUNCTION("""COMPUTED_VALUE"""),45793.0) -> 45793 | AK23: =IFERROR(__xludf.DUMMYFUNCTION("""COMPUTED_VALUE"""),45801.0) -> 45801 | AL23: =IFERROR(__xludf.DUMMYFUNCTION("""COMPUTED_VALUE"""),TRUE) -> TRUE | AM23: =IFERROR(__xludf.DUMMYFUNCTION("""COMPUTED_VALUE"""),TRUE) -> TRUE | AN23: =IFERROR(__xludf.DUMMYFUNCTION("""COMPUTED_VALUE"""),45801.0) -> 45801 | AO23: =IFERROR(__xludf.DUMMYFUNCTION("""COMPUTED_VALUE"""),TRUE) -> TRUE | AP23: =IFERROR(__xludf.DUMMYFUNCTION("""COMPUTED_VALUE"""),"N") -> N | AR23: =IFERROR(__xludf.DUMMYFUNCTION("""COMPUTED_VALUE"""),45801.0) -> 45801 | AS23: =IFERROR(__xludf.DUMMYFUNCTION("""COMPUTED_VALUE"""),FALSE) -> FALSE | AV23: =IFERROR(__xludf.DUMMYFUNCTION("""COMPUTED_VALUE"""),45801.0) -> 45801 | AW23: =IFERROR(__xludf.DUMMYFUNCTION("""COMPUTED_VALUE"""),TRUE) -> TRUE | AX23: =IFERROR(__xludf.DUMMYFUNCTION("""COMPUTED_VALUE"""),"N") -> N | AZ23: =IFERROR(__xludf.DUMMYFUNCTION("""COMPUTED_VALUE"""),45827.0) -> 45827 | BA23: =IFERROR(__xludf.DUMMYFUNCTION("""COMPUTED_VALUE"""),FALSE) -> FALSE | BB23: =IFERROR(__xludf.DUMMYFUNCTION("""COMPUTED_VALUE"""),45827.0) -> 45827
A24: =MID(M24, FIND(CHAR(10), M24) + 1, LEN(M24) - FIND(CHAR(10), M24)) -> G990-08529-32-B | B24: =MID(O24, FIND(CHAR(10), O24) + 1, LEN(O24) - FIND(CHAR(10), O24)) -> G990-08495-00-A | C24: =IFERROR(__xludf.DUMMYFUNCTION("""COMPUTED_VALUE"""),"JP") -> JP | D24: =IFERROR(__xludf.DUMMYFUNCTION("""COMPUTED_VALUE"""),"MP") -> MP | E24: =IFERROR(__xludf.DUMMYFUNCTION("""COMPUTED_VALUE"""),"Pristine") -> Pristine | F24: =IFERROR(__xludf.DUMMYFUNCTION("""COMPUTED_VALUE"""),"GA10315-JP") -> GA10315-JP | G24: =IFERROR(__xludf.DUMMYFUNCTION("""COMPUTED_VALUE"""),"GN4F5") -> GN4F5 | H24: =IFERROR(__xludf.DUMMYFUNCTION("""COMPUTED_VALUE"""),8.40353925519E11) -> 840353925519 | I24: =IFERROR(__xludf.DUMMYFUNCTION("""COMPUTED_VALUE"""),"0840353925519") -> 0840353925519 | K24: =IFERROR(__xludf.DUMMYFUNCTION("""COMPUTED_VALUE"""),"ROW Master Carton Label (UPC)") -> ROW Master Carton Label (UPC) | L24: =IFERROR(__xludf.DUMMYFUNCTION("""COMPUTED_VALUE"""),"Standard Pallet Label -> BTO(EDI) Standard Pallet Label -> BTS(Normal case)") -> Standard Pallet Label -> BTO(EDI) Standard Pallet Label -> BTS(Normal case) | M24: =IFERROR(__xludf.DUMMYFUNCTION("""COMPUTED_VALUE"""),"G990-08529-32-02 G990-08529-32-B") -> G990-08529-32-02 G990-08529-32-B | N24: =IFERROR(__xludf.DUMMYFUNCTION("""COMPUTED_VALUE"""),"N/A") -> N/A | O24: =IFERROR(__xludf.DUMMYFUNCTION("""COMPUTED_VALUE"""),"G990-08495-00-01 G990-08495-00-A") -> G990-08495-00-01 G990-08495-00-A | P24: =IFERROR(__xludf.DUMMYFUNCTION("""COMPUTED_VALUE"""),"BOB→B Retail→A") -> BOB→B Retail→A | Q24: =IFERROR(__xludf.DUMMYFUNCTION("""COMPUTED_VALUE"""),"256GB") -> 256GB | R24: =IFERROR(__xludf.DUMMYFUNCTION("""COMPUTED_VALUE"""),"Moonstone") -> Moonstone | S24: =IFERROR(__xludf.DUMMYFUNCTION("""COMPUTED_VALUE"""),"Sterling") -> Sterling | T24: =IFERROR(__xludf.DUMMYFUNCTION("""COMPUTED_VALUE"""),"JP") -> JP | U24: =IFERROR(__xludf.DUMMYFUNCTION("""COMPUTED_VALUE"""),"SKU,CLR3, BETTER, SUB6, JP, BZ5") -> SKU,CLR3, BETTER, SUB6, JP, BZ5 | W24: =IFERROR(__xludf.DUMMYFUNCTION("""COMPUTED_VALUE"""),"#NUM!") -> #NUM! | X24: =IFERROR(__xludf.DUMMYFUNCTION("""COMPUTED_VALUE"""),45831.0) -> 45831 | Y24: =IFERROR(__xludf.DUMMYFUNCTION("""COMPUTED_VALUE"""),45780.0) -> 45780 | Z24: =IFERROR(__xludf.DUMMYFUNCTION("""COMPUTED_VALUE"""),TRUE) -> TRUE | AA24: =IFERROR(__xludf.DUMMYFUNCTION("""COMPUTED_VALUE"""),45780.0) -> 45780 | AB24: =IFERROR(__xludf.DUMMYFUNCTION("""COMPUTED_VALUE"""),FALSE) -> FALSE | AC24: =IFERROR(__xludf.DUMMYFUNCTION("""COMPUTED_VALUE"""),45787.0) -> 45787 | AD24: =IFERROR(__xludf.DUMMYFUNCTION("""COMPUTED_VALUE"""),45787.0) -> 45787 | AE24: =IFERROR(__xludf.DUMMYFUNCTION("""COMPUTED_VALUE"""),"GA10315-JP GA10315-JP RevA") -> GA10315-JP GA10315-JP RevA | AG24: =IFERROR(__xludf.DUMMYFUNCTION("""COMPUTED_VALUE"""),"GA10315-JP") -> GA10315-JP | AH24: =IFERROR(__xludf.DUMMYFUNCTION("""COMPUTED_VALUE"""),"GA10315-JP GA10315-JP RevB") -> GA10315-JP GA10315-JP RevB | AI24: =IFERROR(__xludf.DUMMYFUNCTION("""COMPUTED_VALUE"""),"GA10315-JP") -> GA10315-JP | AJ24: =IFERROR(__xludf.DUMMYFUNCTION("""COMPUTED_VALUE"""),45793.0) -> 45793 | AK24: =IFERROR(__xludf.DUMMYFUNCTION("""COMPUTED_VALUE"""),45801.0) -> 45801 | AL24: =IFERROR(__xludf.DUMMYFUNCTION("""COMPUTED_VALUE"""),TRUE) -> TRUE | AM24: =IFERROR(__xludf.DUMMYFUNCTION("""COMPUTED_VALUE"""),TRUE) -> TRUE | AN24: =IFERROR(__xludf.DUMMYFUNCTION("""COMPUTED_VALUE"""),45801.0) -> 45801 | AO24: =IFERROR(__xludf.DUMMYFUNCTION("""COMPUTED_VALUE"""),TRUE) -> TRUE | AP24: =IFERROR(__xludf.DUMMYFUNCTION("""COMPUTED_VALUE"""),"N") -> N | AR24: =IFERROR(__xludf.DUMMYFUNCTION("""COMPUTED_VALUE"""),45801.0) -> 45801 | AS24: =IFERROR(__xludf.DUMMYFUNCTION("""COMPUTED_VALUE"""),FALSE) -> FALSE | AV24: =IFERROR(__xludf.DUMMYFUNCTION("""COMPUTED_VALUE"""),45801.0) -> 45801 | AW24: =IFERROR(__xludf.DUMMYFUNCTION("""COMPUTED_VALUE"""),TRUE) -> TRUE | AX24: =IFERROR(__xludf.DUMMYFUNCTION("""COMPUTED_VALUE"""),"N") -> N | AZ24: =IFERROR(__xludf.DUMMYFUNCTION("""COMPUTED_VALUE"""),45827.0) -> 45827 | BA24: =IFERROR(__xludf.DUMMYFUNCTION("""COMPUTED_VALUE"""),FALSE) -> FALSE | BB24: =IFERROR(__xludf.DUMMYFUNCTION("""COMPUTED_VALUE"""),45827.0) -> 45827
